stack,cycle_label,cycles,condition,current_density_A_cm2,file,sheet,sheet_label,figure
Stack1,0_AfterBreakIn,0,1,0.3,data\Stack1\EIS\0_AfterBreakIn\Real_Ageing_EIS-1-0_3.xlsx,Sheet1,Whole Stack,results\figures\eis\individual\Stack1\Whole_Stack\0.3Acm2\0_AfterBreakIn_condition_1_Real_Ageing_EIS-1-0_3.png
Stack1,0_AfterBreakIn,0,1,0.3,data\Stack1\EIS\0_AfterBreakIn\Real_Ageing_EIS-1-0_3.xlsx,Sheet2,Cell 01,results\figures\eis\individual\Stack1\Cell_01\0.3Acm2\0_AfterBreakIn_condition_1_Real_Ageing_EIS-1-0_3.png
Stack1,0_AfterBreakIn,0,1,0.3,data\Stack1\EIS\0_AfterBreakIn\Real_Ageing_EIS-1-0_3.xlsx,Sheet3,Cell 03,results\figures\eis\individual\Stack1\Cell_03\0.3Acm2\0_AfterBreakIn_condition_1_Real_Ageing_EIS-1-0_3.png
Stack1,0_AfterBreakIn,0,1,0.3,data\Stack1\EIS\0_AfterBreakIn\Real_Ageing_EIS-1-0_3.xlsx,Sheet4,Cell 05,results\figures\eis\individual\Stack1\Cell_05\0.3Acm2\0_AfterBreakIn_condition_1_Real_Ageing_EIS-1-0_3.png
Stack1,0_AfterBreakIn,0,1,0.3,data\Stack1\EIS\0_AfterBreakIn\Real_Ageing_EIS-1-0_3.xlsx,Sheet5,Cell 10,results\figures\eis\individual\Stack1\Cell_10\0.3Acm2\0_AfterBreakIn_condition_1_Real_Ageing_EIS-1-0_3.png
Stack1,0_AfterBreakIn,0,1,0.3,data\Stack1\EIS\0_AfterBreakIn\Real_Ageing_EIS-1-0_3.xlsx,Sheet6,Cell 15,results\figures\eis\individual\Stack1\Cell_15\0.3Acm2\0_AfterBreakIn_condition_1_Real_Ageing_EIS-1-0_3.png
Stack1,0_AfterBreakIn,0,1,0.3,data\Stack1\EIS\0_AfterBreakIn\Real_Ageing_EIS-1-0_3.xlsx,Sheet7,Cell 20,results\figures\eis\individual\Stack1\Cell_20\0.3Acm2\0_AfterBreakIn_condition_1_Real_Ageing_EIS-1-0_3.png
Stack1,0_AfterBreakIn,0,1,0.3,data\Stack1\EIS\0_AfterBreakIn\Real_Ageing_EIS-1-0_3.xlsx,Sheet8,Cell 22,results\figures\eis\individual\Stack1\Cell_22\0.3Acm2\0_AfterBreakIn_condition_1_Real_Ageing_EIS-1-0_3.png
Stack1,0_AfterBreakIn,0,1,0.3,data\Stack1\EIS\0_AfterBreakIn\Real_Ageing_EIS-1-0_3.xlsx,Sheet9,Cell 24,results\figures\eis\individual\Stack1\Cell_24\0.3Acm2\0_AfterBreakIn_condition_1_Real_Ageing_EIS-1-0_3.png
Stack1,0_AfterBreakIn,0,1,0.7,data\Stack1\EIS\0_AfterBreakIn\Real_Ageing_EIS-1-0_7.xlsx,Sheet1,Whole Stack,results\figures\eis\individual\Stack1\Whole_Stack\0.7Acm2\0_AfterBreakIn_condition_1_Real_Ageing_EIS-1-0_7.png
Stack1,0_AfterBreakIn,0,1,0.7,data\Stack1\EIS\0_AfterBreakIn\Real_Ageing_EIS-1-0_7.xlsx,Sheet2,Cell 01,results\figures\eis\individual\Stack1\Cell_01\0.7Acm2\0_AfterBreakIn_condition_1_Real_Ageing_EIS-1-0_7.png
Stack1,0_AfterBreakIn,0,1,0.7,data\Stack1\EIS\0_AfterBreakIn\Real_Ageing_EIS-1-0_7.xlsx,Sheet3,Cell 03,results\figures\eis\individual\Stack1\Cell_03\0.7Acm2\0_AfterBreakIn_condition_1_Real_Ageing_EIS-1-0_7.png
Stack1,0_AfterBreakIn,0,1,0.7,data\Stack1\EIS\0_AfterBreakIn\Real_Ageing_EIS-1-0_7.xlsx,Sheet4,Cell 05,results\figures\eis\individual\Stack1\Cell_05\0.7Acm2\0_AfterBreakIn_condition_1_Real_Ageing_EIS-1-0_7.png
Stack1,0_AfterBreakIn,0,1,0.7,data\Stack1\EIS\0_AfterBreakIn\Real_Ageing_EIS-1-0_7.xlsx,Sheet5,Cell 10,results\figures\eis\individual\Stack1\Cell_10\0.7Acm2\0_AfterBreakIn_condition_1_Real_Ageing_EIS-1-0_7.png
Stack1,0_AfterBreakIn,0,1,0.7,data\Stack1\EIS\0_AfterBreakIn\Real_Ageing_EIS-1-0_7.xlsx,Sheet6,Cell 15,results\figures\eis\individual\Stack1\Cell_15\0.7Acm2\0_AfterBreakIn_condition_1_Real_Ageing_EIS-1-0_7.png
Stack1,0_AfterBreakIn,0,1,0.7,data\Stack1\EIS\0_AfterBreakIn\Real_Ageing_EIS-1-0_7.xlsx,Sheet7,Cell 20,results\figures\eis\individual\Stack1\Cell_20\0.7Acm2\0_AfterBreakIn_condition_1_Real_Ageing_EIS-1-0_7.png
Stack1,0_AfterBreakIn,0,1,0.7,data\Stack1\EIS\0_AfterBreakIn\Real_Ageing_EIS-1-0_7.xlsx,Sheet8,Cell 22,results\figures\eis\individual\Stack1\Cell_22\0.7Acm2\0_AfterBreakIn_condition_1_Real_Ageing_EIS-1-0_7.png
Stack1,0_AfterBreakIn,0,1,0.7,data\Stack1\EIS\0_AfterBreakIn\Real_Ageing_EIS-1-0_7.xlsx,Sheet9,Cell 24,results\figures\eis\individual\Stack1\Cell_24\0.7Acm2\0_AfterBreakIn_condition_1_Real_Ageing_EIS-1-0_7.png
Stack1,0_AfterBreakIn,0,2,0.3,data\Stack1\EIS\0_AfterBreakIn\Real_Ageing_EIS-2-0_3.xlsx,Sheet1,Whole Stack,results\figures\eis\individual\Stack1\Whole_Stack\0.3Acm2\0_AfterBreakIn_condition_2_Real_Ageing_EIS-2-0_3.png
Stack1,0_AfterBreakIn,0,2,0.3,data\Stack1\EIS\0_AfterBreakIn\Real_Ageing_EIS-2-0_3.xlsx,Sheet2,Cell 01,results\figures\eis\individual\Stack1\Cell_01\0.3Acm2\0_AfterBreakIn_condition_2_Real_Ageing_EIS-2-0_3.png
Stack1,0_AfterBreakIn,0,2,0.3,data\Stack1\EIS\0_AfterBreakIn\Real_Ageing_EIS-2-0_3.xlsx,Sheet3,Cell 03,results\figures\eis\individual\Stack1\Cell_03\0.3Acm2\0_AfterBreakIn_condition_2_Real_Ageing_EIS-2-0_3.png
Stack1,0_AfterBreakIn,0,2,0.3,data\Stack1\EIS\0_AfterBreakIn\Real_Ageing_EIS-2-0_3.xlsx,Sheet4,Cell 05,results\figures\eis\individual\Stack1\Cell_05\0.3Acm2\0_AfterBreakIn_condition_2_Real_Ageing_EIS-2-0_3.png
Stack1,0_AfterBreakIn,0,2,0.3,data\Stack1\EIS\0_AfterBreakIn\Real_Ageing_EIS-2-0_3.xlsx,Sheet5,Cell 10,results\figures\eis\individual\Stack1\Cell_10\0.3Acm2\0_AfterBreakIn_condition_2_Real_Ageing_EIS-2-0_3.png
Stack1,0_AfterBreakIn,0,2,0.3,data\Stack1\EIS\0_AfterBreakIn\Real_Ageing_EIS-2-0_3.xlsx,Sheet6,Cell 15,results\figures\eis\individual\Stack1\Cell_15\0.3Acm2\0_AfterBreakIn_condition_2_Real_Ageing_EIS-2-0_3.png
Stack1,0_AfterBreakIn,0,2,0.3,data\Stack1\EIS\0_AfterBreakIn\Real_Ageing_EIS-2-0_3.xlsx,Sheet7,Cell 20,results\figures\eis\individual\Stack1\Cell_20\0.3Acm2\0_AfterBreakIn_condition_2_Real_Ageing_EIS-2-0_3.png
Stack1,0_AfterBreakIn,0,2,0.3,data\Stack1\EIS\0_AfterBreakIn\Real_Ageing_EIS-2-0_3.xlsx,Sheet8,Cell 22,results\figures\eis\individual\Stack1\Cell_22\0.3Acm2\0_AfterBreakIn_condition_2_Real_Ageing_EIS-2-0_3.png
Stack1,0_AfterBreakIn,0,2,0.3,data\Stack1\EIS\0_AfterBreakIn\Real_Ageing_EIS-2-0_3.xlsx,Sheet9,Cell 24,results\figures\eis\individual\Stack1\Cell_24\0.3Acm2\0_AfterBreakIn_condition_2_Real_Ageing_EIS-2-0_3.png
Stack1,0_AfterBreakIn,0,2,0.7,data\Stack1\EIS\0_AfterBreakIn\Real_Ageing_EIS-2-0_7.xlsx,Sheet1,Whole Stack,results\figures\eis\individual\Stack1\Whole_Stack\0.7Acm2\0_AfterBreakIn_condition_2_Real_Ageing_EIS-2-0_7.png
Stack1,0_AfterBreakIn,0,2,0.7,data\Stack1\EIS\0_AfterBreakIn\Real_Ageing_EIS-2-0_7.xlsx,Sheet2,Cell 01,results\figures\eis\individual\Stack1\Cell_01\0.7Acm2\0_AfterBreakIn_condition_2_Real_Ageing_EIS-2-0_7.png
Stack1,0_AfterBreakIn,0,2,0.7,data\Stack1\EIS\0_AfterBreakIn\Real_Ageing_EIS-2-0_7.xlsx,Sheet3,Cell 03,results\figures\eis\individual\Stack1\Cell_03\0.7Acm2\0_AfterBreakIn_condition_2_Real_Ageing_EIS-2-0_7.png
Stack1,0_AfterBreakIn,0,2,0.7,data\Stack1\EIS\0_AfterBreakIn\Real_Ageing_EIS-2-0_7.xlsx,Sheet4,Cell 05,results\figures\eis\individual\Stack1\Cell_05\0.7Acm2\0_AfterBreakIn_condition_2_Real_Ageing_EIS-2-0_7.png
Stack1,0_AfterBreakIn,0,2,0.7,data\Stack1\EIS\0_AfterBreakIn\Real_Ageing_EIS-2-0_7.xlsx,Sheet5,Cell 10,results\figures\eis\individual\Stack1\Cell_10\0.7Acm2\0_AfterBreakIn_condition_2_Real_Ageing_EIS-2-0_7.png
Stack1,0_AfterBreakIn,0,2,0.7,data\Stack1\EIS\0_AfterBreakIn\Real_Ageing_EIS-2-0_7.xlsx,Sheet6,Cell 15,results\figures\eis\individual\Stack1\Cell_15\0.7Acm2\0_AfterBreakIn_condition_2_Real_Ageing_EIS-2-0_7.png
Stack1,0_AfterBreakIn,0,2,0.7,data\Stack1\EIS\0_AfterBreakIn\Real_Ageing_EIS-2-0_7.xlsx,Sheet7,Cell 20,results\figures\eis\individual\Stack1\Cell_20\0.7Acm2\0_AfterBreakIn_condition_2_Real_Ageing_EIS-2-0_7.png
Stack1,0_AfterBreakIn,0,2,0.7,data\Stack1\EIS\0_AfterBreakIn\Real_Ageing_EIS-2-0_7.xlsx,Sheet8,Cell 22,results\figures\eis\individual\Stack1\Cell_22\0.7Acm2\0_AfterBreakIn_condition_2_Real_Ageing_EIS-2-0_7.png
Stack1,0_AfterBreakIn,0,2,0.7,data\Stack1\EIS\0_AfterBreakIn\Real_Ageing_EIS-2-0_7.xlsx,Sheet9,Cell 24,results\figures\eis\individual\Stack1\Cell_24\0.7Acm2\0_AfterBreakIn_condition_2_Real_Ageing_EIS-2-0_7.png
Stack1,0_AfterBreakIn,0,6,0.3,data\Stack1\EIS\0_AfterBreakIn\Real_Ageing_EIS-6-0_3.xlsx,Sheet1,Whole Stack,results\figures\eis\individual\Stack1\Whole_Stack\0.3Acm2\0_AfterBreakIn_condition_6_Real_Ageing_EIS-6-0_3.png
Stack1,0_AfterBreakIn,0,6,0.3,data\Stack1\EIS\0_AfterBreakIn\Real_Ageing_EIS-6-0_3.xlsx,Sheet2,Cell 01,results\figures\eis\individual\Stack1\Cell_01\0.3Acm2\0_AfterBreakIn_condition_6_Real_Ageing_EIS-6-0_3.png
Stack1,0_AfterBreakIn,0,6,0.3,data\Stack1\EIS\0_AfterBreakIn\Real_Ageing_EIS-6-0_3.xlsx,Sheet3,Cell 03,results\figures\eis\individual\Stack1\Cell_03\0.3Acm2\0_AfterBreakIn_condition_6_Real_Ageing_EIS-6-0_3.png
Stack1,0_AfterBreakIn,0,6,0.3,data\Stack1\EIS\0_AfterBreakIn\Real_Ageing_EIS-6-0_3.xlsx,Sheet4,Cell 05,results\figures\eis\individual\Stack1\Cell_05\0.3Acm2\0_AfterBreakIn_condition_6_Real_Ageing_EIS-6-0_3.png
Stack1,0_AfterBreakIn,0,6,0.3,data\Stack1\EIS\0_AfterBreakIn\Real_Ageing_EIS-6-0_3.xlsx,Sheet5,Cell 10,results\figures\eis\individual\Stack1\Cell_10\0.3Acm2\0_AfterBreakIn_condition_6_Real_Ageing_EIS-6-0_3.png
Stack1,0_AfterBreakIn,0,6,0.3,data\Stack1\EIS\0_AfterBreakIn\Real_Ageing_EIS-6-0_3.xlsx,Sheet6,Cell 15,results\figures\eis\individual\Stack1\Cell_15\0.3Acm2\0_AfterBreakIn_condition_6_Real_Ageing_EIS-6-0_3.png
Stack1,0_AfterBreakIn,0,6,0.3,data\Stack1\EIS\0_AfterBreakIn\Real_Ageing_EIS-6-0_3.xlsx,Sheet7,Cell 20,results\figures\eis\individual\Stack1\Cell_20\0.3Acm2\0_AfterBreakIn_condition_6_Real_Ageing_EIS-6-0_3.png
Stack1,0_AfterBreakIn,0,6,0.3,data\Stack1\EIS\0_AfterBreakIn\Real_Ageing_EIS-6-0_3.xlsx,Sheet8,Cell 22,results\figures\eis\individual\Stack1\Cell_22\0.3Acm2\0_AfterBreakIn_condition_6_Real_Ageing_EIS-6-0_3.png
Stack1,0_AfterBreakIn,0,6,0.3,data\Stack1\EIS\0_AfterBreakIn\Real_Ageing_EIS-6-0_3.xlsx,Sheet9,Cell 24,results\figures\eis\individual\Stack1\Cell_24\0.3Acm2\0_AfterBreakIn_condition_6_Real_Ageing_EIS-6-0_3.png
Stack1,0_AfterBreakIn,0,6,0.7,data\Stack1\EIS\0_AfterBreakIn\Real_Ageing_EIS-6-0_7.xlsx,Sheet1,Whole Stack,results\figures\eis\individual\Stack1\Whole_Stack\0.7Acm2\0_AfterBreakIn_condition_6_Real_Ageing_EIS-6-0_7.png
Stack1,0_AfterBreakIn,0,6,0.7,data\Stack1\EIS\0_AfterBreakIn\Real_Ageing_EIS-6-0_7.xlsx,Sheet2,Cell 01,results\figures\eis\individual\Stack1\Cell_01\0.7Acm2\0_AfterBreakIn_condition_6_Real_Ageing_EIS-6-0_7.png
Stack1,0_AfterBreakIn,0,6,0.7,data\Stack1\EIS\0_AfterBreakIn\Real_Ageing_EIS-6-0_7.xlsx,Sheet3,Cell 03,results\figures\eis\individual\Stack1\Cell_03\0.7Acm2\0_AfterBreakIn_condition_6_Real_Ageing_EIS-6-0_7.png
Stack1,0_AfterBreakIn,0,6,0.7,data\Stack1\EIS\0_AfterBreakIn\Real_Ageing_EIS-6-0_7.xlsx,Sheet4,Cell 05,results\figures\eis\individual\Stack1\Cell_05\0.7Acm2\0_AfterBreakIn_condition_6_Real_Ageing_EIS-6-0_7.png
Stack1,0_AfterBreakIn,0,6,0.7,data\Stack1\EIS\0_AfterBreakIn\Real_Ageing_EIS-6-0_7.xlsx,Sheet5,Cell 10,results\figures\eis\individual\Stack1\Cell_10\0.7Acm2\0_AfterBreakIn_condition_6_Real_Ageing_EIS-6-0_7.png
Stack1,0_AfterBreakIn,0,6,0.7,data\Stack1\EIS\0_AfterBreakIn\Real_Ageing_EIS-6-0_7.xlsx,Sheet6,Cell 15,results\figures\eis\individual\Stack1\Cell_15\0.7Acm2\0_AfterBreakIn_condition_6_Real_Ageing_EIS-6-0_7.png
Stack1,0_AfterBreakIn,0,6,0.7,data\Stack1\EIS\0_AfterBreakIn\Real_Ageing_EIS-6-0_7.xlsx,Sheet7,Cell 20,results\figures\eis\individual\Stack1\Cell_20\0.7Acm2\0_AfterBreakIn_condition_6_Real_Ageing_EIS-6-0_7.png
Stack1,0_AfterBreakIn,0,6,0.7,data\Stack1\EIS\0_AfterBreakIn\Real_Ageing_EIS-6-0_7.xlsx,Sheet8,Cell 22,results\figures\eis\individual\Stack1\Cell_22\0.7Acm2\0_AfterBreakIn_condition_6_Real_Ageing_EIS-6-0_7.png
Stack1,0_AfterBreakIn,0,6,0.7,data\Stack1\EIS\0_AfterBreakIn\Real_Ageing_EIS-6-0_7.xlsx,Sheet9,Cell 24,results\figures\eis\individual\Stack1\Cell_24\0.7Acm2\0_AfterBreakIn_condition_6_Real_Ageing_EIS-6-0_7.png
Stack1,0_AfterBreakIn,0,7,0.3,data\Stack1\EIS\0_AfterBreakIn\Real_Ageing_EIS-7-0_3.xlsx,Sheet1,Whole Stack,results\figures\eis\individual\Stack1\Whole_Stack\0.3Acm2\0_AfterBreakIn_condition_7_Real_Ageing_EIS-7-0_3.png
Stack1,0_AfterBreakIn,0,7,0.3,data\Stack1\EIS\0_AfterBreakIn\Real_Ageing_EIS-7-0_3.xlsx,Sheet2,Cell 01,results\figures\eis\individual\Stack1\Cell_01\0.3Acm2\0_AfterBreakIn_condition_7_Real_Ageing_EIS-7-0_3.png
Stack1,0_AfterBreakIn,0,7,0.3,data\Stack1\EIS\0_AfterBreakIn\Real_Ageing_EIS-7-0_3.xlsx,Sheet3,Cell 03,results\figures\eis\individual\Stack1\Cell_03\0.3Acm2\0_AfterBreakIn_condition_7_Real_Ageing_EIS-7-0_3.png
Stack1,0_AfterBreakIn,0,7,0.3,data\Stack1\EIS\0_AfterBreakIn\Real_Ageing_EIS-7-0_3.xlsx,Sheet4,Cell 05,results\figures\eis\individual\Stack1\Cell_05\0.3Acm2\0_AfterBreakIn_condition_7_Real_Ageing_EIS-7-0_3.png
Stack1,0_AfterBreakIn,0,7,0.3,data\Stack1\EIS\0_AfterBreakIn\Real_Ageing_EIS-7-0_3.xlsx,Sheet5,Cell 10,results\figures\eis\individual\Stack1\Cell_10\0.3Acm2\0_AfterBreakIn_condition_7_Real_Ageing_EIS-7-0_3.png
Stack1,0_AfterBreakIn,0,7,0.3,data\Stack1\EIS\0_AfterBreakIn\Real_Ageing_EIS-7-0_3.xlsx,Sheet6,Cell 15,results\figures\eis\individual\Stack1\Cell_15\0.3Acm2\0_AfterBreakIn_condition_7_Real_Ageing_EIS-7-0_3.png
Stack1,0_AfterBreakIn,0,7,0.3,data\Stack1\EIS\0_AfterBreakIn\Real_Ageing_EIS-7-0_3.xlsx,Sheet7,Cell 20,results\figures\eis\individual\Stack1\Cell_20\0.3Acm2\0_AfterBreakIn_condition_7_Real_Ageing_EIS-7-0_3.png
Stack1,0_AfterBreakIn,0,7,0.3,data\Stack1\EIS\0_AfterBreakIn\Real_Ageing_EIS-7-0_3.xlsx,Sheet8,Cell 22,results\figures\eis\individual\Stack1\Cell_22\0.3Acm2\0_AfterBreakIn_condition_7_Real_Ageing_EIS-7-0_3.png
Stack1,0_AfterBreakIn,0,7,0.3,data\Stack1\EIS\0_AfterBreakIn\Real_Ageing_EIS-7-0_3.xlsx,Sheet9,Cell 24,results\figures\eis\individual\Stack1\Cell_24\0.3Acm2\0_AfterBreakIn_condition_7_Real_Ageing_EIS-7-0_3.png
Stack1,0_AfterBreakIn,0,7,0.7,data\Stack1\EIS\0_AfterBreakIn\Real_Ageing_EIS-7-0_7.xlsx,Sheet1,Whole Stack,results\figures\eis\individual\Stack1\Whole_Stack\0.7Acm2\0_AfterBreakIn_condition_7_Real_Ageing_EIS-7-0_7.png
Stack1,0_AfterBreakIn,0,7,0.7,data\Stack1\EIS\0_AfterBreakIn\Real_Ageing_EIS-7-0_7.xlsx,Sheet2,Cell 01,results\figures\eis\individual\Stack1\Cell_01\0.7Acm2\0_AfterBreakIn_condition_7_Real_Ageing_EIS-7-0_7.png
Stack1,0_AfterBreakIn,0,7,0.7,data\Stack1\EIS\0_AfterBreakIn\Real_Ageing_EIS-7-0_7.xlsx,Sheet3,Cell 03,results\figures\eis\individual\Stack1\Cell_03\0.7Acm2\0_AfterBreakIn_condition_7_Real_Ageing_EIS-7-0_7.png
Stack1,0_AfterBreakIn,0,7,0.7,data\Stack1\EIS\0_AfterBreakIn\Real_Ageing_EIS-7-0_7.xlsx,Sheet4,Cell 05,results\figures\eis\individual\Stack1\Cell_05\0.7Acm2\0_AfterBreakIn_condition_7_Real_Ageing_EIS-7-0_7.png
Stack1,0_AfterBreakIn,0,7,0.7,data\Stack1\EIS\0_AfterBreakIn\Real_Ageing_EIS-7-0_7.xlsx,Sheet5,Cell 10,results\figures\eis\individual\Stack1\Cell_10\0.7Acm2\0_AfterBreakIn_condition_7_Real_Ageing_EIS-7-0_7.png
Stack1,0_AfterBreakIn,0,7,0.7,data\Stack1\EIS\0_AfterBreakIn\Real_Ageing_EIS-7-0_7.xlsx,Sheet6,Cell 15,results\figures\eis\individual\Stack1\Cell_15\0.7Acm2\0_AfterBreakIn_condition_7_Real_Ageing_EIS-7-0_7.png
Stack1,0_AfterBreakIn,0,7,0.7,data\Stack1\EIS\0_AfterBreakIn\Real_Ageing_EIS-7-0_7.xlsx,Sheet7,Cell 20,results\figures\eis\individual\Stack1\Cell_20\0.7Acm2\0_AfterBreakIn_condition_7_Real_Ageing_EIS-7-0_7.png
Stack1,0_AfterBreakIn,0,7,0.7,data\Stack1\EIS\0_AfterBreakIn\Real_Ageing_EIS-7-0_7.xlsx,Sheet8,Cell 22,results\figures\eis\individual\Stack1\Cell_22\0.7Acm2\0_AfterBreakIn_condition_7_Real_Ageing_EIS-7-0_7.png
Stack1,0_AfterBreakIn,0,7,0.7,data\Stack1\EIS\0_AfterBreakIn\Real_Ageing_EIS-7-0_7.xlsx,Sheet9,Cell 24,results\figures\eis\individual\Stack1\Cell_24\0.7Acm2\0_AfterBreakIn_condition_7_Real_Ageing_EIS-7-0_7.png
Stack1,140Cycles,140,1,0.3,data\Stack1\EIS\140Cycles\Real_Ageing_EIS-1-0_3.xlsx,Sheet1,Whole Stack,results\figures\eis\individual\Stack1\Whole_Stack\0.3Acm2\140Cycles_condition_1_Real_Ageing_EIS-1-0_3.png
Stack1,140Cycles,140,1,0.3,data\Stack1\EIS\140Cycles\Real_Ageing_EIS-1-0_3.xlsx,Sheet2,Cell 01,results\figures\eis\individual\Stack1\Cell_01\0.3Acm2\140Cycles_condition_1_Real_Ageing_EIS-1-0_3.png
Stack1,140Cycles,140,1,0.3,data\Stack1\EIS\140Cycles\Real_Ageing_EIS-1-0_3.xlsx,Sheet3,Cell 03,results\figures\eis\individual\Stack1\Cell_03\0.3Acm2\140Cycles_condition_1_Real_Ageing_EIS-1-0_3.png
Stack1,140Cycles,140,1,0.3,data\Stack1\EIS\140Cycles\Real_Ageing_EIS-1-0_3.xlsx,Sheet4,Cell 05,results\figures\eis\individual\Stack1\Cell_05\0.3Acm2\140Cycles_condition_1_Real_Ageing_EIS-1-0_3.png
Stack1,140Cycles,140,1,0.3,data\Stack1\EIS\140Cycles\Real_Ageing_EIS-1-0_3.xlsx,Sheet5,Cell 10,results\figures\eis\individual\Stack1\Cell_10\0.3Acm2\140Cycles_condition_1_Real_Ageing_EIS-1-0_3.png
Stack1,140Cycles,140,1,0.3,data\Stack1\EIS\140Cycles\Real_Ageing_EIS-1-0_3.xlsx,Sheet6,Cell 15,results\figures\eis\individual\Stack1\Cell_15\0.3Acm2\140Cycles_condition_1_Real_Ageing_EIS-1-0_3.png
Stack1,140Cycles,140,1,0.3,data\Stack1\EIS\140Cycles\Real_Ageing_EIS-1-0_3.xlsx,Sheet7,Cell 20,results\figures\eis\individual\Stack1\Cell_20\0.3Acm2\140Cycles_condition_1_Real_Ageing_EIS-1-0_3.png
Stack1,140Cycles,140,1,0.3,data\Stack1\EIS\140Cycles\Real_Ageing_EIS-1-0_3.xlsx,Sheet8,Cell 22,results\figures\eis\individual\Stack1\Cell_22\0.3Acm2\140Cycles_condition_1_Real_Ageing_EIS-1-0_3.png
Stack1,140Cycles,140,1,0.3,data\Stack1\EIS\140Cycles\Real_Ageing_EIS-1-0_3.xlsx,Sheet9,Cell 24,results\figures\eis\individual\Stack1\Cell_24\0.3Acm2\140Cycles_condition_1_Real_Ageing_EIS-1-0_3.png
Stack1,140Cycles,140,1,0.7,data\Stack1\EIS\140Cycles\Real_Ageing_EIS-1-0_7.xlsx,Sheet1,Whole Stack,results\figures\eis\individual\Stack1\Whole_Stack\0.7Acm2\140Cycles_condition_1_Real_Ageing_EIS-1-0_7.png
Stack1,140Cycles,140,1,0.7,data\Stack1\EIS\140Cycles\Real_Ageing_EIS-1-0_7.xlsx,Sheet2,Cell 01,results\figures\eis\individual\Stack1\Cell_01\0.7Acm2\140Cycles_condition_1_Real_Ageing_EIS-1-0_7.png
Stack1,140Cycles,140,1,0.7,data\Stack1\EIS\140Cycles\Real_Ageing_EIS-1-0_7.xlsx,Sheet3,Cell 03,results\figures\eis\individual\Stack1\Cell_03\0.7Acm2\140Cycles_condition_1_Real_Ageing_EIS-1-0_7.png
Stack1,140Cycles,140,1,0.7,data\Stack1\EIS\140Cycles\Real_Ageing_EIS-1-0_7.xlsx,Sheet4,Cell 05,results\figures\eis\individual\Stack1\Cell_05\0.7Acm2\140Cycles_condition_1_Real_Ageing_EIS-1-0_7.png
Stack1,140Cycles,140,1,0.7,data\Stack1\EIS\140Cycles\Real_Ageing_EIS-1-0_7.xlsx,Sheet5,Cell 10,results\figures\eis\individual\Stack1\Cell_10\0.7Acm2\140Cycles_condition_1_Real_Ageing_EIS-1-0_7.png
Stack1,140Cycles,140,1,0.7,data\Stack1\EIS\140Cycles\Real_Ageing_EIS-1-0_7.xlsx,Sheet6,Cell 15,results\figures\eis\individual\Stack1\Cell_15\0.7Acm2\140Cycles_condition_1_Real_Ageing_EIS-1-0_7.png
Stack1,140Cycles,140,1,0.7,data\Stack1\EIS\140Cycles\Real_Ageing_EIS-1-0_7.xlsx,Sheet7,Cell 20,results\figures\eis\individual\Stack1\Cell_20\0.7Acm2\140Cycles_condition_1_Real_Ageing_EIS-1-0_7.png
Stack1,140Cycles,140,1,0.7,data\Stack1\EIS\140Cycles\Real_Ageing_EIS-1-0_7.xlsx,Sheet8,Cell 22,results\figures\eis\individual\Stack1\Cell_22\0.7Acm2\140Cycles_condition_1_Real_Ageing_EIS-1-0_7.png
Stack1,140Cycles,140,1,0.7,data\Stack1\EIS\140Cycles\Real_Ageing_EIS-1-0_7.xlsx,Sheet9,Cell 24,results\figures\eis\individual\Stack1\Cell_24\0.7Acm2\140Cycles_condition_1_Real_Ageing_EIS-1-0_7.png
Stack1,204Cycles,204,1,0.3,data\Stack1\EIS\204Cycles\Real_Ageing_EIS-1-0_3.xlsx,Sheet1,Whole Stack,results\figures\eis\individual\Stack1\Whole_Stack\0.3Acm2\204Cycles_condition_1_Real_Ageing_EIS-1-0_3.png
Stack1,204Cycles,204,1,0.3,data\Stack1\EIS\204Cycles\Real_Ageing_EIS-1-0_3.xlsx,Sheet2,Cell 01,results\figures\eis\individual\Stack1\Cell_01\0.3Acm2\204Cycles_condition_1_Real_Ageing_EIS-1-0_3.png
Stack1,204Cycles,204,1,0.3,data\Stack1\EIS\204Cycles\Real_Ageing_EIS-1-0_3.xlsx,Sheet3,Cell 03,results\figures\eis\individual\Stack1\Cell_03\0.3Acm2\204Cycles_condition_1_Real_Ageing_EIS-1-0_3.png
Stack1,204Cycles,204,1,0.3,data\Stack1\EIS\204Cycles\Real_Ageing_EIS-1-0_3.xlsx,Sheet4,Cell 05,results\figures\eis\individual\Stack1\Cell_05\0.3Acm2\204Cycles_condition_1_Real_Ageing_EIS-1-0_3.png
Stack1,204Cycles,204,1,0.3,data\Stack1\EIS\204Cycles\Real_Ageing_EIS-1-0_3.xlsx,Sheet5,Cell 10,results\figures\eis\individual\Stack1\Cell_10\0.3Acm2\204Cycles_condition_1_Real_Ageing_EIS-1-0_3.png
Stack1,204Cycles,204,1,0.3,data\Stack1\EIS\204Cycles\Real_Ageing_EIS-1-0_3.xlsx,Sheet6,Cell 15,results\figures\eis\individual\Stack1\Cell_15\0.3Acm2\204Cycles_condition_1_Real_Ageing_EIS-1-0_3.png
Stack1,204Cycles,204,1,0.3,data\Stack1\EIS\204Cycles\Real_Ageing_EIS-1-0_3.xlsx,Sheet7,Cell 20,results\figures\eis\individual\Stack1\Cell_20\0.3Acm2\204Cycles_condition_1_Real_Ageing_EIS-1-0_3.png
Stack1,204Cycles,204,1,0.3,data\Stack1\EIS\204Cycles\Real_Ageing_EIS-1-0_3.xlsx,Sheet8,Cell 22,results\figures\eis\individual\Stack1\Cell_22\0.3Acm2\204Cycles_condition_1_Real_Ageing_EIS-1-0_3.png
Stack1,204Cycles,204,1,0.3,data\Stack1\EIS\204Cycles\Real_Ageing_EIS-1-0_3.xlsx,Sheet9,Cell 24,results\figures\eis\individual\Stack1\Cell_24\0.3Acm2\204Cycles_condition_1_Real_Ageing_EIS-1-0_3.png
Stack1,204Cycles,204,1,0.7,data\Stack1\EIS\204Cycles\Real_Ageing_EIS-1-0_7.xlsx,Sheet1,Whole Stack,results\figures\eis\individual\Stack1\Whole_Stack\0.7Acm2\204Cycles_condition_1_Real_Ageing_EIS-1-0_7.png
Stack1,204Cycles,204,1,0.7,data\Stack1\EIS\204Cycles\Real_Ageing_EIS-1-0_7.xlsx,Sheet2,Cell 01,results\figures\eis\individual\Stack1\Cell_01\0.7Acm2\204Cycles_condition_1_Real_Ageing_EIS-1-0_7.png
Stack1,204Cycles,204,1,0.7,data\Stack1\EIS\204Cycles\Real_Ageing_EIS-1-0_7.xlsx,Sheet3,Cell 03,results\figures\eis\individual\Stack1\Cell_03\0.7Acm2\204Cycles_condition_1_Real_Ageing_EIS-1-0_7.png
Stack1,204Cycles,204,1,0.7,data\Stack1\EIS\204Cycles\Real_Ageing_EIS-1-0_7.xlsx,Sheet4,Cell 05,results\figures\eis\individual\Stack1\Cell_05\0.7Acm2\204Cycles_condition_1_Real_Ageing_EIS-1-0_7.png
Stack1,204Cycles,204,1,0.7,data\Stack1\EIS\204Cycles\Real_Ageing_EIS-1-0_7.xlsx,Sheet5,Cell 10,results\figures\eis\individual\Stack1\Cell_10\0.7Acm2\204Cycles_condition_1_Real_Ageing_EIS-1-0_7.png
Stack1,204Cycles,204,1,0.7,data\Stack1\EIS\204Cycles\Real_Ageing_EIS-1-0_7.xlsx,Sheet6,Cell 15,results\figures\eis\individual\Stack1\Cell_15\0.7Acm2\204Cycles_condition_1_Real_Ageing_EIS-1-0_7.png
Stack1,204Cycles,204,1,0.7,data\Stack1\EIS\204Cycles\Real_Ageing_EIS-1-0_7.xlsx,Sheet7,Cell 20,results\figures\eis\individual\Stack1\Cell_20\0.7Acm2\204Cycles_condition_1_Real_Ageing_EIS-1-0_7.png
Stack1,204Cycles,204,1,0.7,data\Stack1\EIS\204Cycles\Real_Ageing_EIS-1-0_7.xlsx,Sheet8,Cell 22,results\figures\eis\individual\Stack1\Cell_22\0.7Acm2\204Cycles_condition_1_Real_Ageing_EIS-1-0_7.png
Stack1,204Cycles,204,1,0.7,data\Stack1\EIS\204Cycles\Real_Ageing_EIS-1-0_7.xlsx,Sheet9,Cell 24,results\figures\eis\individual\Stack1\Cell_24\0.7Acm2\204Cycles_condition_1_Real_Ageing_EIS-1-0_7.png
Stack1,300Cycles,300,1,0.3,data\Stack1\EIS\300Cycles\Real_Ageing_EIS-1-0_3.xlsx,Sheet1,Whole Stack,results\figures\eis\individual\Stack1\Whole_Stack\0.3Acm2\300Cycles_condition_1_Real_Ageing_EIS-1-0_3.png
Stack1,300Cycles,300,1,0.3,data\Stack1\EIS\300Cycles\Real_Ageing_EIS-1-0_3.xlsx,Sheet2,Cell 01,results\figures\eis\individual\Stack1\Cell_01\0.3Acm2\300Cycles_condition_1_Real_Ageing_EIS-1-0_3.png
Stack1,300Cycles,300,1,0.3,data\Stack1\EIS\300Cycles\Real_Ageing_EIS-1-0_3.xlsx,Sheet3,Cell 03,results\figures\eis\individual\Stack1\Cell_03\0.3Acm2\300Cycles_condition_1_Real_Ageing_EIS-1-0_3.png
Stack1,300Cycles,300,1,0.3,data\Stack1\EIS\300Cycles\Real_Ageing_EIS-1-0_3.xlsx,Sheet4,Cell 05,results\figures\eis\individual\Stack1\Cell_05\0.3Acm2\300Cycles_condition_1_Real_Ageing_EIS-1-0_3.png
Stack1,300Cycles,300,1,0.3,data\Stack1\EIS\300Cycles\Real_Ageing_EIS-1-0_3.xlsx,Sheet5,Cell 10,results\figures\eis\individual\Stack1\Cell_10\0.3Acm2\300Cycles_condition_1_Real_Ageing_EIS-1-0_3.png
Stack1,300Cycles,300,1,0.3,data\Stack1\EIS\300Cycles\Real_Ageing_EIS-1-0_3.xlsx,Sheet6,Cell 15,results\figures\eis\individual\Stack1\Cell_15\0.3Acm2\300Cycles_condition_1_Real_Ageing_EIS-1-0_3.png
Stack1,300Cycles,300,1,0.3,data\Stack1\EIS\300Cycles\Real_Ageing_EIS-1-0_3.xlsx,Sheet7,Cell 20,results\figures\eis\individual\Stack1\Cell_20\0.3Acm2\300Cycles_condition_1_Real_Ageing_EIS-1-0_3.png
Stack1,300Cycles,300,1,0.3,data\Stack1\EIS\300Cycles\Real_Ageing_EIS-1-0_3.xlsx,Sheet8,Cell 22,results\figures\eis\individual\Stack1\Cell_22\0.3Acm2\300Cycles_condition_1_Real_Ageing_EIS-1-0_3.png
Stack1,300Cycles,300,1,0.3,data\Stack1\EIS\300Cycles\Real_Ageing_EIS-1-0_3.xlsx,Sheet9,Cell 24,results\figures\eis\individual\Stack1\Cell_24\0.3Acm2\300Cycles_condition_1_Real_Ageing_EIS-1-0_3.png
Stack1,300Cycles,300,1,0.7,data\Stack1\EIS\300Cycles\Real_Ageing_EIS-1-0_7.xlsx,Sheet1,Whole Stack,results\figures\eis\individual\Stack1\Whole_Stack\0.7Acm2\300Cycles_condition_1_Real_Ageing_EIS-1-0_7.png
Stack1,300Cycles,300,1,0.7,data\Stack1\EIS\300Cycles\Real_Ageing_EIS-1-0_7.xlsx,Sheet2,Cell 01,results\figures\eis\individual\Stack1\Cell_01\0.7Acm2\300Cycles_condition_1_Real_Ageing_EIS-1-0_7.png
Stack1,300Cycles,300,1,0.7,data\Stack1\EIS\300Cycles\Real_Ageing_EIS-1-0_7.xlsx,Sheet3,Cell 03,results\figures\eis\individual\Stack1\Cell_03\0.7Acm2\300Cycles_condition_1_Real_Ageing_EIS-1-0_7.png
Stack1,300Cycles,300,1,0.7,data\Stack1\EIS\300Cycles\Real_Ageing_EIS-1-0_7.xlsx,Sheet4,Cell 05,results\figures\eis\individual\Stack1\Cell_05\0.7Acm2\300Cycles_condition_1_Real_Ageing_EIS-1-0_7.png
Stack1,300Cycles,300,1,0.7,data\Stack1\EIS\300Cycles\Real_Ageing_EIS-1-0_7.xlsx,Sheet5,Cell 10,results\figures\eis\individual\Stack1\Cell_10\0.7Acm2\300Cycles_condition_1_Real_Ageing_EIS-1-0_7.png
Stack1,300Cycles,300,1,0.7,data\Stack1\EIS\300Cycles\Real_Ageing_EIS-1-0_7.xlsx,Sheet6,Cell 15,results\figures\eis\individual\Stack1\Cell_15\0.7Acm2\300Cycles_condition_1_Real_Ageing_EIS-1-0_7.png
Stack1,300Cycles,300,1,0.7,data\Stack1\EIS\300Cycles\Real_Ageing_EIS-1-0_7.xlsx,Sheet7,Cell 20,results\figures\eis\individual\Stack1\Cell_20\0.7Acm2\300Cycles_condition_1_Real_Ageing_EIS-1-0_7.png
Stack1,300Cycles,300,1,0.7,data\Stack1\EIS\300Cycles\Real_Ageing_EIS-1-0_7.xlsx,Sheet8,Cell 22,results\figures\eis\individual\Stack1\Cell_22\0.7Acm2\300Cycles_condition_1_Real_Ageing_EIS-1-0_7.png
Stack1,300Cycles,300,1,0.7,data\Stack1\EIS\300Cycles\Real_Ageing_EIS-1-0_7.xlsx,Sheet9,Cell 24,results\figures\eis\individual\Stack1\Cell_24\0.7Acm2\300Cycles_condition_1_Real_Ageing_EIS-1-0_7.png
Stack1,410Cycles,410,1,0.3,data\Stack1\EIS\410Cycles\Real_Ageing_EIS-1-0_3.xlsx,Sheet1,Whole Stack,results\figures\eis\individual\Stack1\Whole_Stack\0.3Acm2\410Cycles_condition_1_Real_Ageing_EIS-1-0_3.png
Stack1,410Cycles,410,1,0.3,data\Stack1\EIS\410Cycles\Real_Ageing_EIS-1-0_3.xlsx,Sheet2,Cell 01,results\figures\eis\individual\Stack1\Cell_01\0.3Acm2\410Cycles_condition_1_Real_Ageing_EIS-1-0_3.png
Stack1,410Cycles,410,1,0.3,data\Stack1\EIS\410Cycles\Real_Ageing_EIS-1-0_3.xlsx,Sheet3,Cell 03,results\figures\eis\individual\Stack1\Cell_03\0.3Acm2\410Cycles_condition_1_Real_Ageing_EIS-1-0_3.png
Stack1,410Cycles,410,1,0.3,data\Stack1\EIS\410Cycles\Real_Ageing_EIS-1-0_3.xlsx,Sheet4,Cell 05,results\figures\eis\individual\Stack1\Cell_05\0.3Acm2\410Cycles_condition_1_Real_Ageing_EIS-1-0_3.png
Stack1,410Cycles,410,1,0.3,data\Stack1\EIS\410Cycles\Real_Ageing_EIS-1-0_3.xlsx,Sheet5,Cell 10,results\figures\eis\individual\Stack1\Cell_10\0.3Acm2\410Cycles_condition_1_Real_Ageing_EIS-1-0_3.png
Stack1,410Cycles,410,1,0.3,data\Stack1\EIS\410Cycles\Real_Ageing_EIS-1-0_3.xlsx,Sheet6,Cell 15,results\figures\eis\individual\Stack1\Cell_15\0.3Acm2\410Cycles_condition_1_Real_Ageing_EIS-1-0_3.png
Stack1,410Cycles,410,1,0.3,data\Stack1\EIS\410Cycles\Real_Ageing_EIS-1-0_3.xlsx,Sheet7,Cell 20,results\figures\eis\individual\Stack1\Cell_20\0.3Acm2\410Cycles_condition_1_Real_Ageing_EIS-1-0_3.png
Stack1,410Cycles,410,1,0.3,data\Stack1\EIS\410Cycles\Real_Ageing_EIS-1-0_3.xlsx,Sheet8,Cell 22,results\figures\eis\individual\Stack1\Cell_22\0.3Acm2\410Cycles_condition_1_Real_Ageing_EIS-1-0_3.png
Stack1,410Cycles,410,1,0.3,data\Stack1\EIS\410Cycles\Real_Ageing_EIS-1-0_3.xlsx,Sheet9,Cell 24,results\figures\eis\individual\Stack1\Cell_24\0.3Acm2\410Cycles_condition_1_Real_Ageing_EIS-1-0_3.png
Stack1,410Cycles,410,1,0.7,data\Stack1\EIS\410Cycles\Real_Ageing_EIS-1-0_7.xlsx,Sheet1,Whole Stack,results\figures\eis\individual\Stack1\Whole_Stack\0.7Acm2\410Cycles_condition_1_Real_Ageing_EIS-1-0_7.png
Stack1,410Cycles,410,1,0.7,data\Stack1\EIS\410Cycles\Real_Ageing_EIS-1-0_7.xlsx,Sheet2,Cell 01,results\figures\eis\individual\Stack1\Cell_01\0.7Acm2\410Cycles_condition_1_Real_Ageing_EIS-1-0_7.png
Stack1,410Cycles,410,1,0.7,data\Stack1\EIS\410Cycles\Real_Ageing_EIS-1-0_7.xlsx,Sheet3,Cell 03,results\figures\eis\individual\Stack1\Cell_03\0.7Acm2\410Cycles_condition_1_Real_Ageing_EIS-1-0_7.png
Stack1,410Cycles,410,1,0.7,data\Stack1\EIS\410Cycles\Real_Ageing_EIS-1-0_7.xlsx,Sheet4,Cell 05,results\figures\eis\individual\Stack1\Cell_05\0.7Acm2\410Cycles_condition_1_Real_Ageing_EIS-1-0_7.png
Stack1,410Cycles,410,1,0.7,data\Stack1\EIS\410Cycles\Real_Ageing_EIS-1-0_7.xlsx,Sheet5,Cell 10,results\figures\eis\individual\Stack1\Cell_10\0.7Acm2\410Cycles_condition_1_Real_Ageing_EIS-1-0_7.png
Stack1,410Cycles,410,1,0.7,data\Stack1\EIS\410Cycles\Real_Ageing_EIS-1-0_7.xlsx,Sheet6,Cell 15,results\figures\eis\individual\Stack1\Cell_15\0.7Acm2\410Cycles_condition_1_Real_Ageing_EIS-1-0_7.png
Stack1,410Cycles,410,1,0.7,data\Stack1\EIS\410Cycles\Real_Ageing_EIS-1-0_7.xlsx,Sheet7,Cell 20,results\figures\eis\individual\Stack1\Cell_20\0.7Acm2\410Cycles_condition_1_Real_Ageing_EIS-1-0_7.png
Stack1,410Cycles,410,1,0.7,data\Stack1\EIS\410Cycles\Real_Ageing_EIS-1-0_7.xlsx,Sheet8,Cell 22,results\figures\eis\individual\Stack1\Cell_22\0.7Acm2\410Cycles_condition_1_Real_Ageing_EIS-1-0_7.png
Stack1,410Cycles,410,1,0.7,data\Stack1\EIS\410Cycles\Real_Ageing_EIS-1-0_7.xlsx,Sheet9,Cell 24,results\figures\eis\individual\Stack1\Cell_24\0.7Acm2\410Cycles_condition_1_Real_Ageing_EIS-1-0_7.png
Stack1,528Cycles,528,1,0.3,data\Stack1\EIS\528Cycles\Real_Ageing_EIS-1-0_3.xlsx,Sheet1,Whole Stack,results\figures\eis\individual\Stack1\Whole_Stack\0.3Acm2\528Cycles_condition_1_Real_Ageing_EIS-1-0_3.png
Stack1,528Cycles,528,1,0.3,data\Stack1\EIS\528Cycles\Real_Ageing_EIS-1-0_3.xlsx,Sheet2,Cell 01,results\figures\eis\individual\Stack1\Cell_01\0.3Acm2\528Cycles_condition_1_Real_Ageing_EIS-1-0_3.png
Stack1,528Cycles,528,1,0.3,data\Stack1\EIS\528Cycles\Real_Ageing_EIS-1-0_3.xlsx,Sheet3,Cell 03,results\figures\eis\individual\Stack1\Cell_03\0.3Acm2\528Cycles_condition_1_Real_Ageing_EIS-1-0_3.png
Stack1,528Cycles,528,1,0.3,data\Stack1\EIS\528Cycles\Real_Ageing_EIS-1-0_3.xlsx,Sheet4,Cell 05,results\figures\eis\individual\Stack1\Cell_05\0.3Acm2\528Cycles_condition_1_Real_Ageing_EIS-1-0_3.png
Stack1,528Cycles,528,1,0.3,data\Stack1\EIS\528Cycles\Real_Ageing_EIS-1-0_3.xlsx,Sheet5,Cell 10,results\figures\eis\individual\Stack1\Cell_10\0.3Acm2\528Cycles_condition_1_Real_Ageing_EIS-1-0_3.png
Stack1,528Cycles,528,1,0.3,data\Stack1\EIS\528Cycles\Real_Ageing_EIS-1-0_3.xlsx,Sheet6,Cell 15,results\figures\eis\individual\Stack1\Cell_15\0.3Acm2\528Cycles_condition_1_Real_Ageing_EIS-1-0_3.png
Stack1,528Cycles,528,1,0.3,data\Stack1\EIS\528Cycles\Real_Ageing_EIS-1-0_3.xlsx,Sheet7,Cell 20,results\figures\eis\individual\Stack1\Cell_20\0.3Acm2\528Cycles_condition_1_Real_Ageing_EIS-1-0_3.png
Stack1,528Cycles,528,1,0.3,data\Stack1\EIS\528Cycles\Real_Ageing_EIS-1-0_3.xlsx,Sheet8,Cell 22,results\figures\eis\individual\Stack1\Cell_22\0.3Acm2\528Cycles_condition_1_Real_Ageing_EIS-1-0_3.png
Stack1,528Cycles,528,1,0.3,data\Stack1\EIS\528Cycles\Real_Ageing_EIS-1-0_3.xlsx,Sheet9,Cell 24,results\figures\eis\individual\Stack1\Cell_24\0.3Acm2\528Cycles_condition_1_Real_Ageing_EIS-1-0_3.png
Stack1,528Cycles,528,1,0.7,data\Stack1\EIS\528Cycles\Real_Ageing_EIS-1-0_7.xlsx,Sheet1,Whole Stack,results\figures\eis\individual\Stack1\Whole_Stack\0.7Acm2\528Cycles_condition_1_Real_Ageing_EIS-1-0_7.png
Stack1,528Cycles,528,1,0.7,data\Stack1\EIS\528Cycles\Real_Ageing_EIS-1-0_7.xlsx,Sheet2,Cell 01,results\figures\eis\individual\Stack1\Cell_01\0.7Acm2\528Cycles_condition_1_Real_Ageing_EIS-1-0_7.png
Stack1,528Cycles,528,1,0.7,data\Stack1\EIS\528Cycles\Real_Ageing_EIS-1-0_7.xlsx,Sheet3,Cell 03,results\figures\eis\individual\Stack1\Cell_03\0.7Acm2\528Cycles_condition_1_Real_Ageing_EIS-1-0_7.png
Stack1,528Cycles,528,1,0.7,data\Stack1\EIS\528Cycles\Real_Ageing_EIS-1-0_7.xlsx,Sheet4,Cell 05,results\figures\eis\individual\Stack1\Cell_05\0.7Acm2\528Cycles_condition_1_Real_Ageing_EIS-1-0_7.png
Stack1,528Cycles,528,1,0.7,data\Stack1\EIS\528Cycles\Real_Ageing_EIS-1-0_7.xlsx,Sheet5,Cell 10,results\figures\eis\individual\Stack1\Cell_10\0.7Acm2\528Cycles_condition_1_Real_Ageing_EIS-1-0_7.png
Stack1,528Cycles,528,1,0.7,data\Stack1\EIS\528Cycles\Real_Ageing_EIS-1-0_7.xlsx,Sheet6,Cell 15,results\figures\eis\individual\Stack1\Cell_15\0.7Acm2\528Cycles_condition_1_Real_Ageing_EIS-1-0_7.png
Stack1,528Cycles,528,1,0.7,data\Stack1\EIS\528Cycles\Real_Ageing_EIS-1-0_7.xlsx,Sheet7,Cell 20,results\figures\eis\individual\Stack1\Cell_20\0.7Acm2\528Cycles_condition_1_Real_Ageing_EIS-1-0_7.png
Stack1,528Cycles,528,1,0.7,data\Stack1\EIS\528Cycles\Real_Ageing_EIS-1-0_7.xlsx,Sheet8,Cell 22,results\figures\eis\individual\Stack1\Cell_22\0.7Acm2\528Cycles_condition_1_Real_Ageing_EIS-1-0_7.png
Stack1,528Cycles,528,1,0.7,data\Stack1\EIS\528Cycles\Real_Ageing_EIS-1-0_7.xlsx,Sheet9,Cell 24,results\figures\eis\individual\Stack1\Cell_24\0.7Acm2\528Cycles_condition_1_Real_Ageing_EIS-1-0_7.png
Stack1,528Cycles,528,1,1.0,data\Stack1\EIS\528Cycles\Real_Ageing_EIS-1-1_0.xlsx,Sheet1,Whole Stack,results\figures\eis\individual\Stack1\Whole_Stack\1Acm2\528Cycles_condition_1_Real_Ageing_EIS-1-1_0.png
Stack1,528Cycles,528,1,1.0,data\Stack1\EIS\528Cycles\Real_Ageing_EIS-1-1_0.xlsx,Sheet2,Cell 01,results\figures\eis\individual\Stack1\Cell_01\1Acm2\528Cycles_condition_1_Real_Ageing_EIS-1-1_0.png
Stack1,528Cycles,528,1,1.0,data\Stack1\EIS\528Cycles\Real_Ageing_EIS-1-1_0.xlsx,Sheet3,Cell 03,results\figures\eis\individual\Stack1\Cell_03\1Acm2\528Cycles_condition_1_Real_Ageing_EIS-1-1_0.png
Stack1,528Cycles,528,1,1.0,data\Stack1\EIS\528Cycles\Real_Ageing_EIS-1-1_0.xlsx,Sheet4,Cell 05,results\figures\eis\individual\Stack1\Cell_05\1Acm2\528Cycles_condition_1_Real_Ageing_EIS-1-1_0.png
Stack1,528Cycles,528,1,1.0,data\Stack1\EIS\528Cycles\Real_Ageing_EIS-1-1_0.xlsx,Sheet5,Cell 10,results\figures\eis\individual\Stack1\Cell_10\1Acm2\528Cycles_condition_1_Real_Ageing_EIS-1-1_0.png
Stack1,528Cycles,528,1,1.0,data\Stack1\EIS\528Cycles\Real_Ageing_EIS-1-1_0.xlsx,Sheet6,Cell 15,results\figures\eis\individual\Stack1\Cell_15\1Acm2\528Cycles_condition_1_Real_Ageing_EIS-1-1_0.png
Stack1,528Cycles,528,1,1.0,data\Stack1\EIS\528Cycles\Real_Ageing_EIS-1-1_0.xlsx,Sheet7,Cell 20,results\figures\eis\individual\Stack1\Cell_20\1Acm2\528Cycles_condition_1_Real_Ageing_EIS-1-1_0.png
Stack1,528Cycles,528,1,1.0,data\Stack1\EIS\528Cycles\Real_Ageing_EIS-1-1_0.xlsx,Sheet8,Cell 22,results\figures\eis\individual\Stack1\Cell_22\1Acm2\528Cycles_condition_1_Real_Ageing_EIS-1-1_0.png
Stack1,528Cycles,528,1,1.0,data\Stack1\EIS\528Cycles\Real_Ageing_EIS-1-1_0.xlsx,Sheet9,Cell 24,results\figures\eis\individual\Stack1\Cell_24\1Acm2\528Cycles_condition_1_Real_Ageing_EIS-1-1_0.png
Stack1,528Cycles,528,2,0.3,data\Stack1\EIS\528Cycles\Real_Ageing_EIS-2-0_3.xlsx,Sheet1,Whole Stack,results\figures\eis\individual\Stack1\Whole_Stack\0.3Acm2\528Cycles_condition_2_Real_Ageing_EIS-2-0_3.png
Stack1,528Cycles,528,2,0.3,data\Stack1\EIS\528Cycles\Real_Ageing_EIS-2-0_3.xlsx,Sheet2,Cell 01,results\figures\eis\individual\Stack1\Cell_01\0.3Acm2\528Cycles_condition_2_Real_Ageing_EIS-2-0_3.png
Stack1,528Cycles,528,2,0.3,data\Stack1\EIS\528Cycles\Real_Ageing_EIS-2-0_3.xlsx,Sheet3,Cell 03,results\figures\eis\individual\Stack1\Cell_03\0.3Acm2\528Cycles_condition_2_Real_Ageing_EIS-2-0_3.png
Stack1,528Cycles,528,2,0.3,data\Stack1\EIS\528Cycles\Real_Ageing_EIS-2-0_3.xlsx,Sheet4,Cell 05,results\figures\eis\individual\Stack1\Cell_05\0.3Acm2\528Cycles_condition_2_Real_Ageing_EIS-2-0_3.png
Stack1,528Cycles,528,2,0.3,data\Stack1\EIS\528Cycles\Real_Ageing_EIS-2-0_3.xlsx,Sheet5,Cell 10,results\figures\eis\individual\Stack1\Cell_10\0.3Acm2\528Cycles_condition_2_Real_Ageing_EIS-2-0_3.png
Stack1,528Cycles,528,2,0.3,data\Stack1\EIS\528Cycles\Real_Ageing_EIS-2-0_3.xlsx,Sheet6,Cell 15,results\figures\eis\individual\Stack1\Cell_15\0.3Acm2\528Cycles_condition_2_Real_Ageing_EIS-2-0_3.png
Stack1,528Cycles,528,2,0.3,data\Stack1\EIS\528Cycles\Real_Ageing_EIS-2-0_3.xlsx,Sheet7,Cell 20,results\figures\eis\individual\Stack1\Cell_20\0.3Acm2\528Cycles_condition_2_Real_Ageing_EIS-2-0_3.png
Stack1,528Cycles,528,2,0.3,data\Stack1\EIS\528Cycles\Real_Ageing_EIS-2-0_3.xlsx,Sheet8,Cell 22,results\figures\eis\individual\Stack1\Cell_22\0.3Acm2\528Cycles_condition_2_Real_Ageing_EIS-2-0_3.png
Stack1,528Cycles,528,2,0.3,data\Stack1\EIS\528Cycles\Real_Ageing_EIS-2-0_3.xlsx,Sheet9,Cell 24,results\figures\eis\individual\Stack1\Cell_24\0.3Acm2\528Cycles_condition_2_Real_Ageing_EIS-2-0_3.png
Stack1,528Cycles,528,2,0.7,data\Stack1\EIS\528Cycles\Real_Ageing_EIS-2-0_7.xlsx,Sheet1,Whole Stack,results\figures\eis\individual\Stack1\Whole_Stack\0.7Acm2\528Cycles_condition_2_Real_Ageing_EIS-2-0_7.png
Stack1,528Cycles,528,2,0.7,data\Stack1\EIS\528Cycles\Real_Ageing_EIS-2-0_7.xlsx,Sheet2,Cell 01,results\figures\eis\individual\Stack1\Cell_01\0.7Acm2\528Cycles_condition_2_Real_Ageing_EIS-2-0_7.png
Stack1,528Cycles,528,2,0.7,data\Stack1\EIS\528Cycles\Real_Ageing_EIS-2-0_7.xlsx,Sheet3,Cell 03,results\figures\eis\individual\Stack1\Cell_03\0.7Acm2\528Cycles_condition_2_Real_Ageing_EIS-2-0_7.png
Stack1,528Cycles,528,2,0.7,data\Stack1\EIS\528Cycles\Real_Ageing_EIS-2-0_7.xlsx,Sheet4,Cell 05,results\figures\eis\individual\Stack1\Cell_05\0.7Acm2\528Cycles_condition_2_Real_Ageing_EIS-2-0_7.png
Stack1,528Cycles,528,2,0.7,data\Stack1\EIS\528Cycles\Real_Ageing_EIS-2-0_7.xlsx,Sheet5,Cell 10,results\figures\eis\individual\Stack1\Cell_10\0.7Acm2\528Cycles_condition_2_Real_Ageing_EIS-2-0_7.png
Stack1,528Cycles,528,2,0.7,data\Stack1\EIS\528Cycles\Real_Ageing_EIS-2-0_7.xlsx,Sheet6,Cell 15,results\figures\eis\individual\Stack1\Cell_15\0.7Acm2\528Cycles_condition_2_Real_Ageing_EIS-2-0_7.png
Stack1,528Cycles,528,2,0.7,data\Stack1\EIS\528Cycles\Real_Ageing_EIS-2-0_7.xlsx,Sheet7,Cell 20,results\figures\eis\individual\Stack1\Cell_20\0.7Acm2\528Cycles_condition_2_Real_Ageing_EIS-2-0_7.png
Stack1,528Cycles,528,2,0.7,data\Stack1\EIS\528Cycles\Real_Ageing_EIS-2-0_7.xlsx,Sheet8,Cell 22,results\figures\eis\individual\Stack1\Cell_22\0.7Acm2\528Cycles_condition_2_Real_Ageing_EIS-2-0_7.png
Stack1,528Cycles,528,2,0.7,data\Stack1\EIS\528Cycles\Real_Ageing_EIS-2-0_7.xlsx,Sheet9,Cell 24,results\figures\eis\individual\Stack1\Cell_24\0.7Acm2\528Cycles_condition_2_Real_Ageing_EIS-2-0_7.png
Stack1,528Cycles,528,2,1.0,data\Stack1\EIS\528Cycles\Real_Ageing_EIS-2-1_0.xlsx,Sheet1,Whole Stack,results\figures\eis\individual\Stack1\Whole_Stack\1Acm2\528Cycles_condition_2_Real_Ageing_EIS-2-1_0.png
Stack1,528Cycles,528,2,1.0,data\Stack1\EIS\528Cycles\Real_Ageing_EIS-2-1_0.xlsx,Sheet2,Cell 01,results\figures\eis\individual\Stack1\Cell_01\1Acm2\528Cycles_condition_2_Real_Ageing_EIS-2-1_0.png
Stack1,528Cycles,528,2,1.0,data\Stack1\EIS\528Cycles\Real_Ageing_EIS-2-1_0.xlsx,Sheet3,Cell 03,results\figures\eis\individual\Stack1\Cell_03\1Acm2\528Cycles_condition_2_Real_Ageing_EIS-2-1_0.png
Stack1,528Cycles,528,2,1.0,data\Stack1\EIS\528Cycles\Real_Ageing_EIS-2-1_0.xlsx,Sheet4,Cell 05,results\figures\eis\individual\Stack1\Cell_05\1Acm2\528Cycles_condition_2_Real_Ageing_EIS-2-1_0.png
Stack1,528Cycles,528,2,1.0,data\Stack1\EIS\528Cycles\Real_Ageing_EIS-2-1_0.xlsx,Sheet5,Cell 10,results\figures\eis\individual\Stack1\Cell_10\1Acm2\528Cycles_condition_2_Real_Ageing_EIS-2-1_0.png
Stack1,528Cycles,528,2,1.0,data\Stack1\EIS\528Cycles\Real_Ageing_EIS-2-1_0.xlsx,Sheet6,Cell 15,results\figures\eis\individual\Stack1\Cell_15\1Acm2\528Cycles_condition_2_Real_Ageing_EIS-2-1_0.png
Stack1,528Cycles,528,2,1.0,data\Stack1\EIS\528Cycles\Real_Ageing_EIS-2-1_0.xlsx,Sheet7,Cell 20,results\figures\eis\individual\Stack1\Cell_20\1Acm2\528Cycles_condition_2_Real_Ageing_EIS-2-1_0.png
Stack1,528Cycles,528,2,1.0,data\Stack1\EIS\528Cycles\Real_Ageing_EIS-2-1_0.xlsx,Sheet8,Cell 22,results\figures\eis\individual\Stack1\Cell_22\1Acm2\528Cycles_condition_2_Real_Ageing_EIS-2-1_0.png
Stack1,528Cycles,528,2,1.0,data\Stack1\EIS\528Cycles\Real_Ageing_EIS-2-1_0.xlsx,Sheet9,Cell 24,results\figures\eis\individual\Stack1\Cell_24\1Acm2\528Cycles_condition_2_Real_Ageing_EIS-2-1_0.png
Stack1,528Cycles,528,3,0.3,data\Stack1\EIS\528Cycles\Real_Ageing_EIS-3-0_3.xlsx,Sheet1,Whole Stack,results\figures\eis\individual\Stack1\Whole_Stack\0.3Acm2\528Cycles_condition_3_Real_Ageing_EIS-3-0_3.png
Stack1,528Cycles,528,3,0.3,data\Stack1\EIS\528Cycles\Real_Ageing_EIS-3-0_3.xlsx,Sheet2,Cell 01,results\figures\eis\individual\Stack1\Cell_01\0.3Acm2\528Cycles_condition_3_Real_Ageing_EIS-3-0_3.png
Stack1,528Cycles,528,3,0.3,data\Stack1\EIS\528Cycles\Real_Ageing_EIS-3-0_3.xlsx,Sheet3,Cell 03,results\figures\eis\individual\Stack1\Cell_03\0.3Acm2\528Cycles_condition_3_Real_Ageing_EIS-3-0_3.png
Stack1,528Cycles,528,3,0.3,data\Stack1\EIS\528Cycles\Real_Ageing_EIS-3-0_3.xlsx,Sheet4,Cell 05,results\figures\eis\individual\Stack1\Cell_05\0.3Acm2\528Cycles_condition_3_Real_Ageing_EIS-3-0_3.png
Stack1,528Cycles,528,3,0.3,data\Stack1\EIS\528Cycles\Real_Ageing_EIS-3-0_3.xlsx,Sheet5,Cell 10,results\figures\eis\individual\Stack1\Cell_10\0.3Acm2\528Cycles_condition_3_Real_Ageing_EIS-3-0_3.png
Stack1,528Cycles,528,3,0.3,data\Stack1\EIS\528Cycles\Real_Ageing_EIS-3-0_3.xlsx,Sheet6,Cell 15,results\figures\eis\individual\Stack1\Cell_15\0.3Acm2\528Cycles_condition_3_Real_Ageing_EIS-3-0_3.png
Stack1,528Cycles,528,3,0.3,data\Stack1\EIS\528Cycles\Real_Ageing_EIS-3-0_3.xlsx,Sheet7,Cell 20,results\figures\eis\individual\Stack1\Cell_20\0.3Acm2\528Cycles_condition_3_Real_Ageing_EIS-3-0_3.png
Stack1,528Cycles,528,3,0.3,data\Stack1\EIS\528Cycles\Real_Ageing_EIS-3-0_3.xlsx,Sheet8,Cell 22,results\figures\eis\individual\Stack1\Cell_22\0.3Acm2\528Cycles_condition_3_Real_Ageing_EIS-3-0_3.png
Stack1,528Cycles,528,3,0.3,data\Stack1\EIS\528Cycles\Real_Ageing_EIS-3-0_3.xlsx,Sheet9,Cell 24,results\figures\eis\individual\Stack1\Cell_24\0.3Acm2\528Cycles_condition_3_Real_Ageing_EIS-3-0_3.png
Stack1,528Cycles,528,3,0.7,data\Stack1\EIS\528Cycles\Real_Ageing_EIS-3-0_7.xlsx,Sheet1,Whole Stack,results\figures\eis\individual\Stack1\Whole_Stack\0.7Acm2\528Cycles_condition_3_Real_Ageing_EIS-3-0_7.png
Stack1,528Cycles,528,3,0.7,data\Stack1\EIS\528Cycles\Real_Ageing_EIS-3-0_7.xlsx,Sheet2,Cell 01,results\figures\eis\individual\Stack1\Cell_01\0.7Acm2\528Cycles_condition_3_Real_Ageing_EIS-3-0_7.png
Stack1,528Cycles,528,3,0.7,data\Stack1\EIS\528Cycles\Real_Ageing_EIS-3-0_7.xlsx,Sheet3,Cell 03,results\figures\eis\individual\Stack1\Cell_03\0.7Acm2\528Cycles_condition_3_Real_Ageing_EIS-3-0_7.png
Stack1,528Cycles,528,3,0.7,data\Stack1\EIS\528Cycles\Real_Ageing_EIS-3-0_7.xlsx,Sheet4,Cell 05,results\figures\eis\individual\Stack1\Cell_05\0.7Acm2\528Cycles_condition_3_Real_Ageing_EIS-3-0_7.png
Stack1,528Cycles,528,3,0.7,data\Stack1\EIS\528Cycles\Real_Ageing_EIS-3-0_7.xlsx,Sheet5,Cell 10,results\figures\eis\individual\Stack1\Cell_10\0.7Acm2\528Cycles_condition_3_Real_Ageing_EIS-3-0_7.png
Stack1,528Cycles,528,3,0.7,data\Stack1\EIS\528Cycles\Real_Ageing_EIS-3-0_7.xlsx,Sheet6,Cell 15,results\figures\eis\individual\Stack1\Cell_15\0.7Acm2\528Cycles_condition_3_Real_Ageing_EIS-3-0_7.png
Stack1,528Cycles,528,3,0.7,data\Stack1\EIS\528Cycles\Real_Ageing_EIS-3-0_7.xlsx,Sheet7,Cell 20,results\figures\eis\individual\Stack1\Cell_20\0.7Acm2\528Cycles_condition_3_Real_Ageing_EIS-3-0_7.png
Stack1,528Cycles,528,3,0.7,data\Stack1\EIS\528Cycles\Real_Ageing_EIS-3-0_7.xlsx,Sheet8,Cell 22,results\figures\eis\individual\Stack1\Cell_22\0.7Acm2\528Cycles_condition_3_Real_Ageing_EIS-3-0_7.png
Stack1,528Cycles,528,3,0.7,data\Stack1\EIS\528Cycles\Real_Ageing_EIS-3-0_7.xlsx,Sheet9,Cell 24,results\figures\eis\individual\Stack1\Cell_24\0.7Acm2\528Cycles_condition_3_Real_Ageing_EIS-3-0_7.png
Stack1,528Cycles,528,3B,0.7,data\Stack1\EIS\528Cycles\Real_Ageing_EIS-3B-0_7.xlsx,Sheet1,Whole Stack,results\figures\eis\individual\Stack1\Whole_Stack\0.7Acm2\528Cycles_condition_3B_Real_Ageing_EIS-3B-0_7.png
Stack1,528Cycles,528,3B,0.7,data\Stack1\EIS\528Cycles\Real_Ageing_EIS-3B-0_7.xlsx,Sheet2,Cell 01,results\figures\eis\individual\Stack1\Cell_01\0.7Acm2\528Cycles_condition_3B_Real_Ageing_EIS-3B-0_7.png
Stack1,528Cycles,528,3B,0.7,data\Stack1\EIS\528Cycles\Real_Ageing_EIS-3B-0_7.xlsx,Sheet3,Cell 03,results\figures\eis\individual\Stack1\Cell_03\0.7Acm2\528Cycles_condition_3B_Real_Ageing_EIS-3B-0_7.png
Stack1,528Cycles,528,3B,0.7,data\Stack1\EIS\528Cycles\Real_Ageing_EIS-3B-0_7.xlsx,Sheet4,Cell 05,results\figures\eis\individual\Stack1\Cell_05\0.7Acm2\528Cycles_condition_3B_Real_Ageing_EIS-3B-0_7.png
Stack1,528Cycles,528,3B,0.7,data\Stack1\EIS\528Cycles\Real_Ageing_EIS-3B-0_7.xlsx,Sheet5,Cell 10,results\figures\eis\individual\Stack1\Cell_10\0.7Acm2\528Cycles_condition_3B_Real_Ageing_EIS-3B-0_7.png
Stack1,528Cycles,528,3B,0.7,data\Stack1\EIS\528Cycles\Real_Ageing_EIS-3B-0_7.xlsx,Sheet6,Cell 15,results\figures\eis\individual\Stack1\Cell_15\0.7Acm2\528Cycles_condition_3B_Real_Ageing_EIS-3B-0_7.png
Stack1,528Cycles,528,3B,0.7,data\Stack1\EIS\528Cycles\Real_Ageing_EIS-3B-0_7.xlsx,Sheet7,Cell 20,results\figures\eis\individual\Stack1\Cell_20\0.7Acm2\528Cycles_condition_3B_Real_Ageing_EIS-3B-0_7.png
Stack1,528Cycles,528,3B,0.7,data\Stack1\EIS\528Cycles\Real_Ageing_EIS-3B-0_7.xlsx,Sheet8,Cell 22,results\figures\eis\individual\Stack1\Cell_22\0.7Acm2\528Cycles_condition_3B_Real_Ageing_EIS-3B-0_7.png
Stack1,528Cycles,528,3B,0.7,data\Stack1\EIS\528Cycles\Real_Ageing_EIS-3B-0_7.xlsx,Sheet9,Cell 24,results\figures\eis\individual\Stack1\Cell_24\0.7Acm2\528Cycles_condition_3B_Real_Ageing_EIS-3B-0_7.png
Stack1,528Cycles,528,4,0.3,data\Stack1\EIS\528Cycles\Real_Ageing_EIS-4-0_3.xlsx,Sheet1,Whole Stack,results\figures\eis\individual\Stack1\Whole_Stack\0.3Acm2\528Cycles_condition_4_Real_Ageing_EIS-4-0_3.png
Stack1,528Cycles,528,4,0.3,data\Stack1\EIS\528Cycles\Real_Ageing_EIS-4-0_3.xlsx,Sheet2,Cell 01,results\figures\eis\individual\Stack1\Cell_01\0.3Acm2\528Cycles_condition_4_Real_Ageing_EIS-4-0_3.png
Stack1,528Cycles,528,4,0.3,data\Stack1\EIS\528Cycles\Real_Ageing_EIS-4-0_3.xlsx,Sheet3,Cell 03,results\figures\eis\individual\Stack1\Cell_03\0.3Acm2\528Cycles_condition_4_Real_Ageing_EIS-4-0_3.png
Stack1,528Cycles,528,4,0.3,data\Stack1\EIS\528Cycles\Real_Ageing_EIS-4-0_3.xlsx,Sheet4,Cell 05,results\figures\eis\individual\Stack1\Cell_05\0.3Acm2\528Cycles_condition_4_Real_Ageing_EIS-4-0_3.png
Stack1,528Cycles,528,4,0.3,data\Stack1\EIS\528Cycles\Real_Ageing_EIS-4-0_3.xlsx,Sheet5,Cell 10,results\figures\eis\individual\Stack1\Cell_10\0.3Acm2\528Cycles_condition_4_Real_Ageing_EIS-4-0_3.png
Stack1,528Cycles,528,4,0.3,data\Stack1\EIS\528Cycles\Real_Ageing_EIS-4-0_3.xlsx,Sheet6,Cell 15,results\figures\eis\individual\Stack1\Cell_15\0.3Acm2\528Cycles_condition_4_Real_Ageing_EIS-4-0_3.png
Stack1,528Cycles,528,4,0.3,data\Stack1\EIS\528Cycles\Real_Ageing_EIS-4-0_3.xlsx,Sheet7,Cell 20,results\figures\eis\individual\Stack1\Cell_20\0.3Acm2\528Cycles_condition_4_Real_Ageing_EIS-4-0_3.png
Stack1,528Cycles,528,4,0.3,data\Stack1\EIS\528Cycles\Real_Ageing_EIS-4-0_3.xlsx,Sheet8,Cell 22,results\figures\eis\individual\Stack1\Cell_22\0.3Acm2\528Cycles_condition_4_Real_Ageing_EIS-4-0_3.png
Stack1,528Cycles,528,4,0.3,data\Stack1\EIS\528Cycles\Real_Ageing_EIS-4-0_3.xlsx,Sheet9,Cell 24,results\figures\eis\individual\Stack1\Cell_24\0.3Acm2\528Cycles_condition_4_Real_Ageing_EIS-4-0_3.png
Stack1,528Cycles,528,4,0.7,data\Stack1\EIS\528Cycles\Real_Ageing_EIS-4-0_7.xlsx,Sheet1,Whole Stack,results\figures\eis\individual\Stack1\Whole_Stack\0.7Acm2\528Cycles_condition_4_Real_Ageing_EIS-4-0_7.png
Stack1,528Cycles,528,4,0.7,data\Stack1\EIS\528Cycles\Real_Ageing_EIS-4-0_7.xlsx,Sheet2,Cell 01,results\figures\eis\individual\Stack1\Cell_01\0.7Acm2\528Cycles_condition_4_Real_Ageing_EIS-4-0_7.png
Stack1,528Cycles,528,4,0.7,data\Stack1\EIS\528Cycles\Real_Ageing_EIS-4-0_7.xlsx,Sheet3,Cell 03,results\figures\eis\individual\Stack1\Cell_03\0.7Acm2\528Cycles_condition_4_Real_Ageing_EIS-4-0_7.png
Stack1,528Cycles,528,4,0.7,data\Stack1\EIS\528Cycles\Real_Ageing_EIS-4-0_7.xlsx,Sheet4,Cell 05,results\figures\eis\individual\Stack1\Cell_05\0.7Acm2\528Cycles_condition_4_Real_Ageing_EIS-4-0_7.png
Stack1,528Cycles,528,4,0.7,data\Stack1\EIS\528Cycles\Real_Ageing_EIS-4-0_7.xlsx,Sheet5,Cell 10,results\figures\eis\individual\Stack1\Cell_10\0.7Acm2\528Cycles_condition_4_Real_Ageing_EIS-4-0_7.png
Stack1,528Cycles,528,4,0.7,data\Stack1\EIS\528Cycles\Real_Ageing_EIS-4-0_7.xlsx,Sheet6,Cell 15,results\figures\eis\individual\Stack1\Cell_15\0.7Acm2\528Cycles_condition_4_Real_Ageing_EIS-4-0_7.png
Stack1,528Cycles,528,4,0.7,data\Stack1\EIS\528Cycles\Real_Ageing_EIS-4-0_7.xlsx,Sheet7,Cell 20,results\figures\eis\individual\Stack1\Cell_20\0.7Acm2\528Cycles_condition_4_Real_Ageing_EIS-4-0_7.png
Stack1,528Cycles,528,4,0.7,data\Stack1\EIS\528Cycles\Real_Ageing_EIS-4-0_7.xlsx,Sheet8,Cell 22,results\figures\eis\individual\Stack1\Cell_22\0.7Acm2\528Cycles_condition_4_Real_Ageing_EIS-4-0_7.png
Stack1,528Cycles,528,4,0.7,data\Stack1\EIS\528Cycles\Real_Ageing_EIS-4-0_7.xlsx,Sheet9,Cell 24,results\figures\eis\individual\Stack1\Cell_24\0.7Acm2\528Cycles_condition_4_Real_Ageing_EIS-4-0_7.png
Stack1,528Cycles,528,5,0.3,data\Stack1\EIS\528Cycles\Real_Ageing_EIS-5-0_3.xlsx,Sheet1,Whole Stack,results\figures\eis\individual\Stack1\Whole_Stack\0.3Acm2\528Cycles_condition_5_Real_Ageing_EIS-5-0_3.png
Stack1,528Cycles,528,5,0.3,data\Stack1\EIS\528Cycles\Real_Ageing_EIS-5-0_3.xlsx,Sheet2,Cell 01,results\figures\eis\individual\Stack1\Cell_01\0.3Acm2\528Cycles_condition_5_Real_Ageing_EIS-5-0_3.png
Stack1,528Cycles,528,5,0.3,data\Stack1\EIS\528Cycles\Real_Ageing_EIS-5-0_3.xlsx,Sheet3,Cell 03,results\figures\eis\individual\Stack1\Cell_03\0.3Acm2\528Cycles_condition_5_Real_Ageing_EIS-5-0_3.png
Stack1,528Cycles,528,5,0.3,data\Stack1\EIS\528Cycles\Real_Ageing_EIS-5-0_3.xlsx,Sheet4,Cell 05,results\figures\eis\individual\Stack1\Cell_05\0.3Acm2\528Cycles_condition_5_Real_Ageing_EIS-5-0_3.png
Stack1,528Cycles,528,5,0.3,data\Stack1\EIS\528Cycles\Real_Ageing_EIS-5-0_3.xlsx,Sheet5,Cell 10,results\figures\eis\individual\Stack1\Cell_10\0.3Acm2\528Cycles_condition_5_Real_Ageing_EIS-5-0_3.png
Stack1,528Cycles,528,5,0.3,data\Stack1\EIS\528Cycles\Real_Ageing_EIS-5-0_3.xlsx,Sheet6,Cell 15,results\figures\eis\individual\Stack1\Cell_15\0.3Acm2\528Cycles_condition_5_Real_Ageing_EIS-5-0_3.png
Stack1,528Cycles,528,5,0.3,data\Stack1\EIS\528Cycles\Real_Ageing_EIS-5-0_3.xlsx,Sheet7,Cell 20,results\figures\eis\individual\Stack1\Cell_20\0.3Acm2\528Cycles_condition_5_Real_Ageing_EIS-5-0_3.png
Stack1,528Cycles,528,5,0.3,data\Stack1\EIS\528Cycles\Real_Ageing_EIS-5-0_3.xlsx,Sheet8,Cell 22,results\figures\eis\individual\Stack1\Cell_22\0.3Acm2\528Cycles_condition_5_Real_Ageing_EIS-5-0_3.png
Stack1,528Cycles,528,5,0.3,data\Stack1\EIS\528Cycles\Real_Ageing_EIS-5-0_3.xlsx,Sheet9,Cell 24,results\figures\eis\individual\Stack1\Cell_24\0.3Acm2\528Cycles_condition_5_Real_Ageing_EIS-5-0_3.png
Stack1,528Cycles,528,5,0.7,data\Stack1\EIS\528Cycles\Real_Ageing_EIS-5-0_7.xlsx,Sheet1,Whole Stack,results\figures\eis\individual\Stack1\Whole_Stack\0.7Acm2\528Cycles_condition_5_Real_Ageing_EIS-5-0_7.png
Stack1,528Cycles,528,5,0.7,data\Stack1\EIS\528Cycles\Real_Ageing_EIS-5-0_7.xlsx,Sheet2,Cell 01,results\figures\eis\individual\Stack1\Cell_01\0.7Acm2\528Cycles_condition_5_Real_Ageing_EIS-5-0_7.png
Stack1,528Cycles,528,5,0.7,data\Stack1\EIS\528Cycles\Real_Ageing_EIS-5-0_7.xlsx,Sheet3,Cell 03,results\figures\eis\individual\Stack1\Cell_03\0.7Acm2\528Cycles_condition_5_Real_Ageing_EIS-5-0_7.png
Stack1,528Cycles,528,5,0.7,data\Stack1\EIS\528Cycles\Real_Ageing_EIS-5-0_7.xlsx,Sheet4,Cell 05,results\figures\eis\individual\Stack1\Cell_05\0.7Acm2\528Cycles_condition_5_Real_Ageing_EIS-5-0_7.png
Stack1,528Cycles,528,5,0.7,data\Stack1\EIS\528Cycles\Real_Ageing_EIS-5-0_7.xlsx,Sheet5,Cell 10,results\figures\eis\individual\Stack1\Cell_10\0.7Acm2\528Cycles_condition_5_Real_Ageing_EIS-5-0_7.png
Stack1,528Cycles,528,5,0.7,data\Stack1\EIS\528Cycles\Real_Ageing_EIS-5-0_7.xlsx,Sheet6,Cell 15,results\figures\eis\individual\Stack1\Cell_15\0.7Acm2\528Cycles_condition_5_Real_Ageing_EIS-5-0_7.png
Stack1,528Cycles,528,5,0.7,data\Stack1\EIS\528Cycles\Real_Ageing_EIS-5-0_7.xlsx,Sheet7,Cell 20,results\figures\eis\individual\Stack1\Cell_20\0.7Acm2\528Cycles_condition_5_Real_Ageing_EIS-5-0_7.png
Stack1,528Cycles,528,5,0.7,data\Stack1\EIS\528Cycles\Real_Ageing_EIS-5-0_7.xlsx,Sheet8,Cell 22,results\figures\eis\individual\Stack1\Cell_22\0.7Acm2\528Cycles_condition_5_Real_Ageing_EIS-5-0_7.png
Stack1,528Cycles,528,5,0.7,data\Stack1\EIS\528Cycles\Real_Ageing_EIS-5-0_7.xlsx,Sheet9,Cell 24,results\figures\eis\individual\Stack1\Cell_24\0.7Acm2\528Cycles_condition_5_Real_Ageing_EIS-5-0_7.png
Stack1,528Cycles,528,6,0.3,data\Stack1\EIS\528Cycles\Real_Ageing_EIS-6-0_3.xlsx,Sheet1,Whole Stack,results\figures\eis\individual\Stack1\Whole_Stack\0.3Acm2\528Cycles_condition_6_Real_Ageing_EIS-6-0_3.png
Stack1,528Cycles,528,6,0.3,data\Stack1\EIS\528Cycles\Real_Ageing_EIS-6-0_3.xlsx,Sheet2,Cell 01,results\figures\eis\individual\Stack1\Cell_01\0.3Acm2\528Cycles_condition_6_Real_Ageing_EIS-6-0_3.png
Stack1,528Cycles,528,6,0.3,data\Stack1\EIS\528Cycles\Real_Ageing_EIS-6-0_3.xlsx,Sheet3,Cell 03,results\figures\eis\individual\Stack1\Cell_03\0.3Acm2\528Cycles_condition_6_Real_Ageing_EIS-6-0_3.png
Stack1,528Cycles,528,6,0.3,data\Stack1\EIS\528Cycles\Real_Ageing_EIS-6-0_3.xlsx,Sheet4,Cell 05,results\figures\eis\individual\Stack1\Cell_05\0.3Acm2\528Cycles_condition_6_Real_Ageing_EIS-6-0_3.png
Stack1,528Cycles,528,6,0.3,data\Stack1\EIS\528Cycles\Real_Ageing_EIS-6-0_3.xlsx,Sheet5,Cell 10,results\figures\eis\individual\Stack1\Cell_10\0.3Acm2\528Cycles_condition_6_Real_Ageing_EIS-6-0_3.png
Stack1,528Cycles,528,6,0.3,data\Stack1\EIS\528Cycles\Real_Ageing_EIS-6-0_3.xlsx,Sheet6,Cell 15,results\figures\eis\individual\Stack1\Cell_15\0.3Acm2\528Cycles_condition_6_Real_Ageing_EIS-6-0_3.png
Stack1,528Cycles,528,6,0.3,data\Stack1\EIS\528Cycles\Real_Ageing_EIS-6-0_3.xlsx,Sheet7,Cell 20,results\figures\eis\individual\Stack1\Cell_20\0.3Acm2\528Cycles_condition_6_Real_Ageing_EIS-6-0_3.png
Stack1,528Cycles,528,6,0.3,data\Stack1\EIS\528Cycles\Real_Ageing_EIS-6-0_3.xlsx,Sheet8,Cell 22,results\figures\eis\individual\Stack1\Cell_22\0.3Acm2\528Cycles_condition_6_Real_Ageing_EIS-6-0_3.png
Stack1,528Cycles,528,6,0.3,data\Stack1\EIS\528Cycles\Real_Ageing_EIS-6-0_3.xlsx,Sheet9,Cell 24,results\figures\eis\individual\Stack1\Cell_24\0.3Acm2\528Cycles_condition_6_Real_Ageing_EIS-6-0_3.png
Stack1,528Cycles,528,6,0.7,data\Stack1\EIS\528Cycles\Real_Ageing_EIS-6-0_7.xlsx,Sheet1,Whole Stack,results\figures\eis\individual\Stack1\Whole_Stack\0.7Acm2\528Cycles_condition_6_Real_Ageing_EIS-6-0_7.png
Stack1,528Cycles,528,6,0.7,data\Stack1\EIS\528Cycles\Real_Ageing_EIS-6-0_7.xlsx,Sheet2,Cell 01,results\figures\eis\individual\Stack1\Cell_01\0.7Acm2\528Cycles_condition_6_Real_Ageing_EIS-6-0_7.png
Stack1,528Cycles,528,6,0.7,data\Stack1\EIS\528Cycles\Real_Ageing_EIS-6-0_7.xlsx,Sheet3,Cell 03,results\figures\eis\individual\Stack1\Cell_03\0.7Acm2\528Cycles_condition_6_Real_Ageing_EIS-6-0_7.png
Stack1,528Cycles,528,6,0.7,data\Stack1\EIS\528Cycles\Real_Ageing_EIS-6-0_7.xlsx,Sheet4,Cell 05,results\figures\eis\individual\Stack1\Cell_05\0.7Acm2\528Cycles_condition_6_Real_Ageing_EIS-6-0_7.png
Stack1,528Cycles,528,6,0.7,data\Stack1\EIS\528Cycles\Real_Ageing_EIS-6-0_7.xlsx,Sheet5,Cell 10,results\figures\eis\individual\Stack1\Cell_10\0.7Acm2\528Cycles_condition_6_Real_Ageing_EIS-6-0_7.png
Stack1,528Cycles,528,6,0.7,data\Stack1\EIS\528Cycles\Real_Ageing_EIS-6-0_7.xlsx,Sheet6,Cell 15,results\figures\eis\individual\Stack1\Cell_15\0.7Acm2\528Cycles_condition_6_Real_Ageing_EIS-6-0_7.png
Stack1,528Cycles,528,6,0.7,data\Stack1\EIS\528Cycles\Real_Ageing_EIS-6-0_7.xlsx,Sheet7,Cell 20,results\figures\eis\individual\Stack1\Cell_20\0.7Acm2\528Cycles_condition_6_Real_Ageing_EIS-6-0_7.png
Stack1,528Cycles,528,6,0.7,data\Stack1\EIS\528Cycles\Real_Ageing_EIS-6-0_7.xlsx,Sheet8,Cell 22,results\figures\eis\individual\Stack1\Cell_22\0.7Acm2\528Cycles_condition_6_Real_Ageing_EIS-6-0_7.png
Stack1,528Cycles,528,6,0.7,data\Stack1\EIS\528Cycles\Real_Ageing_EIS-6-0_7.xlsx,Sheet9,Cell 24,results\figures\eis\individual\Stack1\Cell_24\0.7Acm2\528Cycles_condition_6_Real_Ageing_EIS-6-0_7.png
Stack1,528Cycles,528,6,1.0,data\Stack1\EIS\528Cycles\Real_Ageing_EIS-6-1_0.xlsx,Sheet1,Whole Stack,results\figures\eis\individual\Stack1\Whole_Stack\1Acm2\528Cycles_condition_6_Real_Ageing_EIS-6-1_0.png
Stack1,528Cycles,528,6,1.0,data\Stack1\EIS\528Cycles\Real_Ageing_EIS-6-1_0.xlsx,Sheet2,Cell 01,results\figures\eis\individual\Stack1\Cell_01\1Acm2\528Cycles_condition_6_Real_Ageing_EIS-6-1_0.png
Stack1,528Cycles,528,6,1.0,data\Stack1\EIS\528Cycles\Real_Ageing_EIS-6-1_0.xlsx,Sheet3,Cell 03,results\figures\eis\individual\Stack1\Cell_03\1Acm2\528Cycles_condition_6_Real_Ageing_EIS-6-1_0.png
Stack1,528Cycles,528,6,1.0,data\Stack1\EIS\528Cycles\Real_Ageing_EIS-6-1_0.xlsx,Sheet4,Cell 05,results\figures\eis\individual\Stack1\Cell_05\1Acm2\528Cycles_condition_6_Real_Ageing_EIS-6-1_0.png
Stack1,528Cycles,528,6,1.0,data\Stack1\EIS\528Cycles\Real_Ageing_EIS-6-1_0.xlsx,Sheet5,Cell 10,results\figures\eis\individual\Stack1\Cell_10\1Acm2\528Cycles_condition_6_Real_Ageing_EIS-6-1_0.png
Stack1,528Cycles,528,6,1.0,data\Stack1\EIS\528Cycles\Real_Ageing_EIS-6-1_0.xlsx,Sheet6,Cell 15,results\figures\eis\individual\Stack1\Cell_15\1Acm2\528Cycles_condition_6_Real_Ageing_EIS-6-1_0.png
Stack1,528Cycles,528,6,1.0,data\Stack1\EIS\528Cycles\Real_Ageing_EIS-6-1_0.xlsx,Sheet7,Cell 20,results\figures\eis\individual\Stack1\Cell_20\1Acm2\528Cycles_condition_6_Real_Ageing_EIS-6-1_0.png
Stack1,528Cycles,528,6,1.0,data\Stack1\EIS\528Cycles\Real_Ageing_EIS-6-1_0.xlsx,Sheet8,Cell 22,results\figures\eis\individual\Stack1\Cell_22\1Acm2\528Cycles_condition_6_Real_Ageing_EIS-6-1_0.png
Stack1,528Cycles,528,6,1.0,data\Stack1\EIS\528Cycles\Real_Ageing_EIS-6-1_0.xlsx,Sheet9,Cell 24,results\figures\eis\individual\Stack1\Cell_24\1Acm2\528Cycles_condition_6_Real_Ageing_EIS-6-1_0.png
Stack1,528Cycles,528,7,0.3,data\Stack1\EIS\528Cycles\Real_Ageing_EIS-7-0_3.xlsx,Sheet1,Whole Stack,results\figures\eis\individual\Stack1\Whole_Stack\0.3Acm2\528Cycles_condition_7_Real_Ageing_EIS-7-0_3.png
Stack1,528Cycles,528,7,0.3,data\Stack1\EIS\528Cycles\Real_Ageing_EIS-7-0_3.xlsx,Sheet2,Cell 01,results\figures\eis\individual\Stack1\Cell_01\0.3Acm2\528Cycles_condition_7_Real_Ageing_EIS-7-0_3.png
Stack1,528Cycles,528,7,0.3,data\Stack1\EIS\528Cycles\Real_Ageing_EIS-7-0_3.xlsx,Sheet3,Cell 03,results\figures\eis\individual\Stack1\Cell_03\0.3Acm2\528Cycles_condition_7_Real_Ageing_EIS-7-0_3.png
Stack1,528Cycles,528,7,0.3,data\Stack1\EIS\528Cycles\Real_Ageing_EIS-7-0_3.xlsx,Sheet4,Cell 05,results\figures\eis\individual\Stack1\Cell_05\0.3Acm2\528Cycles_condition_7_Real_Ageing_EIS-7-0_3.png
Stack1,528Cycles,528,7,0.3,data\Stack1\EIS\528Cycles\Real_Ageing_EIS-7-0_3.xlsx,Sheet5,Cell 10,results\figures\eis\individual\Stack1\Cell_10\0.3Acm2\528Cycles_condition_7_Real_Ageing_EIS-7-0_3.png
Stack1,528Cycles,528,7,0.3,data\Stack1\EIS\528Cycles\Real_Ageing_EIS-7-0_3.xlsx,Sheet6,Cell 15,results\figures\eis\individual\Stack1\Cell_15\0.3Acm2\528Cycles_condition_7_Real_Ageing_EIS-7-0_3.png
Stack1,528Cycles,528,7,0.3,data\Stack1\EIS\528Cycles\Real_Ageing_EIS-7-0_3.xlsx,Sheet7,Cell 20,results\figures\eis\individual\Stack1\Cell_20\0.3Acm2\528Cycles_condition_7_Real_Ageing_EIS-7-0_3.png
Stack1,528Cycles,528,7,0.3,data\Stack1\EIS\528Cycles\Real_Ageing_EIS-7-0_3.xlsx,Sheet8,Cell 22,results\figures\eis\individual\Stack1\Cell_22\0.3Acm2\528Cycles_condition_7_Real_Ageing_EIS-7-0_3.png
Stack1,528Cycles,528,7,0.3,data\Stack1\EIS\528Cycles\Real_Ageing_EIS-7-0_3.xlsx,Sheet9,Cell 24,results\figures\eis\individual\Stack1\Cell_24\0.3Acm2\528Cycles_condition_7_Real_Ageing_EIS-7-0_3.png
Stack1,528Cycles,528,7,0.7,data\Stack1\EIS\528Cycles\Real_Ageing_EIS-7-0_7.xlsx,Sheet1,Whole Stack,results\figures\eis\individual\Stack1\Whole_Stack\0.7Acm2\528Cycles_condition_7_Real_Ageing_EIS-7-0_7.png
Stack1,528Cycles,528,7,0.7,data\Stack1\EIS\528Cycles\Real_Ageing_EIS-7-0_7.xlsx,Sheet2,Cell 01,results\figures\eis\individual\Stack1\Cell_01\0.7Acm2\528Cycles_condition_7_Real_Ageing_EIS-7-0_7.png
Stack1,528Cycles,528,7,0.7,data\Stack1\EIS\528Cycles\Real_Ageing_EIS-7-0_7.xlsx,Sheet3,Cell 03,results\figures\eis\individual\Stack1\Cell_03\0.7Acm2\528Cycles_condition_7_Real_Ageing_EIS-7-0_7.png
Stack1,528Cycles,528,7,0.7,data\Stack1\EIS\528Cycles\Real_Ageing_EIS-7-0_7.xlsx,Sheet4,Cell 05,results\figures\eis\individual\Stack1\Cell_05\0.7Acm2\528Cycles_condition_7_Real_Ageing_EIS-7-0_7.png
Stack1,528Cycles,528,7,0.7,data\Stack1\EIS\528Cycles\Real_Ageing_EIS-7-0_7.xlsx,Sheet5,Cell 10,results\figures\eis\individual\Stack1\Cell_10\0.7Acm2\528Cycles_condition_7_Real_Ageing_EIS-7-0_7.png
Stack1,528Cycles,528,7,0.7,data\Stack1\EIS\528Cycles\Real_Ageing_EIS-7-0_7.xlsx,Sheet6,Cell 15,results\figures\eis\individual\Stack1\Cell_15\0.7Acm2\528Cycles_condition_7_Real_Ageing_EIS-7-0_7.png
Stack1,528Cycles,528,7,0.7,data\Stack1\EIS\528Cycles\Real_Ageing_EIS-7-0_7.xlsx,Sheet7,Cell 20,results\figures\eis\individual\Stack1\Cell_20\0.7Acm2\528Cycles_condition_7_Real_Ageing_EIS-7-0_7.png
Stack1,528Cycles,528,7,0.7,data\Stack1\EIS\528Cycles\Real_Ageing_EIS-7-0_7.xlsx,Sheet8,Cell 22,results\figures\eis\individual\Stack1\Cell_22\0.7Acm2\528Cycles_condition_7_Real_Ageing_EIS-7-0_7.png
Stack1,528Cycles,528,7,0.7,data\Stack1\EIS\528Cycles\Real_Ageing_EIS-7-0_7.xlsx,Sheet9,Cell 24,results\figures\eis\individual\Stack1\Cell_24\0.7Acm2\528Cycles_condition_7_Real_Ageing_EIS-7-0_7.png
Stack1,528Cycles,528,7,1.0,data\Stack1\EIS\528Cycles\Real_Ageing_EIS-7-1_0.xlsx,Sheet1,Whole Stack,results\figures\eis\individual\Stack1\Whole_Stack\1Acm2\528Cycles_condition_7_Real_Ageing_EIS-7-1_0.png
Stack1,528Cycles,528,7,1.0,data\Stack1\EIS\528Cycles\Real_Ageing_EIS-7-1_0.xlsx,Sheet2,Cell 01,results\figures\eis\individual\Stack1\Cell_01\1Acm2\528Cycles_condition_7_Real_Ageing_EIS-7-1_0.png
Stack1,528Cycles,528,7,1.0,data\Stack1\EIS\528Cycles\Real_Ageing_EIS-7-1_0.xlsx,Sheet3,Cell 03,results\figures\eis\individual\Stack1\Cell_03\1Acm2\528Cycles_condition_7_Real_Ageing_EIS-7-1_0.png
Stack1,528Cycles,528,7,1.0,data\Stack1\EIS\528Cycles\Real_Ageing_EIS-7-1_0.xlsx,Sheet4,Cell 05,results\figures\eis\individual\Stack1\Cell_05\1Acm2\528Cycles_condition_7_Real_Ageing_EIS-7-1_0.png
Stack1,528Cycles,528,7,1.0,data\Stack1\EIS\528Cycles\Real_Ageing_EIS-7-1_0.xlsx,Sheet5,Cell 10,results\figures\eis\individual\Stack1\Cell_10\1Acm2\528Cycles_condition_7_Real_Ageing_EIS-7-1_0.png
Stack1,528Cycles,528,7,1.0,data\Stack1\EIS\528Cycles\Real_Ageing_EIS-7-1_0.xlsx,Sheet6,Cell 15,results\figures\eis\individual\Stack1\Cell_15\1Acm2\528Cycles_condition_7_Real_Ageing_EIS-7-1_0.png
Stack1,528Cycles,528,7,1.0,data\Stack1\EIS\528Cycles\Real_Ageing_EIS-7-1_0.xlsx,Sheet7,Cell 20,results\figures\eis\individual\Stack1\Cell_20\1Acm2\528Cycles_condition_7_Real_Ageing_EIS-7-1_0.png
Stack1,528Cycles,528,7,1.0,data\Stack1\EIS\528Cycles\Real_Ageing_EIS-7-1_0.xlsx,Sheet8,Cell 22,results\figures\eis\individual\Stack1\Cell_22\1Acm2\528Cycles_condition_7_Real_Ageing_EIS-7-1_0.png
Stack1,528Cycles,528,7,1.0,data\Stack1\EIS\528Cycles\Real_Ageing_EIS-7-1_0.xlsx,Sheet9,Cell 24,results\figures\eis\individual\Stack1\Cell_24\1Acm2\528Cycles_condition_7_Real_Ageing_EIS-7-1_0.png
Stack1,58Cycles,58,1,0.3,data\Stack1\EIS\58Cycles\Real_Ageing_EIS-1-0_3.xlsx,Sheet1,Whole Stack,results\figures\eis\individual\Stack1\Whole_Stack\0.3Acm2\58Cycles_condition_1_Real_Ageing_EIS-1-0_3.png
Stack1,58Cycles,58,1,0.3,data\Stack1\EIS\58Cycles\Real_Ageing_EIS-1-0_3.xlsx,Sheet2,Cell 01,results\figures\eis\individual\Stack1\Cell_01\0.3Acm2\58Cycles_condition_1_Real_Ageing_EIS-1-0_3.png
Stack1,58Cycles,58,1,0.3,data\Stack1\EIS\58Cycles\Real_Ageing_EIS-1-0_3.xlsx,Sheet3,Cell 03,results\figures\eis\individual\Stack1\Cell_03\0.3Acm2\58Cycles_condition_1_Real_Ageing_EIS-1-0_3.png
Stack1,58Cycles,58,1,0.3,data\Stack1\EIS\58Cycles\Real_Ageing_EIS-1-0_3.xlsx,Sheet4,Cell 05,results\figures\eis\individual\Stack1\Cell_05\0.3Acm2\58Cycles_condition_1_Real_Ageing_EIS-1-0_3.png
Stack1,58Cycles,58,1,0.3,data\Stack1\EIS\58Cycles\Real_Ageing_EIS-1-0_3.xlsx,Sheet5,Cell 10,results\figures\eis\individual\Stack1\Cell_10\0.3Acm2\58Cycles_condition_1_Real_Ageing_EIS-1-0_3.png
Stack1,58Cycles,58,1,0.3,data\Stack1\EIS\58Cycles\Real_Ageing_EIS-1-0_3.xlsx,Sheet6,Cell 15,results\figures\eis\individual\Stack1\Cell_15\0.3Acm2\58Cycles_condition_1_Real_Ageing_EIS-1-0_3.png
Stack1,58Cycles,58,1,0.3,data\Stack1\EIS\58Cycles\Real_Ageing_EIS-1-0_3.xlsx,Sheet7,Cell 20,results\figures\eis\individual\Stack1\Cell_20\0.3Acm2\58Cycles_condition_1_Real_Ageing_EIS-1-0_3.png
Stack1,58Cycles,58,1,0.3,data\Stack1\EIS\58Cycles\Real_Ageing_EIS-1-0_3.xlsx,Sheet8,Cell 22,results\figures\eis\individual\Stack1\Cell_22\0.3Acm2\58Cycles_condition_1_Real_Ageing_EIS-1-0_3.png
Stack1,58Cycles,58,1,0.3,data\Stack1\EIS\58Cycles\Real_Ageing_EIS-1-0_3.xlsx,Sheet9,Cell 24,results\figures\eis\individual\Stack1\Cell_24\0.3Acm2\58Cycles_condition_1_Real_Ageing_EIS-1-0_3.png
Stack1,58Cycles,58,1,0.7,data\Stack1\EIS\58Cycles\Real_Ageing_EIS-1-0_7.xlsx,Sheet1,Whole Stack,results\figures\eis\individual\Stack1\Whole_Stack\0.7Acm2\58Cycles_condition_1_Real_Ageing_EIS-1-0_7.png
Stack1,58Cycles,58,1,0.7,data\Stack1\EIS\58Cycles\Real_Ageing_EIS-1-0_7.xlsx,Sheet2,Cell 01,results\figures\eis\individual\Stack1\Cell_01\0.7Acm2\58Cycles_condition_1_Real_Ageing_EIS-1-0_7.png
Stack1,58Cycles,58,1,0.7,data\Stack1\EIS\58Cycles\Real_Ageing_EIS-1-0_7.xlsx,Sheet3,Cell 03,results\figures\eis\individual\Stack1\Cell_03\0.7Acm2\58Cycles_condition_1_Real_Ageing_EIS-1-0_7.png
Stack1,58Cycles,58,1,0.7,data\Stack1\EIS\58Cycles\Real_Ageing_EIS-1-0_7.xlsx,Sheet4,Cell 05,results\figures\eis\individual\Stack1\Cell_05\0.7Acm2\58Cycles_condition_1_Real_Ageing_EIS-1-0_7.png
Stack1,58Cycles,58,1,0.7,data\Stack1\EIS\58Cycles\Real_Ageing_EIS-1-0_7.xlsx,Sheet5,Cell 10,results\figures\eis\individual\Stack1\Cell_10\0.7Acm2\58Cycles_condition_1_Real_Ageing_EIS-1-0_7.png
Stack1,58Cycles,58,1,0.7,data\Stack1\EIS\58Cycles\Real_Ageing_EIS-1-0_7.xlsx,Sheet6,Cell 15,results\figures\eis\individual\Stack1\Cell_15\0.7Acm2\58Cycles_condition_1_Real_Ageing_EIS-1-0_7.png
Stack1,58Cycles,58,1,0.7,data\Stack1\EIS\58Cycles\Real_Ageing_EIS-1-0_7.xlsx,Sheet7,Cell 20,results\figures\eis\individual\Stack1\Cell_20\0.7Acm2\58Cycles_condition_1_Real_Ageing_EIS-1-0_7.png
Stack1,58Cycles,58,1,0.7,data\Stack1\EIS\58Cycles\Real_Ageing_EIS-1-0_7.xlsx,Sheet8,Cell 22,results\figures\eis\individual\Stack1\Cell_22\0.7Acm2\58Cycles_condition_1_Real_Ageing_EIS-1-0_7.png
Stack1,58Cycles,58,1,0.7,data\Stack1\EIS\58Cycles\Real_Ageing_EIS-1-0_7.xlsx,Sheet9,Cell 24,results\figures\eis\individual\Stack1\Cell_24\0.7Acm2\58Cycles_condition_1_Real_Ageing_EIS-1-0_7.png
Stack1,58Cycles,58,2,0.7,data\Stack1\EIS\58Cycles\Real_Ageing_EIS-2-0_7.xlsx,Sheet1,Whole Stack,results\figures\eis\individual\Stack1\Whole_Stack\0.7Acm2\58Cycles_condition_2_Real_Ageing_EIS-2-0_7.png
Stack1,58Cycles,58,2,0.7,data\Stack1\EIS\58Cycles\Real_Ageing_EIS-2-0_7.xlsx,Sheet2,Cell 01,results\figures\eis\individual\Stack1\Cell_01\0.7Acm2\58Cycles_condition_2_Real_Ageing_EIS-2-0_7.png
Stack1,58Cycles,58,2,0.7,data\Stack1\EIS\58Cycles\Real_Ageing_EIS-2-0_7.xlsx,Sheet3,Cell 03,results\figures\eis\individual\Stack1\Cell_03\0.7Acm2\58Cycles_condition_2_Real_Ageing_EIS-2-0_7.png
Stack1,58Cycles,58,2,0.7,data\Stack1\EIS\58Cycles\Real_Ageing_EIS-2-0_7.xlsx,Sheet4,Cell 05,results\figures\eis\individual\Stack1\Cell_05\0.7Acm2\58Cycles_condition_2_Real_Ageing_EIS-2-0_7.png
Stack1,58Cycles,58,2,0.7,data\Stack1\EIS\58Cycles\Real_Ageing_EIS-2-0_7.xlsx,Sheet5,Cell 10,results\figures\eis\individual\Stack1\Cell_10\0.7Acm2\58Cycles_condition_2_Real_Ageing_EIS-2-0_7.png
Stack1,58Cycles,58,2,0.7,data\Stack1\EIS\58Cycles\Real_Ageing_EIS-2-0_7.xlsx,Sheet6,Cell 15,results\figures\eis\individual\Stack1\Cell_15\0.7Acm2\58Cycles_condition_2_Real_Ageing_EIS-2-0_7.png
Stack1,58Cycles,58,2,0.7,data\Stack1\EIS\58Cycles\Real_Ageing_EIS-2-0_7.xlsx,Sheet7,Cell 20,results\figures\eis\individual\Stack1\Cell_20\0.7Acm2\58Cycles_condition_2_Real_Ageing_EIS-2-0_7.png
Stack1,58Cycles,58,2,0.7,data\Stack1\EIS\58Cycles\Real_Ageing_EIS-2-0_7.xlsx,Sheet8,Cell 22,results\figures\eis\individual\Stack1\Cell_22\0.7Acm2\58Cycles_condition_2_Real_Ageing_EIS-2-0_7.png
Stack1,58Cycles,58,2,0.7,data\Stack1\EIS\58Cycles\Real_Ageing_EIS-2-0_7.xlsx,Sheet9,Cell 24,results\figures\eis\individual\Stack1\Cell_24\0.7Acm2\58Cycles_condition_2_Real_Ageing_EIS-2-0_7.png
Stack1,58Cycles,58,3,0.3,data\Stack1\EIS\58Cycles\Real_Ageing_EIS-3-0_3.xlsx,Sheet1,Whole Stack,results\figures\eis\individual\Stack1\Whole_Stack\0.3Acm2\58Cycles_condition_3_Real_Ageing_EIS-3-0_3.png
Stack1,58Cycles,58,3,0.3,data\Stack1\EIS\58Cycles\Real_Ageing_EIS-3-0_3.xlsx,Sheet2,Cell 01,results\figures\eis\individual\Stack1\Cell_01\0.3Acm2\58Cycles_condition_3_Real_Ageing_EIS-3-0_3.png
Stack1,58Cycles,58,3,0.3,data\Stack1\EIS\58Cycles\Real_Ageing_EIS-3-0_3.xlsx,Sheet3,Cell 03,results\figures\eis\individual\Stack1\Cell_03\0.3Acm2\58Cycles_condition_3_Real_Ageing_EIS-3-0_3.png
Stack1,58Cycles,58,3,0.3,data\Stack1\EIS\58Cycles\Real_Ageing_EIS-3-0_3.xlsx,Sheet4,Cell 05,results\figures\eis\individual\Stack1\Cell_05\0.3Acm2\58Cycles_condition_3_Real_Ageing_EIS-3-0_3.png
Stack1,58Cycles,58,3,0.3,data\Stack1\EIS\58Cycles\Real_Ageing_EIS-3-0_3.xlsx,Sheet5,Cell 10,results\figures\eis\individual\Stack1\Cell_10\0.3Acm2\58Cycles_condition_3_Real_Ageing_EIS-3-0_3.png
Stack1,58Cycles,58,3,0.3,data\Stack1\EIS\58Cycles\Real_Ageing_EIS-3-0_3.xlsx,Sheet6,Cell 15,results\figures\eis\individual\Stack1\Cell_15\0.3Acm2\58Cycles_condition_3_Real_Ageing_EIS-3-0_3.png
Stack1,58Cycles,58,3,0.3,data\Stack1\EIS\58Cycles\Real_Ageing_EIS-3-0_3.xlsx,Sheet7,Cell 20,results\figures\eis\individual\Stack1\Cell_20\0.3Acm2\58Cycles_condition_3_Real_Ageing_EIS-3-0_3.png
Stack1,58Cycles,58,3,0.3,data\Stack1\EIS\58Cycles\Real_Ageing_EIS-3-0_3.xlsx,Sheet8,Cell 22,results\figures\eis\individual\Stack1\Cell_22\0.3Acm2\58Cycles_condition_3_Real_Ageing_EIS-3-0_3.png
Stack1,58Cycles,58,3,0.3,data\Stack1\EIS\58Cycles\Real_Ageing_EIS-3-0_3.xlsx,Sheet9,Cell 24,results\figures\eis\individual\Stack1\Cell_24\0.3Acm2\58Cycles_condition_3_Real_Ageing_EIS-3-0_3.png
Stack1,58Cycles,58,3,0.7,data\Stack1\EIS\58Cycles\Real_Ageing_EIS-3-0_7.xlsx,Sheet1,Whole Stack,results\figures\eis\individual\Stack1\Whole_Stack\0.7Acm2\58Cycles_condition_3_Real_Ageing_EIS-3-0_7.png
Stack1,58Cycles,58,3,0.7,data\Stack1\EIS\58Cycles\Real_Ageing_EIS-3-0_7.xlsx,Sheet2,Cell 01,results\figures\eis\individual\Stack1\Cell_01\0.7Acm2\58Cycles_condition_3_Real_Ageing_EIS-3-0_7.png
Stack1,58Cycles,58,3,0.7,data\Stack1\EIS\58Cycles\Real_Ageing_EIS-3-0_7.xlsx,Sheet3,Cell 03,results\figures\eis\individual\Stack1\Cell_03\0.7Acm2\58Cycles_condition_3_Real_Ageing_EIS-3-0_7.png
Stack1,58Cycles,58,3,0.7,data\Stack1\EIS\58Cycles\Real_Ageing_EIS-3-0_7.xlsx,Sheet4,Cell 05,results\figures\eis\individual\Stack1\Cell_05\0.7Acm2\58Cycles_condition_3_Real_Ageing_EIS-3-0_7.png
Stack1,58Cycles,58,3,0.7,data\Stack1\EIS\58Cycles\Real_Ageing_EIS-3-0_7.xlsx,Sheet5,Cell 10,results\figures\eis\individual\Stack1\Cell_10\0.7Acm2\58Cycles_condition_3_Real_Ageing_EIS-3-0_7.png
Stack1,58Cycles,58,3,0.7,data\Stack1\EIS\58Cycles\Real_Ageing_EIS-3-0_7.xlsx,Sheet6,Cell 15,results\figures\eis\individual\Stack1\Cell_15\0.7Acm2\58Cycles_condition_3_Real_Ageing_EIS-3-0_7.png
Stack1,58Cycles,58,3,0.7,data\Stack1\EIS\58Cycles\Real_Ageing_EIS-3-0_7.xlsx,Sheet7,Cell 20,results\figures\eis\individual\Stack1\Cell_20\0.7Acm2\58Cycles_condition_3_Real_Ageing_EIS-3-0_7.png
Stack1,58Cycles,58,3,0.7,data\Stack1\EIS\58Cycles\Real_Ageing_EIS-3-0_7.xlsx,Sheet8,Cell 22,results\figures\eis\individual\Stack1\Cell_22\0.7Acm2\58Cycles_condition_3_Real_Ageing_EIS-3-0_7.png
Stack1,58Cycles,58,3,0.7,data\Stack1\EIS\58Cycles\Real_Ageing_EIS-3-0_7.xlsx,Sheet9,Cell 24,results\figures\eis\individual\Stack1\Cell_24\0.7Acm2\58Cycles_condition_3_Real_Ageing_EIS-3-0_7.png
Stack1,58Cycles,58,5,0.3,data\Stack1\EIS\58Cycles\Real_Ageing_EIS-5-0_3.xlsx,Sheet1,Whole Stack,results\figures\eis\individual\Stack1\Whole_Stack\0.3Acm2\58Cycles_condition_5_Real_Ageing_EIS-5-0_3.png
Stack1,58Cycles,58,5,0.3,data\Stack1\EIS\58Cycles\Real_Ageing_EIS-5-0_3.xlsx,Sheet2,Cell 01,results\figures\eis\individual\Stack1\Cell_01\0.3Acm2\58Cycles_condition_5_Real_Ageing_EIS-5-0_3.png
Stack1,58Cycles,58,5,0.3,data\Stack1\EIS\58Cycles\Real_Ageing_EIS-5-0_3.xlsx,Sheet3,Cell 03,results\figures\eis\individual\Stack1\Cell_03\0.3Acm2\58Cycles_condition_5_Real_Ageing_EIS-5-0_3.png
Stack1,58Cycles,58,5,0.3,data\Stack1\EIS\58Cycles\Real_Ageing_EIS-5-0_3.xlsx,Sheet4,Cell 05,results\figures\eis\individual\Stack1\Cell_05\0.3Acm2\58Cycles_condition_5_Real_Ageing_EIS-5-0_3.png
Stack1,58Cycles,58,5,0.3,data\Stack1\EIS\58Cycles\Real_Ageing_EIS-5-0_3.xlsx,Sheet5,Cell 10,results\figures\eis\individual\Stack1\Cell_10\0.3Acm2\58Cycles_condition_5_Real_Ageing_EIS-5-0_3.png
Stack1,58Cycles,58,5,0.3,data\Stack1\EIS\58Cycles\Real_Ageing_EIS-5-0_3.xlsx,Sheet6,Cell 15,results\figures\eis\individual\Stack1\Cell_15\0.3Acm2\58Cycles_condition_5_Real_Ageing_EIS-5-0_3.png
Stack1,58Cycles,58,5,0.3,data\Stack1\EIS\58Cycles\Real_Ageing_EIS-5-0_3.xlsx,Sheet7,Cell 20,results\figures\eis\individual\Stack1\Cell_20\0.3Acm2\58Cycles_condition_5_Real_Ageing_EIS-5-0_3.png
Stack1,58Cycles,58,5,0.3,data\Stack1\EIS\58Cycles\Real_Ageing_EIS-5-0_3.xlsx,Sheet8,Cell 22,results\figures\eis\individual\Stack1\Cell_22\0.3Acm2\58Cycles_condition_5_Real_Ageing_EIS-5-0_3.png
Stack1,58Cycles,58,5,0.3,data\Stack1\EIS\58Cycles\Real_Ageing_EIS-5-0_3.xlsx,Sheet9,Cell 24,results\figures\eis\individual\Stack1\Cell_24\0.3Acm2\58Cycles_condition_5_Real_Ageing_EIS-5-0_3.png
Stack1,58Cycles,58,5,0.7,data\Stack1\EIS\58Cycles\Real_Ageing_EIS-5-0_7.xlsx,Sheet1,Whole Stack,results\figures\eis\individual\Stack1\Whole_Stack\0.7Acm2\58Cycles_condition_5_Real_Ageing_EIS-5-0_7.png
Stack1,58Cycles,58,5,0.7,data\Stack1\EIS\58Cycles\Real_Ageing_EIS-5-0_7.xlsx,Sheet2,Cell 01,results\figures\eis\individual\Stack1\Cell_01\0.7Acm2\58Cycles_condition_5_Real_Ageing_EIS-5-0_7.png
Stack1,58Cycles,58,5,0.7,data\Stack1\EIS\58Cycles\Real_Ageing_EIS-5-0_7.xlsx,Sheet3,Cell 03,results\figures\eis\individual\Stack1\Cell_03\0.7Acm2\58Cycles_condition_5_Real_Ageing_EIS-5-0_7.png
Stack1,58Cycles,58,5,0.7,data\Stack1\EIS\58Cycles\Real_Ageing_EIS-5-0_7.xlsx,Sheet4,Cell 05,results\figures\eis\individual\Stack1\Cell_05\0.7Acm2\58Cycles_condition_5_Real_Ageing_EIS-5-0_7.png
Stack1,58Cycles,58,5,0.7,data\Stack1\EIS\58Cycles\Real_Ageing_EIS-5-0_7.xlsx,Sheet5,Cell 10,results\figures\eis\individual\Stack1\Cell_10\0.7Acm2\58Cycles_condition_5_Real_Ageing_EIS-5-0_7.png
Stack1,58Cycles,58,5,0.7,data\Stack1\EIS\58Cycles\Real_Ageing_EIS-5-0_7.xlsx,Sheet6,Cell 15,results\figures\eis\individual\Stack1\Cell_15\0.7Acm2\58Cycles_condition_5_Real_Ageing_EIS-5-0_7.png
Stack1,58Cycles,58,5,0.7,data\Stack1\EIS\58Cycles\Real_Ageing_EIS-5-0_7.xlsx,Sheet7,Cell 20,results\figures\eis\individual\Stack1\Cell_20\0.7Acm2\58Cycles_condition_5_Real_Ageing_EIS-5-0_7.png
Stack1,58Cycles,58,5,0.7,data\Stack1\EIS\58Cycles\Real_Ageing_EIS-5-0_7.xlsx,Sheet8,Cell 22,results\figures\eis\individual\Stack1\Cell_22\0.7Acm2\58Cycles_condition_5_Real_Ageing_EIS-5-0_7.png
Stack1,58Cycles,58,5,0.7,data\Stack1\EIS\58Cycles\Real_Ageing_EIS-5-0_7.xlsx,Sheet9,Cell 24,results\figures\eis\individual\Stack1\Cell_24\0.7Acm2\58Cycles_condition_5_Real_Ageing_EIS-5-0_7.png
Stack2,0_AfterBreakIn,0,1,0.3,data\Stack2\EIS\0_AfterBreakIn\Real_Ageing_EIS-1-0_3.xlsx,Sheet1,Whole Stack,results\figures\eis\individual\Stack2\Whole_Stack\0.3Acm2\0_AfterBreakIn_condition_1_Real_Ageing_EIS-1-0_3.png
Stack2,0_AfterBreakIn,0,1,0.3,data\Stack2\EIS\0_AfterBreakIn\Real_Ageing_EIS-1-0_3.xlsx,Sheet2,Cell 01,results\figures\eis\individual\Stack2\Cell_01\0.3Acm2\0_AfterBreakIn_condition_1_Real_Ageing_EIS-1-0_3.png
Stack2,0_AfterBreakIn,0,1,0.3,data\Stack2\EIS\0_AfterBreakIn\Real_Ageing_EIS-1-0_3.xlsx,Sheet3,Cell 03,results\figures\eis\individual\Stack2\Cell_03\0.3Acm2\0_AfterBreakIn_condition_1_Real_Ageing_EIS-1-0_3.png
Stack2,0_AfterBreakIn,0,1,0.3,data\Stack2\EIS\0_AfterBreakIn\Real_Ageing_EIS-1-0_3.xlsx,Sheet4,Cell 05,results\figures\eis\individual\Stack2\Cell_05\0.3Acm2\0_AfterBreakIn_condition_1_Real_Ageing_EIS-1-0_3.png
Stack2,0_AfterBreakIn,0,1,0.3,data\Stack2\EIS\0_AfterBreakIn\Real_Ageing_EIS-1-0_3.xlsx,Sheet5,Cell 10,results\figures\eis\individual\Stack2\Cell_10\0.3Acm2\0_AfterBreakIn_condition_1_Real_Ageing_EIS-1-0_3.png
Stack2,0_AfterBreakIn,0,1,0.3,data\Stack2\EIS\0_AfterBreakIn\Real_Ageing_EIS-1-0_3.xlsx,Sheet6,Cell 15,results\figures\eis\individual\Stack2\Cell_15\0.3Acm2\0_AfterBreakIn_condition_1_Real_Ageing_EIS-1-0_3.png
Stack2,0_AfterBreakIn,0,1,0.3,data\Stack2\EIS\0_AfterBreakIn\Real_Ageing_EIS-1-0_3.xlsx,Sheet7,Cell 20,results\figures\eis\individual\Stack2\Cell_20\0.3Acm2\0_AfterBreakIn_condition_1_Real_Ageing_EIS-1-0_3.png
Stack2,0_AfterBreakIn,0,1,0.3,data\Stack2\EIS\0_AfterBreakIn\Real_Ageing_EIS-1-0_3.xlsx,Sheet8,Cell 22,results\figures\eis\individual\Stack2\Cell_22\0.3Acm2\0_AfterBreakIn_condition_1_Real_Ageing_EIS-1-0_3.png
Stack2,0_AfterBreakIn,0,1,0.3,data\Stack2\EIS\0_AfterBreakIn\Real_Ageing_EIS-1-0_3.xlsx,Sheet9,Cell 24,results\figures\eis\individual\Stack2\Cell_24\0.3Acm2\0_AfterBreakIn_condition_1_Real_Ageing_EIS-1-0_3.png
Stack2,0_AfterBreakIn,0,1,0.7,data\Stack2\EIS\0_AfterBreakIn\Real_Ageing_EIS-1-0_7.xlsx,Sheet1,Whole Stack,results\figures\eis\individual\Stack2\Whole_Stack\0.7Acm2\0_AfterBreakIn_condition_1_Real_Ageing_EIS-1-0_7.png
Stack2,0_AfterBreakIn,0,1,0.7,data\Stack2\EIS\0_AfterBreakIn\Real_Ageing_EIS-1-0_7.xlsx,Sheet2,Cell 01,results\figures\eis\individual\Stack2\Cell_01\0.7Acm2\0_AfterBreakIn_condition_1_Real_Ageing_EIS-1-0_7.png
Stack2,0_AfterBreakIn,0,1,0.7,data\Stack2\EIS\0_AfterBreakIn\Real_Ageing_EIS-1-0_7.xlsx,Sheet3,Cell 03,results\figures\eis\individual\Stack2\Cell_03\0.7Acm2\0_AfterBreakIn_condition_1_Real_Ageing_EIS-1-0_7.png
Stack2,0_AfterBreakIn,0,1,0.7,data\Stack2\EIS\0_AfterBreakIn\Real_Ageing_EIS-1-0_7.xlsx,Sheet4,Cell 05,results\figures\eis\individual\Stack2\Cell_05\0.7Acm2\0_AfterBreakIn_condition_1_Real_Ageing_EIS-1-0_7.png
Stack2,0_AfterBreakIn,0,1,0.7,data\Stack2\EIS\0_AfterBreakIn\Real_Ageing_EIS-1-0_7.xlsx,Sheet5,Cell 10,results\figures\eis\individual\Stack2\Cell_10\0.7Acm2\0_AfterBreakIn_condition_1_Real_Ageing_EIS-1-0_7.png
Stack2,0_AfterBreakIn,0,1,0.7,data\Stack2\EIS\0_AfterBreakIn\Real_Ageing_EIS-1-0_7.xlsx,Sheet6,Cell 15,results\figures\eis\individual\Stack2\Cell_15\0.7Acm2\0_AfterBreakIn_condition_1_Real_Ageing_EIS-1-0_7.png
Stack2,0_AfterBreakIn,0,1,0.7,data\Stack2\EIS\0_AfterBreakIn\Real_Ageing_EIS-1-0_7.xlsx,Sheet7,Cell 20,results\figures\eis\individual\Stack2\Cell_20\0.7Acm2\0_AfterBreakIn_condition_1_Real_Ageing_EIS-1-0_7.png
Stack2,0_AfterBreakIn,0,1,0.7,data\Stack2\EIS\0_AfterBreakIn\Real_Ageing_EIS-1-0_7.xlsx,Sheet8,Cell 22,results\figures\eis\individual\Stack2\Cell_22\0.7Acm2\0_AfterBreakIn_condition_1_Real_Ageing_EIS-1-0_7.png
Stack2,0_AfterBreakIn,0,1,0.7,data\Stack2\EIS\0_AfterBreakIn\Real_Ageing_EIS-1-0_7.xlsx,Sheet9,Cell 24,results\figures\eis\individual\Stack2\Cell_24\0.7Acm2\0_AfterBreakIn_condition_1_Real_Ageing_EIS-1-0_7.png
Stack2,0_AfterBreakIn,0,2,0.3,data\Stack2\EIS\0_AfterBreakIn\Real_Ageing_EIS-2-0_3.xlsx,Sheet1,Whole Stack,results\figures\eis\individual\Stack2\Whole_Stack\0.3Acm2\0_AfterBreakIn_condition_2_Real_Ageing_EIS-2-0_3.png
Stack2,0_AfterBreakIn,0,2,0.3,data\Stack2\EIS\0_AfterBreakIn\Real_Ageing_EIS-2-0_3.xlsx,Sheet2,Cell 01,results\figures\eis\individual\Stack2\Cell_01\0.3Acm2\0_AfterBreakIn_condition_2_Real_Ageing_EIS-2-0_3.png
Stack2,0_AfterBreakIn,0,2,0.3,data\Stack2\EIS\0_AfterBreakIn\Real_Ageing_EIS-2-0_3.xlsx,Sheet3,Cell 03,results\figures\eis\individual\Stack2\Cell_03\0.3Acm2\0_AfterBreakIn_condition_2_Real_Ageing_EIS-2-0_3.png
Stack2,0_AfterBreakIn,0,2,0.3,data\Stack2\EIS\0_AfterBreakIn\Real_Ageing_EIS-2-0_3.xlsx,Sheet4,Cell 05,results\figures\eis\individual\Stack2\Cell_05\0.3Acm2\0_AfterBreakIn_condition_2_Real_Ageing_EIS-2-0_3.png
Stack2,0_AfterBreakIn,0,2,0.3,data\Stack2\EIS\0_AfterBreakIn\Real_Ageing_EIS-2-0_3.xlsx,Sheet5,Cell 10,results\figures\eis\individual\Stack2\Cell_10\0.3Acm2\0_AfterBreakIn_condition_2_Real_Ageing_EIS-2-0_3.png
Stack2,0_AfterBreakIn,0,2,0.3,data\Stack2\EIS\0_AfterBreakIn\Real_Ageing_EIS-2-0_3.xlsx,Sheet6,Cell 15,results\figures\eis\individual\Stack2\Cell_15\0.3Acm2\0_AfterBreakIn_condition_2_Real_Ageing_EIS-2-0_3.png
Stack2,0_AfterBreakIn,0,2,0.3,data\Stack2\EIS\0_AfterBreakIn\Real_Ageing_EIS-2-0_3.xlsx,Sheet7,Cell 20,results\figures\eis\individual\Stack2\Cell_20\0.3Acm2\0_AfterBreakIn_condition_2_Real_Ageing_EIS-2-0_3.png
Stack2,0_AfterBreakIn,0,2,0.3,data\Stack2\EIS\0_AfterBreakIn\Real_Ageing_EIS-2-0_3.xlsx,Sheet8,Cell 22,results\figures\eis\individual\Stack2\Cell_22\0.3Acm2\0_AfterBreakIn_condition_2_Real_Ageing_EIS-2-0_3.png
Stack2,0_AfterBreakIn,0,2,0.3,data\Stack2\EIS\0_AfterBreakIn\Real_Ageing_EIS-2-0_3.xlsx,Sheet9,Cell 24,results\figures\eis\individual\Stack2\Cell_24\0.3Acm2\0_AfterBreakIn_condition_2_Real_Ageing_EIS-2-0_3.png
Stack2,0_AfterBreakIn,0,2,0.7,data\Stack2\EIS\0_AfterBreakIn\Real_Ageing_EIS-2-0_7.xlsx,Sheet1,Whole Stack,results\figures\eis\individual\Stack2\Whole_Stack\0.7Acm2\0_AfterBreakIn_condition_2_Real_Ageing_EIS-2-0_7.png
Stack2,0_AfterBreakIn,0,2,0.7,data\Stack2\EIS\0_AfterBreakIn\Real_Ageing_EIS-2-0_7.xlsx,Sheet2,Cell 01,results\figures\eis\individual\Stack2\Cell_01\0.7Acm2\0_AfterBreakIn_condition_2_Real_Ageing_EIS-2-0_7.png
Stack2,0_AfterBreakIn,0,2,0.7,data\Stack2\EIS\0_AfterBreakIn\Real_Ageing_EIS-2-0_7.xlsx,Sheet3,Cell 03,results\figures\eis\individual\Stack2\Cell_03\0.7Acm2\0_AfterBreakIn_condition_2_Real_Ageing_EIS-2-0_7.png
Stack2,0_AfterBreakIn,0,2,0.7,data\Stack2\EIS\0_AfterBreakIn\Real_Ageing_EIS-2-0_7.xlsx,Sheet4,Cell 05,results\figures\eis\individual\Stack2\Cell_05\0.7Acm2\0_AfterBreakIn_condition_2_Real_Ageing_EIS-2-0_7.png
Stack2,0_AfterBreakIn,0,2,0.7,data\Stack2\EIS\0_AfterBreakIn\Real_Ageing_EIS-2-0_7.xlsx,Sheet5,Cell 10,results\figures\eis\individual\Stack2\Cell_10\0.7Acm2\0_AfterBreakIn_condition_2_Real_Ageing_EIS-2-0_7.png
Stack2,0_AfterBreakIn,0,2,0.7,data\Stack2\EIS\0_AfterBreakIn\Real_Ageing_EIS-2-0_7.xlsx,Sheet6,Cell 15,results\figures\eis\individual\Stack2\Cell_15\0.7Acm2\0_AfterBreakIn_condition_2_Real_Ageing_EIS-2-0_7.png
Stack2,0_AfterBreakIn,0,2,0.7,data\Stack2\EIS\0_AfterBreakIn\Real_Ageing_EIS-2-0_7.xlsx,Sheet7,Cell 20,results\figures\eis\individual\Stack2\Cell_20\0.7Acm2\0_AfterBreakIn_condition_2_Real_Ageing_EIS-2-0_7.png
Stack2,0_AfterBreakIn,0,2,0.7,data\Stack2\EIS\0_AfterBreakIn\Real_Ageing_EIS-2-0_7.xlsx,Sheet8,Cell 22,results\figures\eis\individual\Stack2\Cell_22\0.7Acm2\0_AfterBreakIn_condition_2_Real_Ageing_EIS-2-0_7.png
Stack2,0_AfterBreakIn,0,2,0.7,data\Stack2\EIS\0_AfterBreakIn\Real_Ageing_EIS-2-0_7.xlsx,Sheet9,Cell 24,results\figures\eis\individual\Stack2\Cell_24\0.7Acm2\0_AfterBreakIn_condition_2_Real_Ageing_EIS-2-0_7.png
Stack2,0_AfterBreakIn,0,3,0.3,data\Stack2\EIS\0_AfterBreakIn\Real_Ageing_EIS-3-0_3.xlsx,Sheet1,Whole Stack,results\figures\eis\individual\Stack2\Whole_Stack\0.3Acm2\0_AfterBreakIn_condition_3_Real_Ageing_EIS-3-0_3.png
Stack2,0_AfterBreakIn,0,3,0.3,data\Stack2\EIS\0_AfterBreakIn\Real_Ageing_EIS-3-0_3.xlsx,Sheet2,Cell 01,results\figures\eis\individual\Stack2\Cell_01\0.3Acm2\0_AfterBreakIn_condition_3_Real_Ageing_EIS-3-0_3.png
Stack2,0_AfterBreakIn,0,3,0.3,data\Stack2\EIS\0_AfterBreakIn\Real_Ageing_EIS-3-0_3.xlsx,Sheet3,Cell 03,results\figures\eis\individual\Stack2\Cell_03\0.3Acm2\0_AfterBreakIn_condition_3_Real_Ageing_EIS-3-0_3.png
Stack2,0_AfterBreakIn,0,3,0.3,data\Stack2\EIS\0_AfterBreakIn\Real_Ageing_EIS-3-0_3.xlsx,Sheet4,Cell 05,results\figures\eis\individual\Stack2\Cell_05\0.3Acm2\0_AfterBreakIn_condition_3_Real_Ageing_EIS-3-0_3.png
Stack2,0_AfterBreakIn,0,3,0.3,data\Stack2\EIS\0_AfterBreakIn\Real_Ageing_EIS-3-0_3.xlsx,Sheet5,Cell 10,results\figures\eis\individual\Stack2\Cell_10\0.3Acm2\0_AfterBreakIn_condition_3_Real_Ageing_EIS-3-0_3.png
Stack2,0_AfterBreakIn,0,3,0.3,data\Stack2\EIS\0_AfterBreakIn\Real_Ageing_EIS-3-0_3.xlsx,Sheet6,Cell 15,results\figures\eis\individual\Stack2\Cell_15\0.3Acm2\0_AfterBreakIn_condition_3_Real_Ageing_EIS-3-0_3.png
Stack2,0_AfterBreakIn,0,3,0.3,data\Stack2\EIS\0_AfterBreakIn\Real_Ageing_EIS-3-0_3.xlsx,Sheet7,Cell 20,results\figures\eis\individual\Stack2\Cell_20\0.3Acm2\0_AfterBreakIn_condition_3_Real_Ageing_EIS-3-0_3.png
Stack2,0_AfterBreakIn,0,3,0.3,data\Stack2\EIS\0_AfterBreakIn\Real_Ageing_EIS-3-0_3.xlsx,Sheet8,Cell 22,results\figures\eis\individual\Stack2\Cell_22\0.3Acm2\0_AfterBreakIn_condition_3_Real_Ageing_EIS-3-0_3.png
Stack2,0_AfterBreakIn,0,3,0.3,data\Stack2\EIS\0_AfterBreakIn\Real_Ageing_EIS-3-0_3.xlsx,Sheet9,Cell 24,results\figures\eis\individual\Stack2\Cell_24\0.3Acm2\0_AfterBreakIn_condition_3_Real_Ageing_EIS-3-0_3.png
Stack2,0_AfterBreakIn,0,3,0.7,data\Stack2\EIS\0_AfterBreakIn\Real_Ageing_EIS-3-0_7.xlsx,Sheet1,Whole Stack,results\figures\eis\individual\Stack2\Whole_Stack\0.7Acm2\0_AfterBreakIn_condition_3_Real_Ageing_EIS-3-0_7.png
Stack2,0_AfterBreakIn,0,3,0.7,data\Stack2\EIS\0_AfterBreakIn\Real_Ageing_EIS-3-0_7.xlsx,Sheet2,Cell 01,results\figures\eis\individual\Stack2\Cell_01\0.7Acm2\0_AfterBreakIn_condition_3_Real_Ageing_EIS-3-0_7.png
Stack2,0_AfterBreakIn,0,3,0.7,data\Stack2\EIS\0_AfterBreakIn\Real_Ageing_EIS-3-0_7.xlsx,Sheet3,Cell 03,results\figures\eis\individual\Stack2\Cell_03\0.7Acm2\0_AfterBreakIn_condition_3_Real_Ageing_EIS-3-0_7.png
Stack2,0_AfterBreakIn,0,3,0.7,data\Stack2\EIS\0_AfterBreakIn\Real_Ageing_EIS-3-0_7.xlsx,Sheet4,Cell 05,results\figures\eis\individual\Stack2\Cell_05\0.7Acm2\0_AfterBreakIn_condition_3_Real_Ageing_EIS-3-0_7.png
Stack2,0_AfterBreakIn,0,3,0.7,data\Stack2\EIS\0_AfterBreakIn\Real_Ageing_EIS-3-0_7.xlsx,Sheet5,Cell 10,results\figures\eis\individual\Stack2\Cell_10\0.7Acm2\0_AfterBreakIn_condition_3_Real_Ageing_EIS-3-0_7.png
Stack2,0_AfterBreakIn,0,3,0.7,data\Stack2\EIS\0_AfterBreakIn\Real_Ageing_EIS-3-0_7.xlsx,Sheet6,Cell 15,results\figures\eis\individual\Stack2\Cell_15\0.7Acm2\0_AfterBreakIn_condition_3_Real_Ageing_EIS-3-0_7.png
Stack2,0_AfterBreakIn,0,3,0.7,data\Stack2\EIS\0_AfterBreakIn\Real_Ageing_EIS-3-0_7.xlsx,Sheet7,Cell 20,results\figures\eis\individual\Stack2\Cell_20\0.7Acm2\0_AfterBreakIn_condition_3_Real_Ageing_EIS-3-0_7.png
Stack2,0_AfterBreakIn,0,3,0.7,data\Stack2\EIS\0_AfterBreakIn\Real_Ageing_EIS-3-0_7.xlsx,Sheet8,Cell 22,results\figures\eis\individual\Stack2\Cell_22\0.7Acm2\0_AfterBreakIn_condition_3_Real_Ageing_EIS-3-0_7.png
Stack2,0_AfterBreakIn,0,3,0.7,data\Stack2\EIS\0_AfterBreakIn\Real_Ageing_EIS-3-0_7.xlsx,Sheet9,Cell 24,results\figures\eis\individual\Stack2\Cell_24\0.7Acm2\0_AfterBreakIn_condition_3_Real_Ageing_EIS-3-0_7.png
Stack2,0_AfterBreakIn,0,4,0.3,data\Stack2\EIS\0_AfterBreakIn\Real_Ageing_EIS-4-0_3.xlsx,Sheet1,Whole Stack,results\figures\eis\individual\Stack2\Whole_Stack\0.3Acm2\0_AfterBreakIn_condition_4_Real_Ageing_EIS-4-0_3.png
Stack2,0_AfterBreakIn,0,4,0.3,data\Stack2\EIS\0_AfterBreakIn\Real_Ageing_EIS-4-0_3.xlsx,Sheet2,Cell 01,results\figures\eis\individual\Stack2\Cell_01\0.3Acm2\0_AfterBreakIn_condition_4_Real_Ageing_EIS-4-0_3.png
Stack2,0_AfterBreakIn,0,4,0.3,data\Stack2\EIS\0_AfterBreakIn\Real_Ageing_EIS-4-0_3.xlsx,Sheet3,Cell 03,results\figures\eis\individual\Stack2\Cell_03\0.3Acm2\0_AfterBreakIn_condition_4_Real_Ageing_EIS-4-0_3.png
Stack2,0_AfterBreakIn,0,4,0.3,data\Stack2\EIS\0_AfterBreakIn\Real_Ageing_EIS-4-0_3.xlsx,Sheet4,Cell 05,results\figures\eis\individual\Stack2\Cell_05\0.3Acm2\0_AfterBreakIn_condition_4_Real_Ageing_EIS-4-0_3.png
Stack2,0_AfterBreakIn,0,4,0.3,data\Stack2\EIS\0_AfterBreakIn\Real_Ageing_EIS-4-0_3.xlsx,Sheet5,Cell 10,results\figures\eis\individual\Stack2\Cell_10\0.3Acm2\0_AfterBreakIn_condition_4_Real_Ageing_EIS-4-0_3.png
Stack2,0_AfterBreakIn,0,4,0.3,data\Stack2\EIS\0_AfterBreakIn\Real_Ageing_EIS-4-0_3.xlsx,Sheet6,Cell 15,results\figures\eis\individual\Stack2\Cell_15\0.3Acm2\0_AfterBreakIn_condition_4_Real_Ageing_EIS-4-0_3.png
Stack2,0_AfterBreakIn,0,4,0.3,data\Stack2\EIS\0_AfterBreakIn\Real_Ageing_EIS-4-0_3.xlsx,Sheet7,Cell 20,results\figures\eis\individual\Stack2\Cell_20\0.3Acm2\0_AfterBreakIn_condition_4_Real_Ageing_EIS-4-0_3.png
Stack2,0_AfterBreakIn,0,4,0.3,data\Stack2\EIS\0_AfterBreakIn\Real_Ageing_EIS-4-0_3.xlsx,Sheet8,Cell 22,results\figures\eis\individual\Stack2\Cell_22\0.3Acm2\0_AfterBreakIn_condition_4_Real_Ageing_EIS-4-0_3.png
Stack2,0_AfterBreakIn,0,4,0.3,data\Stack2\EIS\0_AfterBreakIn\Real_Ageing_EIS-4-0_3.xlsx,Sheet9,Cell 24,results\figures\eis\individual\Stack2\Cell_24\0.3Acm2\0_AfterBreakIn_condition_4_Real_Ageing_EIS-4-0_3.png
Stack2,0_AfterBreakIn,0,4,0.7,data\Stack2\EIS\0_AfterBreakIn\Real_Ageing_EIS-4-0_7.xlsx,Sheet1,Whole Stack,results\figures\eis\individual\Stack2\Whole_Stack\0.7Acm2\0_AfterBreakIn_condition_4_Real_Ageing_EIS-4-0_7.png
Stack2,0_AfterBreakIn,0,4,0.7,data\Stack2\EIS\0_AfterBreakIn\Real_Ageing_EIS-4-0_7.xlsx,Sheet2,Cell 01,results\figures\eis\individual\Stack2\Cell_01\0.7Acm2\0_AfterBreakIn_condition_4_Real_Ageing_EIS-4-0_7.png
Stack2,0_AfterBreakIn,0,4,0.7,data\Stack2\EIS\0_AfterBreakIn\Real_Ageing_EIS-4-0_7.xlsx,Sheet3,Cell 03,results\figures\eis\individual\Stack2\Cell_03\0.7Acm2\0_AfterBreakIn_condition_4_Real_Ageing_EIS-4-0_7.png
Stack2,0_AfterBreakIn,0,4,0.7,data\Stack2\EIS\0_AfterBreakIn\Real_Ageing_EIS-4-0_7.xlsx,Sheet4,Cell 05,results\figures\eis\individual\Stack2\Cell_05\0.7Acm2\0_AfterBreakIn_condition_4_Real_Ageing_EIS-4-0_7.png
Stack2,0_AfterBreakIn,0,4,0.7,data\Stack2\EIS\0_AfterBreakIn\Real_Ageing_EIS-4-0_7.xlsx,Sheet5,Cell 10,results\figures\eis\individual\Stack2\Cell_10\0.7Acm2\0_AfterBreakIn_condition_4_Real_Ageing_EIS-4-0_7.png
Stack2,0_AfterBreakIn,0,4,0.7,data\Stack2\EIS\0_AfterBreakIn\Real_Ageing_EIS-4-0_7.xlsx,Sheet6,Cell 15,results\figures\eis\individual\Stack2\Cell_15\0.7Acm2\0_AfterBreakIn_condition_4_Real_Ageing_EIS-4-0_7.png
Stack2,0_AfterBreakIn,0,4,0.7,data\Stack2\EIS\0_AfterBreakIn\Real_Ageing_EIS-4-0_7.xlsx,Sheet7,Cell 20,results\figures\eis\individual\Stack2\Cell_20\0.7Acm2\0_AfterBreakIn_condition_4_Real_Ageing_EIS-4-0_7.png
Stack2,0_AfterBreakIn,0,4,0.7,data\Stack2\EIS\0_AfterBreakIn\Real_Ageing_EIS-4-0_7.xlsx,Sheet8,Cell 22,results\figures\eis\individual\Stack2\Cell_22\0.7Acm2\0_AfterBreakIn_condition_4_Real_Ageing_EIS-4-0_7.png
Stack2,0_AfterBreakIn,0,4,0.7,data\Stack2\EIS\0_AfterBreakIn\Real_Ageing_EIS-4-0_7.xlsx,Sheet9,Cell 24,results\figures\eis\individual\Stack2\Cell_24\0.7Acm2\0_AfterBreakIn_condition_4_Real_Ageing_EIS-4-0_7.png
Stack2,0_AfterBreakIn,0,5,0.3,data\Stack2\EIS\0_AfterBreakIn\Real_Ageing_EIS-5-0_3.xlsx,Sheet1,Whole Stack,results\figures\eis\individual\Stack2\Whole_Stack\0.3Acm2\0_AfterBreakIn_condition_5_Real_Ageing_EIS-5-0_3.png
Stack2,0_AfterBreakIn,0,5,0.3,data\Stack2\EIS\0_AfterBreakIn\Real_Ageing_EIS-5-0_3.xlsx,Sheet2,Cell 01,results\figures\eis\individual\Stack2\Cell_01\0.3Acm2\0_AfterBreakIn_condition_5_Real_Ageing_EIS-5-0_3.png
Stack2,0_AfterBreakIn,0,5,0.3,data\Stack2\EIS\0_AfterBreakIn\Real_Ageing_EIS-5-0_3.xlsx,Sheet3,Cell 03,results\figures\eis\individual\Stack2\Cell_03\0.3Acm2\0_AfterBreakIn_condition_5_Real_Ageing_EIS-5-0_3.png
Stack2,0_AfterBreakIn,0,5,0.3,data\Stack2\EIS\0_AfterBreakIn\Real_Ageing_EIS-5-0_3.xlsx,Sheet4,Cell 05,results\figures\eis\individual\Stack2\Cell_05\0.3Acm2\0_AfterBreakIn_condition_5_Real_Ageing_EIS-5-0_3.png
Stack2,0_AfterBreakIn,0,5,0.3,data\Stack2\EIS\0_AfterBreakIn\Real_Ageing_EIS-5-0_3.xlsx,Sheet5,Cell 10,results\figures\eis\individual\Stack2\Cell_10\0.3Acm2\0_AfterBreakIn_condition_5_Real_Ageing_EIS-5-0_3.png
Stack2,0_AfterBreakIn,0,5,0.3,data\Stack2\EIS\0_AfterBreakIn\Real_Ageing_EIS-5-0_3.xlsx,Sheet6,Cell 15,results\figures\eis\individual\Stack2\Cell_15\0.3Acm2\0_AfterBreakIn_condition_5_Real_Ageing_EIS-5-0_3.png
Stack2,0_AfterBreakIn,0,5,0.3,data\Stack2\EIS\0_AfterBreakIn\Real_Ageing_EIS-5-0_3.xlsx,Sheet7,Cell 20,results\figures\eis\individual\Stack2\Cell_20\0.3Acm2\0_AfterBreakIn_condition_5_Real_Ageing_EIS-5-0_3.png
Stack2,0_AfterBreakIn,0,5,0.3,data\Stack2\EIS\0_AfterBreakIn\Real_Ageing_EIS-5-0_3.xlsx,Sheet8,Cell 22,results\figures\eis\individual\Stack2\Cell_22\0.3Acm2\0_AfterBreakIn_condition_5_Real_Ageing_EIS-5-0_3.png
Stack2,0_AfterBreakIn,0,5,0.3,data\Stack2\EIS\0_AfterBreakIn\Real_Ageing_EIS-5-0_3.xlsx,Sheet9,Cell 24,results\figures\eis\individual\Stack2\Cell_24\0.3Acm2\0_AfterBreakIn_condition_5_Real_Ageing_EIS-5-0_3.png
Stack2,0_AfterBreakIn,0,5,0.7,data\Stack2\EIS\0_AfterBreakIn\Real_Ageing_EIS-5-0_7.xlsx,Sheet1,Whole Stack,results\figures\eis\individual\Stack2\Whole_Stack\0.7Acm2\0_AfterBreakIn_condition_5_Real_Ageing_EIS-5-0_7.png
Stack2,0_AfterBreakIn,0,5,0.7,data\Stack2\EIS\0_AfterBreakIn\Real_Ageing_EIS-5-0_7.xlsx,Sheet2,Cell 01,results\figures\eis\individual\Stack2\Cell_01\0.7Acm2\0_AfterBreakIn_condition_5_Real_Ageing_EIS-5-0_7.png
Stack2,0_AfterBreakIn,0,5,0.7,data\Stack2\EIS\0_AfterBreakIn\Real_Ageing_EIS-5-0_7.xlsx,Sheet3,Cell 03,results\figures\eis\individual\Stack2\Cell_03\0.7Acm2\0_AfterBreakIn_condition_5_Real_Ageing_EIS-5-0_7.png
Stack2,0_AfterBreakIn,0,5,0.7,data\Stack2\EIS\0_AfterBreakIn\Real_Ageing_EIS-5-0_7.xlsx,Sheet4,Cell 05,results\figures\eis\individual\Stack2\Cell_05\0.7Acm2\0_AfterBreakIn_condition_5_Real_Ageing_EIS-5-0_7.png
Stack2,0_AfterBreakIn,0,5,0.7,data\Stack2\EIS\0_AfterBreakIn\Real_Ageing_EIS-5-0_7.xlsx,Sheet5,Cell 10,results\figures\eis\individual\Stack2\Cell_10\0.7Acm2\0_AfterBreakIn_condition_5_Real_Ageing_EIS-5-0_7.png
Stack2,0_AfterBreakIn,0,5,0.7,data\Stack2\EIS\0_AfterBreakIn\Real_Ageing_EIS-5-0_7.xlsx,Sheet6,Cell 15,results\figures\eis\individual\Stack2\Cell_15\0.7Acm2\0_AfterBreakIn_condition_5_Real_Ageing_EIS-5-0_7.png
Stack2,0_AfterBreakIn,0,5,0.7,data\Stack2\EIS\0_AfterBreakIn\Real_Ageing_EIS-5-0_7.xlsx,Sheet7,Cell 20,results\figures\eis\individual\Stack2\Cell_20\0.7Acm2\0_AfterBreakIn_condition_5_Real_Ageing_EIS-5-0_7.png
Stack2,0_AfterBreakIn,0,5,0.7,data\Stack2\EIS\0_AfterBreakIn\Real_Ageing_EIS-5-0_7.xlsx,Sheet8,Cell 22,results\figures\eis\individual\Stack2\Cell_22\0.7Acm2\0_AfterBreakIn_condition_5_Real_Ageing_EIS-5-0_7.png
Stack2,0_AfterBreakIn,0,5,0.7,data\Stack2\EIS\0_AfterBreakIn\Real_Ageing_EIS-5-0_7.xlsx,Sheet9,Cell 24,results\figures\eis\individual\Stack2\Cell_24\0.7Acm2\0_AfterBreakIn_condition_5_Real_Ageing_EIS-5-0_7.png
Stack2,0_AfterBreakIn,0,6,0.3,data\Stack2\EIS\0_AfterBreakIn\Real_Ageing_EIS-6-0_3.xlsx,Sheet1,Whole Stack,results\figures\eis\individual\Stack2\Whole_Stack\0.3Acm2\0_AfterBreakIn_condition_6_Real_Ageing_EIS-6-0_3.png
Stack2,0_AfterBreakIn,0,6,0.3,data\Stack2\EIS\0_AfterBreakIn\Real_Ageing_EIS-6-0_3.xlsx,Sheet2,Cell 01,results\figures\eis\individual\Stack2\Cell_01\0.3Acm2\0_AfterBreakIn_condition_6_Real_Ageing_EIS-6-0_3.png
Stack2,0_AfterBreakIn,0,6,0.3,data\Stack2\EIS\0_AfterBreakIn\Real_Ageing_EIS-6-0_3.xlsx,Sheet3,Cell 03,results\figures\eis\individual\Stack2\Cell_03\0.3Acm2\0_AfterBreakIn_condition_6_Real_Ageing_EIS-6-0_3.png
Stack2,0_AfterBreakIn,0,6,0.3,data\Stack2\EIS\0_AfterBreakIn\Real_Ageing_EIS-6-0_3.xlsx,Sheet4,Cell 05,results\figures\eis\individual\Stack2\Cell_05\0.3Acm2\0_AfterBreakIn_condition_6_Real_Ageing_EIS-6-0_3.png
Stack2,0_AfterBreakIn,0,6,0.3,data\Stack2\EIS\0_AfterBreakIn\Real_Ageing_EIS-6-0_3.xlsx,Sheet5,Cell 10,results\figures\eis\individual\Stack2\Cell_10\0.3Acm2\0_AfterBreakIn_condition_6_Real_Ageing_EIS-6-0_3.png
Stack2,0_AfterBreakIn,0,6,0.3,data\Stack2\EIS\0_AfterBreakIn\Real_Ageing_EIS-6-0_3.xlsx,Sheet6,Cell 15,results\figures\eis\individual\Stack2\Cell_15\0.3Acm2\0_AfterBreakIn_condition_6_Real_Ageing_EIS-6-0_3.png
Stack2,0_AfterBreakIn,0,6,0.3,data\Stack2\EIS\0_AfterBreakIn\Real_Ageing_EIS-6-0_3.xlsx,Sheet7,Cell 20,results\figures\eis\individual\Stack2\Cell_20\0.3Acm2\0_AfterBreakIn_condition_6_Real_Ageing_EIS-6-0_3.png
Stack2,0_AfterBreakIn,0,6,0.3,data\Stack2\EIS\0_AfterBreakIn\Real_Ageing_EIS-6-0_3.xlsx,Sheet8,Cell 22,results\figures\eis\individual\Stack2\Cell_22\0.3Acm2\0_AfterBreakIn_condition_6_Real_Ageing_EIS-6-0_3.png
Stack2,0_AfterBreakIn,0,6,0.3,data\Stack2\EIS\0_AfterBreakIn\Real_Ageing_EIS-6-0_3.xlsx,Sheet9,Cell 24,results\figures\eis\individual\Stack2\Cell_24\0.3Acm2\0_AfterBreakIn_condition_6_Real_Ageing_EIS-6-0_3.png
Stack2,0_AfterBreakIn,0,6,0.7,data\Stack2\EIS\0_AfterBreakIn\Real_Ageing_EIS-6-0_7.xlsx,Sheet1,Whole Stack,results\figures\eis\individual\Stack2\Whole_Stack\0.7Acm2\0_AfterBreakIn_condition_6_Real_Ageing_EIS-6-0_7.png
Stack2,0_AfterBreakIn,0,6,0.7,data\Stack2\EIS\0_AfterBreakIn\Real_Ageing_EIS-6-0_7.xlsx,Sheet2,Cell 01,results\figures\eis\individual\Stack2\Cell_01\0.7Acm2\0_AfterBreakIn_condition_6_Real_Ageing_EIS-6-0_7.png
Stack2,0_AfterBreakIn,0,6,0.7,data\Stack2\EIS\0_AfterBreakIn\Real_Ageing_EIS-6-0_7.xlsx,Sheet3,Cell 03,results\figures\eis\individual\Stack2\Cell_03\0.7Acm2\0_AfterBreakIn_condition_6_Real_Ageing_EIS-6-0_7.png
Stack2,0_AfterBreakIn,0,6,0.7,data\Stack2\EIS\0_AfterBreakIn\Real_Ageing_EIS-6-0_7.xlsx,Sheet4,Cell 05,results\figures\eis\individual\Stack2\Cell_05\0.7Acm2\0_AfterBreakIn_condition_6_Real_Ageing_EIS-6-0_7.png
Stack2,0_AfterBreakIn,0,6,0.7,data\Stack2\EIS\0_AfterBreakIn\Real_Ageing_EIS-6-0_7.xlsx,Sheet5,Cell 10,results\figures\eis\individual\Stack2\Cell_10\0.7Acm2\0_AfterBreakIn_condition_6_Real_Ageing_EIS-6-0_7.png
Stack2,0_AfterBreakIn,0,6,0.7,data\Stack2\EIS\0_AfterBreakIn\Real_Ageing_EIS-6-0_7.xlsx,Sheet6,Cell 15,results\figures\eis\individual\Stack2\Cell_15\0.7Acm2\0_AfterBreakIn_condition_6_Real_Ageing_EIS-6-0_7.png
Stack2,0_AfterBreakIn,0,6,0.7,data\Stack2\EIS\0_AfterBreakIn\Real_Ageing_EIS-6-0_7.xlsx,Sheet7,Cell 20,results\figures\eis\individual\Stack2\Cell_20\0.7Acm2\0_AfterBreakIn_condition_6_Real_Ageing_EIS-6-0_7.png
Stack2,0_AfterBreakIn,0,6,0.7,data\Stack2\EIS\0_AfterBreakIn\Real_Ageing_EIS-6-0_7.xlsx,Sheet8,Cell 22,results\figures\eis\individual\Stack2\Cell_22\0.7Acm2\0_AfterBreakIn_condition_6_Real_Ageing_EIS-6-0_7.png
Stack2,0_AfterBreakIn,0,6,0.7,data\Stack2\EIS\0_AfterBreakIn\Real_Ageing_EIS-6-0_7.xlsx,Sheet9,Cell 24,results\figures\eis\individual\Stack2\Cell_24\0.7Acm2\0_AfterBreakIn_condition_6_Real_Ageing_EIS-6-0_7.png
Stack2,0_AfterBreakIn,0,7,0.3,data\Stack2\EIS\0_AfterBreakIn\Real_Ageing_EIS-7-0_3.xlsx,Sheet1,Whole Stack,results\figures\eis\individual\Stack2\Whole_Stack\0.3Acm2\0_AfterBreakIn_condition_7_Real_Ageing_EIS-7-0_3.png
Stack2,0_AfterBreakIn,0,7,0.3,data\Stack2\EIS\0_AfterBreakIn\Real_Ageing_EIS-7-0_3.xlsx,Sheet2,Cell 01,results\figures\eis\individual\Stack2\Cell_01\0.3Acm2\0_AfterBreakIn_condition_7_Real_Ageing_EIS-7-0_3.png
Stack2,0_AfterBreakIn,0,7,0.3,data\Stack2\EIS\0_AfterBreakIn\Real_Ageing_EIS-7-0_3.xlsx,Sheet3,Cell 03,results\figures\eis\individual\Stack2\Cell_03\0.3Acm2\0_AfterBreakIn_condition_7_Real_Ageing_EIS-7-0_3.png
Stack2,0_AfterBreakIn,0,7,0.3,data\Stack2\EIS\0_AfterBreakIn\Real_Ageing_EIS-7-0_3.xlsx,Sheet4,Cell 05,results\figures\eis\individual\Stack2\Cell_05\0.3Acm2\0_AfterBreakIn_condition_7_Real_Ageing_EIS-7-0_3.png
Stack2,0_AfterBreakIn,0,7,0.3,data\Stack2\EIS\0_AfterBreakIn\Real_Ageing_EIS-7-0_3.xlsx,Sheet5,Cell 10,results\figures\eis\individual\Stack2\Cell_10\0.3Acm2\0_AfterBreakIn_condition_7_Real_Ageing_EIS-7-0_3.png
Stack2,0_AfterBreakIn,0,7,0.3,data\Stack2\EIS\0_AfterBreakIn\Real_Ageing_EIS-7-0_3.xlsx,Sheet6,Cell 15,results\figures\eis\individual\Stack2\Cell_15\0.3Acm2\0_AfterBreakIn_condition_7_Real_Ageing_EIS-7-0_3.png
Stack2,0_AfterBreakIn,0,7,0.3,data\Stack2\EIS\0_AfterBreakIn\Real_Ageing_EIS-7-0_3.xlsx,Sheet7,Cell 20,results\figures\eis\individual\Stack2\Cell_20\0.3Acm2\0_AfterBreakIn_condition_7_Real_Ageing_EIS-7-0_3.png
Stack2,0_AfterBreakIn,0,7,0.3,data\Stack2\EIS\0_AfterBreakIn\Real_Ageing_EIS-7-0_3.xlsx,Sheet8,Cell 22,results\figures\eis\individual\Stack2\Cell_22\0.3Acm2\0_AfterBreakIn_condition_7_Real_Ageing_EIS-7-0_3.png
Stack2,0_AfterBreakIn,0,7,0.3,data\Stack2\EIS\0_AfterBreakIn\Real_Ageing_EIS-7-0_3.xlsx,Sheet9,Cell 24,results\figures\eis\individual\Stack2\Cell_24\0.3Acm2\0_AfterBreakIn_condition_7_Real_Ageing_EIS-7-0_3.png
Stack2,0_AfterBreakIn,0,7,0.7,data\Stack2\EIS\0_AfterBreakIn\Real_Ageing_EIS-7-0_7.xlsx,Sheet1,Whole Stack,results\figures\eis\individual\Stack2\Whole_Stack\0.7Acm2\0_AfterBreakIn_condition_7_Real_Ageing_EIS-7-0_7.png
Stack2,0_AfterBreakIn,0,7,0.7,data\Stack2\EIS\0_AfterBreakIn\Real_Ageing_EIS-7-0_7.xlsx,Sheet2,Cell 01,results\figures\eis\individual\Stack2\Cell_01\0.7Acm2\0_AfterBreakIn_condition_7_Real_Ageing_EIS-7-0_7.png
Stack2,0_AfterBreakIn,0,7,0.7,data\Stack2\EIS\0_AfterBreakIn\Real_Ageing_EIS-7-0_7.xlsx,Sheet3,Cell 03,results\figures\eis\individual\Stack2\Cell_03\0.7Acm2\0_AfterBreakIn_condition_7_Real_Ageing_EIS-7-0_7.png
Stack2,0_AfterBreakIn,0,7,0.7,data\Stack2\EIS\0_AfterBreakIn\Real_Ageing_EIS-7-0_7.xlsx,Sheet4,Cell 05,results\figures\eis\individual\Stack2\Cell_05\0.7Acm2\0_AfterBreakIn_condition_7_Real_Ageing_EIS-7-0_7.png
Stack2,0_AfterBreakIn,0,7,0.7,data\Stack2\EIS\0_AfterBreakIn\Real_Ageing_EIS-7-0_7.xlsx,Sheet5,Cell 10,results\figures\eis\individual\Stack2\Cell_10\0.7Acm2\0_AfterBreakIn_condition_7_Real_Ageing_EIS-7-0_7.png
Stack2,0_AfterBreakIn,0,7,0.7,data\Stack2\EIS\0_AfterBreakIn\Real_Ageing_EIS-7-0_7.xlsx,Sheet6,Cell 15,results\figures\eis\individual\Stack2\Cell_15\0.7Acm2\0_AfterBreakIn_condition_7_Real_Ageing_EIS-7-0_7.png
Stack2,0_AfterBreakIn,0,7,0.7,data\Stack2\EIS\0_AfterBreakIn\Real_Ageing_EIS-7-0_7.xlsx,Sheet7,Cell 20,results\figures\eis\individual\Stack2\Cell_20\0.7Acm2\0_AfterBreakIn_condition_7_Real_Ageing_EIS-7-0_7.png
Stack2,0_AfterBreakIn,0,7,0.7,data\Stack2\EIS\0_AfterBreakIn\Real_Ageing_EIS-7-0_7.xlsx,Sheet8,Cell 22,results\figures\eis\individual\Stack2\Cell_22\0.7Acm2\0_AfterBreakIn_condition_7_Real_Ageing_EIS-7-0_7.png
Stack2,0_AfterBreakIn,0,7,0.7,data\Stack2\EIS\0_AfterBreakIn\Real_Ageing_EIS-7-0_7.xlsx,Sheet9,Cell 24,results\figures\eis\individual\Stack2\Cell_24\0.7Acm2\0_AfterBreakIn_condition_7_Real_Ageing_EIS-7-0_7.png
Stack2,120Cycles,120,1,0.3,data\Stack2\EIS\120Cycles\Real_Ageing_EIS-1-0_3.xlsx,Sheet1,Whole Stack,results\figures\eis\individual\Stack2\Whole_Stack\0.3Acm2\120Cycles_condition_1_Real_Ageing_EIS-1-0_3.png
Stack2,120Cycles,120,1,0.3,data\Stack2\EIS\120Cycles\Real_Ageing_EIS-1-0_3.xlsx,Sheet2,Cell 01,results\figures\eis\individual\Stack2\Cell_01\0.3Acm2\120Cycles_condition_1_Real_Ageing_EIS-1-0_3.png
Stack2,120Cycles,120,1,0.3,data\Stack2\EIS\120Cycles\Real_Ageing_EIS-1-0_3.xlsx,Sheet3,Cell 03,results\figures\eis\individual\Stack2\Cell_03\0.3Acm2\120Cycles_condition_1_Real_Ageing_EIS-1-0_3.png
Stack2,120Cycles,120,1,0.3,data\Stack2\EIS\120Cycles\Real_Ageing_EIS-1-0_3.xlsx,Sheet4,Cell 05,results\figures\eis\individual\Stack2\Cell_05\0.3Acm2\120Cycles_condition_1_Real_Ageing_EIS-1-0_3.png
Stack2,120Cycles,120,1,0.3,data\Stack2\EIS\120Cycles\Real_Ageing_EIS-1-0_3.xlsx,Sheet5,Cell 10,results\figures\eis\individual\Stack2\Cell_10\0.3Acm2\120Cycles_condition_1_Real_Ageing_EIS-1-0_3.png
Stack2,120Cycles,120,1,0.3,data\Stack2\EIS\120Cycles\Real_Ageing_EIS-1-0_3.xlsx,Sheet6,Cell 15,results\figures\eis\individual\Stack2\Cell_15\0.3Acm2\120Cycles_condition_1_Real_Ageing_EIS-1-0_3.png
Stack2,120Cycles,120,1,0.3,data\Stack2\EIS\120Cycles\Real_Ageing_EIS-1-0_3.xlsx,Sheet7,Cell 20,results\figures\eis\individual\Stack2\Cell_20\0.3Acm2\120Cycles_condition_1_Real_Ageing_EIS-1-0_3.png
Stack2,120Cycles,120,1,0.3,data\Stack2\EIS\120Cycles\Real_Ageing_EIS-1-0_3.xlsx,Sheet8,Cell 22,results\figures\eis\individual\Stack2\Cell_22\0.3Acm2\120Cycles_condition_1_Real_Ageing_EIS-1-0_3.png
Stack2,120Cycles,120,1,0.3,data\Stack2\EIS\120Cycles\Real_Ageing_EIS-1-0_3.xlsx,Sheet9,Cell 24,results\figures\eis\individual\Stack2\Cell_24\0.3Acm2\120Cycles_condition_1_Real_Ageing_EIS-1-0_3.png
Stack2,120Cycles,120,1,0.7,data\Stack2\EIS\120Cycles\Real_Ageing_EIS-1-0_7.xlsx,Sheet1,Whole Stack,results\figures\eis\individual\Stack2\Whole_Stack\0.7Acm2\120Cycles_condition_1_Real_Ageing_EIS-1-0_7.png
Stack2,120Cycles,120,1,0.7,data\Stack2\EIS\120Cycles\Real_Ageing_EIS-1-0_7.xlsx,Sheet2,Cell 01,results\figures\eis\individual\Stack2\Cell_01\0.7Acm2\120Cycles_condition_1_Real_Ageing_EIS-1-0_7.png
Stack2,120Cycles,120,1,0.7,data\Stack2\EIS\120Cycles\Real_Ageing_EIS-1-0_7.xlsx,Sheet3,Cell 03,results\figures\eis\individual\Stack2\Cell_03\0.7Acm2\120Cycles_condition_1_Real_Ageing_EIS-1-0_7.png
Stack2,120Cycles,120,1,0.7,data\Stack2\EIS\120Cycles\Real_Ageing_EIS-1-0_7.xlsx,Sheet4,Cell 05,results\figures\eis\individual\Stack2\Cell_05\0.7Acm2\120Cycles_condition_1_Real_Ageing_EIS-1-0_7.png
Stack2,120Cycles,120,1,0.7,data\Stack2\EIS\120Cycles\Real_Ageing_EIS-1-0_7.xlsx,Sheet5,Cell 10,results\figures\eis\individual\Stack2\Cell_10\0.7Acm2\120Cycles_condition_1_Real_Ageing_EIS-1-0_7.png
Stack2,120Cycles,120,1,0.7,data\Stack2\EIS\120Cycles\Real_Ageing_EIS-1-0_7.xlsx,Sheet6,Cell 15,results\figures\eis\individual\Stack2\Cell_15\0.7Acm2\120Cycles_condition_1_Real_Ageing_EIS-1-0_7.png
Stack2,120Cycles,120,1,0.7,data\Stack2\EIS\120Cycles\Real_Ageing_EIS-1-0_7.xlsx,Sheet7,Cell 20,results\figures\eis\individual\Stack2\Cell_20\0.7Acm2\120Cycles_condition_1_Real_Ageing_EIS-1-0_7.png
Stack2,120Cycles,120,1,0.7,data\Stack2\EIS\120Cycles\Real_Ageing_EIS-1-0_7.xlsx,Sheet8,Cell 22,results\figures\eis\individual\Stack2\Cell_22\0.7Acm2\120Cycles_condition_1_Real_Ageing_EIS-1-0_7.png
Stack2,120Cycles,120,1,0.7,data\Stack2\EIS\120Cycles\Real_Ageing_EIS-1-0_7.xlsx,Sheet9,Cell 24,results\figures\eis\individual\Stack2\Cell_24\0.7Acm2\120Cycles_condition_1_Real_Ageing_EIS-1-0_7.png
Stack2,197Cycles,197,1,0.3,data\Stack2\EIS\197Cycles\Real_Ageing_EIS-1-0_3.xlsx,Sheet1,Whole Stack,results\figures\eis\individual\Stack2\Whole_Stack\0.3Acm2\197Cycles_condition_1_Real_Ageing_EIS-1-0_3.png
Stack2,197Cycles,197,1,0.3,data\Stack2\EIS\197Cycles\Real_Ageing_EIS-1-0_3.xlsx,Sheet2,Cell 01,results\figures\eis\individual\Stack2\Cell_01\0.3Acm2\197Cycles_condition_1_Real_Ageing_EIS-1-0_3.png
Stack2,197Cycles,197,1,0.3,data\Stack2\EIS\197Cycles\Real_Ageing_EIS-1-0_3.xlsx,Sheet3,Cell 03,results\figures\eis\individual\Stack2\Cell_03\0.3Acm2\197Cycles_condition_1_Real_Ageing_EIS-1-0_3.png
Stack2,197Cycles,197,1,0.3,data\Stack2\EIS\197Cycles\Real_Ageing_EIS-1-0_3.xlsx,Sheet4,Cell 05,results\figures\eis\individual\Stack2\Cell_05\0.3Acm2\197Cycles_condition_1_Real_Ageing_EIS-1-0_3.png
Stack2,197Cycles,197,1,0.3,data\Stack2\EIS\197Cycles\Real_Ageing_EIS-1-0_3.xlsx,Sheet5,Cell 10,results\figures\eis\individual\Stack2\Cell_10\0.3Acm2\197Cycles_condition_1_Real_Ageing_EIS-1-0_3.png
Stack2,197Cycles,197,1,0.3,data\Stack2\EIS\197Cycles\Real_Ageing_EIS-1-0_3.xlsx,Sheet6,Cell 15,results\figures\eis\individual\Stack2\Cell_15\0.3Acm2\197Cycles_condition_1_Real_Ageing_EIS-1-0_3.png
Stack2,197Cycles,197,1,0.3,data\Stack2\EIS\197Cycles\Real_Ageing_EIS-1-0_3.xlsx,Sheet7,Cell 20,results\figures\eis\individual\Stack2\Cell_20\0.3Acm2\197Cycles_condition_1_Real_Ageing_EIS-1-0_3.png
Stack2,197Cycles,197,1,0.3,data\Stack2\EIS\197Cycles\Real_Ageing_EIS-1-0_3.xlsx,Sheet8,Cell 22,results\figures\eis\individual\Stack2\Cell_22\0.3Acm2\197Cycles_condition_1_Real_Ageing_EIS-1-0_3.png
Stack2,197Cycles,197,1,0.3,data\Stack2\EIS\197Cycles\Real_Ageing_EIS-1-0_3.xlsx,Sheet9,Cell 24,results\figures\eis\individual\Stack2\Cell_24\0.3Acm2\197Cycles_condition_1_Real_Ageing_EIS-1-0_3.png
Stack2,197Cycles,197,1,0.7,data\Stack2\EIS\197Cycles\Real_Ageing_EIS-1-0_7.xlsx,Sheet1,Whole Stack,results\figures\eis\individual\Stack2\Whole_Stack\0.7Acm2\197Cycles_condition_1_Real_Ageing_EIS-1-0_7.png
Stack2,197Cycles,197,1,0.7,data\Stack2\EIS\197Cycles\Real_Ageing_EIS-1-0_7.xlsx,Sheet2,Cell 01,results\figures\eis\individual\Stack2\Cell_01\0.7Acm2\197Cycles_condition_1_Real_Ageing_EIS-1-0_7.png
Stack2,197Cycles,197,1,0.7,data\Stack2\EIS\197Cycles\Real_Ageing_EIS-1-0_7.xlsx,Sheet3,Cell 03,results\figures\eis\individual\Stack2\Cell_03\0.7Acm2\197Cycles_condition_1_Real_Ageing_EIS-1-0_7.png
Stack2,197Cycles,197,1,0.7,data\Stack2\EIS\197Cycles\Real_Ageing_EIS-1-0_7.xlsx,Sheet4,Cell 05,results\figures\eis\individual\Stack2\Cell_05\0.7Acm2\197Cycles_condition_1_Real_Ageing_EIS-1-0_7.png
Stack2,197Cycles,197,1,0.7,data\Stack2\EIS\197Cycles\Real_Ageing_EIS-1-0_7.xlsx,Sheet5,Cell 10,results\figures\eis\individual\Stack2\Cell_10\0.7Acm2\197Cycles_condition_1_Real_Ageing_EIS-1-0_7.png
Stack2,197Cycles,197,1,0.7,data\Stack2\EIS\197Cycles\Real_Ageing_EIS-1-0_7.xlsx,Sheet6,Cell 15,results\figures\eis\individual\Stack2\Cell_15\0.7Acm2\197Cycles_condition_1_Real_Ageing_EIS-1-0_7.png
Stack2,197Cycles,197,1,0.7,data\Stack2\EIS\197Cycles\Real_Ageing_EIS-1-0_7.xlsx,Sheet7,Cell 20,results\figures\eis\individual\Stack2\Cell_20\0.7Acm2\197Cycles_condition_1_Real_Ageing_EIS-1-0_7.png
Stack2,197Cycles,197,1,0.7,data\Stack2\EIS\197Cycles\Real_Ageing_EIS-1-0_7.xlsx,Sheet8,Cell 22,results\figures\eis\individual\Stack2\Cell_22\0.7Acm2\197Cycles_condition_1_Real_Ageing_EIS-1-0_7.png
Stack2,197Cycles,197,1,0.7,data\Stack2\EIS\197Cycles\Real_Ageing_EIS-1-0_7.xlsx,Sheet9,Cell 24,results\figures\eis\individual\Stack2\Cell_24\0.7Acm2\197Cycles_condition_1_Real_Ageing_EIS-1-0_7.png
Stack2,303Cycles,303,1,0.3,data\Stack2\EIS\303Cycles\Real_Ageing_EIS-1-0_3.xlsx,Sheet1,Whole Stack,results\figures\eis\individual\Stack2\Whole_Stack\0.3Acm2\303Cycles_condition_1_Real_Ageing_EIS-1-0_3.png
Stack2,303Cycles,303,1,0.3,data\Stack2\EIS\303Cycles\Real_Ageing_EIS-1-0_3.xlsx,Sheet2,Cell 01,results\figures\eis\individual\Stack2\Cell_01\0.3Acm2\303Cycles_condition_1_Real_Ageing_EIS-1-0_3.png
Stack2,303Cycles,303,1,0.3,data\Stack2\EIS\303Cycles\Real_Ageing_EIS-1-0_3.xlsx,Sheet3,Cell 03,results\figures\eis\individual\Stack2\Cell_03\0.3Acm2\303Cycles_condition_1_Real_Ageing_EIS-1-0_3.png
Stack2,303Cycles,303,1,0.3,data\Stack2\EIS\303Cycles\Real_Ageing_EIS-1-0_3.xlsx,Sheet4,Cell 05,results\figures\eis\individual\Stack2\Cell_05\0.3Acm2\303Cycles_condition_1_Real_Ageing_EIS-1-0_3.png
Stack2,303Cycles,303,1,0.3,data\Stack2\EIS\303Cycles\Real_Ageing_EIS-1-0_3.xlsx,Sheet5,Cell 10,results\figures\eis\individual\Stack2\Cell_10\0.3Acm2\303Cycles_condition_1_Real_Ageing_EIS-1-0_3.png
Stack2,303Cycles,303,1,0.3,data\Stack2\EIS\303Cycles\Real_Ageing_EIS-1-0_3.xlsx,Sheet6,Cell 15,results\figures\eis\individual\Stack2\Cell_15\0.3Acm2\303Cycles_condition_1_Real_Ageing_EIS-1-0_3.png
Stack2,303Cycles,303,1,0.3,data\Stack2\EIS\303Cycles\Real_Ageing_EIS-1-0_3.xlsx,Sheet7,Cell 20,results\figures\eis\individual\Stack2\Cell_20\0.3Acm2\303Cycles_condition_1_Real_Ageing_EIS-1-0_3.png
Stack2,303Cycles,303,1,0.3,data\Stack2\EIS\303Cycles\Real_Ageing_EIS-1-0_3.xlsx,Sheet8,Cell 22,results\figures\eis\individual\Stack2\Cell_22\0.3Acm2\303Cycles_condition_1_Real_Ageing_EIS-1-0_3.png
Stack2,303Cycles,303,1,0.3,data\Stack2\EIS\303Cycles\Real_Ageing_EIS-1-0_3.xlsx,Sheet9,Cell 24,results\figures\eis\individual\Stack2\Cell_24\0.3Acm2\303Cycles_condition_1_Real_Ageing_EIS-1-0_3.png
Stack2,303Cycles,303,1,0.7,data\Stack2\EIS\303Cycles\Real_Ageing_EIS-1-0_7.xlsx,Sheet1,Whole Stack,results\figures\eis\individual\Stack2\Whole_Stack\0.7Acm2\303Cycles_condition_1_Real_Ageing_EIS-1-0_7.png
Stack2,303Cycles,303,1,0.7,data\Stack2\EIS\303Cycles\Real_Ageing_EIS-1-0_7.xlsx,Sheet2,Cell 01,results\figures\eis\individual\Stack2\Cell_01\0.7Acm2\303Cycles_condition_1_Real_Ageing_EIS-1-0_7.png
Stack2,303Cycles,303,1,0.7,data\Stack2\EIS\303Cycles\Real_Ageing_EIS-1-0_7.xlsx,Sheet3,Cell 03,results\figures\eis\individual\Stack2\Cell_03\0.7Acm2\303Cycles_condition_1_Real_Ageing_EIS-1-0_7.png
Stack2,303Cycles,303,1,0.7,data\Stack2\EIS\303Cycles\Real_Ageing_EIS-1-0_7.xlsx,Sheet4,Cell 05,results\figures\eis\individual\Stack2\Cell_05\0.7Acm2\303Cycles_condition_1_Real_Ageing_EIS-1-0_7.png
Stack2,303Cycles,303,1,0.7,data\Stack2\EIS\303Cycles\Real_Ageing_EIS-1-0_7.xlsx,Sheet5,Cell 10,results\figures\eis\individual\Stack2\Cell_10\0.7Acm2\303Cycles_condition_1_Real_Ageing_EIS-1-0_7.png
Stack2,303Cycles,303,1,0.7,data\Stack2\EIS\303Cycles\Real_Ageing_EIS-1-0_7.xlsx,Sheet6,Cell 15,results\figures\eis\individual\Stack2\Cell_15\0.7Acm2\303Cycles_condition_1_Real_Ageing_EIS-1-0_7.png
Stack2,303Cycles,303,1,0.7,data\Stack2\EIS\303Cycles\Real_Ageing_EIS-1-0_7.xlsx,Sheet7,Cell 20,results\figures\eis\individual\Stack2\Cell_20\0.7Acm2\303Cycles_condition_1_Real_Ageing_EIS-1-0_7.png
Stack2,303Cycles,303,1,0.7,data\Stack2\EIS\303Cycles\Real_Ageing_EIS-1-0_7.xlsx,Sheet8,Cell 22,results\figures\eis\individual\Stack2\Cell_22\0.7Acm2\303Cycles_condition_1_Real_Ageing_EIS-1-0_7.png
Stack2,303Cycles,303,1,0.7,data\Stack2\EIS\303Cycles\Real_Ageing_EIS-1-0_7.xlsx,Sheet9,Cell 24,results\figures\eis\individual\Stack2\Cell_24\0.7Acm2\303Cycles_condition_1_Real_Ageing_EIS-1-0_7.png
Stack2,375Cycles,375,1,0.3,data\Stack2\EIS\375Cycles\Real_Ageing_EIS-1-0_3.xlsx,Sheet1,Whole Stack,results\figures\eis\individual\Stack2\Whole_Stack\0.3Acm2\375Cycles_condition_1_Real_Ageing_EIS-1-0_3.png
Stack2,375Cycles,375,1,0.3,data\Stack2\EIS\375Cycles\Real_Ageing_EIS-1-0_3.xlsx,Sheet2,Cell 01,results\figures\eis\individual\Stack2\Cell_01\0.3Acm2\375Cycles_condition_1_Real_Ageing_EIS-1-0_3.png
Stack2,375Cycles,375,1,0.3,data\Stack2\EIS\375Cycles\Real_Ageing_EIS-1-0_3.xlsx,Sheet3,Cell 03,results\figures\eis\individual\Stack2\Cell_03\0.3Acm2\375Cycles_condition_1_Real_Ageing_EIS-1-0_3.png
Stack2,375Cycles,375,1,0.3,data\Stack2\EIS\375Cycles\Real_Ageing_EIS-1-0_3.xlsx,Sheet4,Cell 05,results\figures\eis\individual\Stack2\Cell_05\0.3Acm2\375Cycles_condition_1_Real_Ageing_EIS-1-0_3.png
Stack2,375Cycles,375,1,0.3,data\Stack2\EIS\375Cycles\Real_Ageing_EIS-1-0_3.xlsx,Sheet5,Cell 10,results\figures\eis\individual\Stack2\Cell_10\0.3Acm2\375Cycles_condition_1_Real_Ageing_EIS-1-0_3.png
Stack2,375Cycles,375,1,0.3,data\Stack2\EIS\375Cycles\Real_Ageing_EIS-1-0_3.xlsx,Sheet6,Cell 15,results\figures\eis\individual\Stack2\Cell_15\0.3Acm2\375Cycles_condition_1_Real_Ageing_EIS-1-0_3.png
Stack2,375Cycles,375,1,0.3,data\Stack2\EIS\375Cycles\Real_Ageing_EIS-1-0_3.xlsx,Sheet7,Cell 20,results\figures\eis\individual\Stack2\Cell_20\0.3Acm2\375Cycles_condition_1_Real_Ageing_EIS-1-0_3.png
Stack2,375Cycles,375,1,0.3,data\Stack2\EIS\375Cycles\Real_Ageing_EIS-1-0_3.xlsx,Sheet8,Cell 22,results\figures\eis\individual\Stack2\Cell_22\0.3Acm2\375Cycles_condition_1_Real_Ageing_EIS-1-0_3.png
Stack2,375Cycles,375,1,0.3,data\Stack2\EIS\375Cycles\Real_Ageing_EIS-1-0_3.xlsx,Sheet9,Cell 24,results\figures\eis\individual\Stack2\Cell_24\0.3Acm2\375Cycles_condition_1_Real_Ageing_EIS-1-0_3.png
Stack2,375Cycles,375,1,0.7,data\Stack2\EIS\375Cycles\Real_Ageing_EIS-1-0_7.xlsx,Sheet1,Whole Stack,results\figures\eis\individual\Stack2\Whole_Stack\0.7Acm2\375Cycles_condition_1_Real_Ageing_EIS-1-0_7.png
Stack2,375Cycles,375,1,0.7,data\Stack2\EIS\375Cycles\Real_Ageing_EIS-1-0_7.xlsx,Sheet2,Cell 01,results\figures\eis\individual\Stack2\Cell_01\0.7Acm2\375Cycles_condition_1_Real_Ageing_EIS-1-0_7.png
Stack2,375Cycles,375,1,0.7,data\Stack2\EIS\375Cycles\Real_Ageing_EIS-1-0_7.xlsx,Sheet3,Cell 03,results\figures\eis\individual\Stack2\Cell_03\0.7Acm2\375Cycles_condition_1_Real_Ageing_EIS-1-0_7.png
Stack2,375Cycles,375,1,0.7,data\Stack2\EIS\375Cycles\Real_Ageing_EIS-1-0_7.xlsx,Sheet4,Cell 05,results\figures\eis\individual\Stack2\Cell_05\0.7Acm2\375Cycles_condition_1_Real_Ageing_EIS-1-0_7.png
Stack2,375Cycles,375,1,0.7,data\Stack2\EIS\375Cycles\Real_Ageing_EIS-1-0_7.xlsx,Sheet5,Cell 10,results\figures\eis\individual\Stack2\Cell_10\0.7Acm2\375Cycles_condition_1_Real_Ageing_EIS-1-0_7.png
Stack2,375Cycles,375,1,0.7,data\Stack2\EIS\375Cycles\Real_Ageing_EIS-1-0_7.xlsx,Sheet6,Cell 15,results\figures\eis\individual\Stack2\Cell_15\0.7Acm2\375Cycles_condition_1_Real_Ageing_EIS-1-0_7.png
Stack2,375Cycles,375,1,0.7,data\Stack2\EIS\375Cycles\Real_Ageing_EIS-1-0_7.xlsx,Sheet7,Cell 20,results\figures\eis\individual\Stack2\Cell_20\0.7Acm2\375Cycles_condition_1_Real_Ageing_EIS-1-0_7.png
Stack2,375Cycles,375,1,0.7,data\Stack2\EIS\375Cycles\Real_Ageing_EIS-1-0_7.xlsx,Sheet8,Cell 22,results\figures\eis\individual\Stack2\Cell_22\0.7Acm2\375Cycles_condition_1_Real_Ageing_EIS-1-0_7.png
Stack2,375Cycles,375,1,0.7,data\Stack2\EIS\375Cycles\Real_Ageing_EIS-1-0_7.xlsx,Sheet9,Cell 24,results\figures\eis\individual\Stack2\Cell_24\0.7Acm2\375Cycles_condition_1_Real_Ageing_EIS-1-0_7.png
Stack2,449Cycles,449,1,0.3,data\Stack2\EIS\449Cycles\Real_Ageing_EIS-1-0_3.xlsx,Sheet1,Whole Stack,results\figures\eis\individual\Stack2\Whole_Stack\0.3Acm2\449Cycles_condition_1_Real_Ageing_EIS-1-0_3.png
Stack2,449Cycles,449,1,0.3,data\Stack2\EIS\449Cycles\Real_Ageing_EIS-1-0_3.xlsx,Sheet2,Cell 01,results\figures\eis\individual\Stack2\Cell_01\0.3Acm2\449Cycles_condition_1_Real_Ageing_EIS-1-0_3.png
Stack2,449Cycles,449,1,0.3,data\Stack2\EIS\449Cycles\Real_Ageing_EIS-1-0_3.xlsx,Sheet3,Cell 03,results\figures\eis\individual\Stack2\Cell_03\0.3Acm2\449Cycles_condition_1_Real_Ageing_EIS-1-0_3.png
Stack2,449Cycles,449,1,0.3,data\Stack2\EIS\449Cycles\Real_Ageing_EIS-1-0_3.xlsx,Sheet4,Cell 05,results\figures\eis\individual\Stack2\Cell_05\0.3Acm2\449Cycles_condition_1_Real_Ageing_EIS-1-0_3.png
Stack2,449Cycles,449,1,0.3,data\Stack2\EIS\449Cycles\Real_Ageing_EIS-1-0_3.xlsx,Sheet5,Cell 10,results\figures\eis\individual\Stack2\Cell_10\0.3Acm2\449Cycles_condition_1_Real_Ageing_EIS-1-0_3.png
Stack2,449Cycles,449,1,0.3,data\Stack2\EIS\449Cycles\Real_Ageing_EIS-1-0_3.xlsx,Sheet6,Cell 15,results\figures\eis\individual\Stack2\Cell_15\0.3Acm2\449Cycles_condition_1_Real_Ageing_EIS-1-0_3.png
Stack2,449Cycles,449,1,0.3,data\Stack2\EIS\449Cycles\Real_Ageing_EIS-1-0_3.xlsx,Sheet7,Cell 20,results\figures\eis\individual\Stack2\Cell_20\0.3Acm2\449Cycles_condition_1_Real_Ageing_EIS-1-0_3.png
Stack2,449Cycles,449,1,0.3,data\Stack2\EIS\449Cycles\Real_Ageing_EIS-1-0_3.xlsx,Sheet8,Cell 22,results\figures\eis\individual\Stack2\Cell_22\0.3Acm2\449Cycles_condition_1_Real_Ageing_EIS-1-0_3.png
Stack2,449Cycles,449,1,0.3,data\Stack2\EIS\449Cycles\Real_Ageing_EIS-1-0_3.xlsx,Sheet9,Cell 24,results\figures\eis\individual\Stack2\Cell_24\0.3Acm2\449Cycles_condition_1_Real_Ageing_EIS-1-0_3.png
Stack2,449Cycles,449,1,0.7,data\Stack2\EIS\449Cycles\Real_Ageing_EIS-1-0_7.xlsx,Sheet1,Whole Stack,results\figures\eis\individual\Stack2\Whole_Stack\0.7Acm2\449Cycles_condition_1_Real_Ageing_EIS-1-0_7.png
Stack2,449Cycles,449,1,0.7,data\Stack2\EIS\449Cycles\Real_Ageing_EIS-1-0_7.xlsx,Sheet2,Cell 01,results\figures\eis\individual\Stack2\Cell_01\0.7Acm2\449Cycles_condition_1_Real_Ageing_EIS-1-0_7.png
Stack2,449Cycles,449,1,0.7,data\Stack2\EIS\449Cycles\Real_Ageing_EIS-1-0_7.xlsx,Sheet3,Cell 03,results\figures\eis\individual\Stack2\Cell_03\0.7Acm2\449Cycles_condition_1_Real_Ageing_EIS-1-0_7.png
Stack2,449Cycles,449,1,0.7,data\Stack2\EIS\449Cycles\Real_Ageing_EIS-1-0_7.xlsx,Sheet4,Cell 05,results\figures\eis\individual\Stack2\Cell_05\0.7Acm2\449Cycles_condition_1_Real_Ageing_EIS-1-0_7.png
Stack2,449Cycles,449,1,0.7,data\Stack2\EIS\449Cycles\Real_Ageing_EIS-1-0_7.xlsx,Sheet5,Cell 10,results\figures\eis\individual\Stack2\Cell_10\0.7Acm2\449Cycles_condition_1_Real_Ageing_EIS-1-0_7.png
Stack2,449Cycles,449,1,0.7,data\Stack2\EIS\449Cycles\Real_Ageing_EIS-1-0_7.xlsx,Sheet6,Cell 15,results\figures\eis\individual\Stack2\Cell_15\0.7Acm2\449Cycles_condition_1_Real_Ageing_EIS-1-0_7.png
Stack2,449Cycles,449,1,0.7,data\Stack2\EIS\449Cycles\Real_Ageing_EIS-1-0_7.xlsx,Sheet7,Cell 20,results\figures\eis\individual\Stack2\Cell_20\0.7Acm2\449Cycles_condition_1_Real_Ageing_EIS-1-0_7.png
Stack2,449Cycles,449,1,0.7,data\Stack2\EIS\449Cycles\Real_Ageing_EIS-1-0_7.xlsx,Sheet8,Cell 22,results\figures\eis\individual\Stack2\Cell_22\0.7Acm2\449Cycles_condition_1_Real_Ageing_EIS-1-0_7.png
Stack2,449Cycles,449,1,0.7,data\Stack2\EIS\449Cycles\Real_Ageing_EIS-1-0_7.xlsx,Sheet9,Cell 24,results\figures\eis\individual\Stack2\Cell_24\0.7Acm2\449Cycles_condition_1_Real_Ageing_EIS-1-0_7.png
Stack2,449Cycles,449,1A,0.3,data\Stack2\EIS\449Cycles\Real_Ageing_EIS-1A-0_3.xlsx,Sheet1,Whole Stack,results\figures\eis\individual\Stack2\Whole_Stack\0.3Acm2\449Cycles_condition_1A_Real_Ageing_EIS-1A-0_3.png
Stack2,449Cycles,449,1A,0.3,data\Stack2\EIS\449Cycles\Real_Ageing_EIS-1A-0_3.xlsx,Sheet2,Cell 01,results\figures\eis\individual\Stack2\Cell_01\0.3Acm2\449Cycles_condition_1A_Real_Ageing_EIS-1A-0_3.png
Stack2,449Cycles,449,1A,0.3,data\Stack2\EIS\449Cycles\Real_Ageing_EIS-1A-0_3.xlsx,Sheet3,Cell 03,results\figures\eis\individual\Stack2\Cell_03\0.3Acm2\449Cycles_condition_1A_Real_Ageing_EIS-1A-0_3.png
Stack2,449Cycles,449,1A,0.3,data\Stack2\EIS\449Cycles\Real_Ageing_EIS-1A-0_3.xlsx,Sheet4,Cell 05,results\figures\eis\individual\Stack2\Cell_05\0.3Acm2\449Cycles_condition_1A_Real_Ageing_EIS-1A-0_3.png
Stack2,449Cycles,449,1A,0.3,data\Stack2\EIS\449Cycles\Real_Ageing_EIS-1A-0_3.xlsx,Sheet5,Cell 10,results\figures\eis\individual\Stack2\Cell_10\0.3Acm2\449Cycles_condition_1A_Real_Ageing_EIS-1A-0_3.png
Stack2,449Cycles,449,1A,0.3,data\Stack2\EIS\449Cycles\Real_Ageing_EIS-1A-0_3.xlsx,Sheet6,Cell 15,results\figures\eis\individual\Stack2\Cell_15\0.3Acm2\449Cycles_condition_1A_Real_Ageing_EIS-1A-0_3.png
Stack2,449Cycles,449,1A,0.3,data\Stack2\EIS\449Cycles\Real_Ageing_EIS-1A-0_3.xlsx,Sheet7,Cell 20,results\figures\eis\individual\Stack2\Cell_20\0.3Acm2\449Cycles_condition_1A_Real_Ageing_EIS-1A-0_3.png
Stack2,449Cycles,449,1A,0.3,data\Stack2\EIS\449Cycles\Real_Ageing_EIS-1A-0_3.xlsx,Sheet8,Cell 22,results\figures\eis\individual\Stack2\Cell_22\0.3Acm2\449Cycles_condition_1A_Real_Ageing_EIS-1A-0_3.png
Stack2,449Cycles,449,1A,0.3,data\Stack2\EIS\449Cycles\Real_Ageing_EIS-1A-0_3.xlsx,Sheet9,Cell 24,results\figures\eis\individual\Stack2\Cell_24\0.3Acm2\449Cycles_condition_1A_Real_Ageing_EIS-1A-0_3.png
Stack2,449Cycles,449,1A,0.7,data\Stack2\EIS\449Cycles\Real_Ageing_EIS-1A-0_7.xlsx,Sheet1,Whole Stack,results\figures\eis\individual\Stack2\Whole_Stack\0.7Acm2\449Cycles_condition_1A_Real_Ageing_EIS-1A-0_7.png
Stack2,449Cycles,449,1A,0.7,data\Stack2\EIS\449Cycles\Real_Ageing_EIS-1A-0_7.xlsx,Sheet2,Cell 01,results\figures\eis\individual\Stack2\Cell_01\0.7Acm2\449Cycles_condition_1A_Real_Ageing_EIS-1A-0_7.png
Stack2,449Cycles,449,1A,0.7,data\Stack2\EIS\449Cycles\Real_Ageing_EIS-1A-0_7.xlsx,Sheet3,Cell 03,results\figures\eis\individual\Stack2\Cell_03\0.7Acm2\449Cycles_condition_1A_Real_Ageing_EIS-1A-0_7.png
Stack2,449Cycles,449,1A,0.7,data\Stack2\EIS\449Cycles\Real_Ageing_EIS-1A-0_7.xlsx,Sheet4,Cell 05,results\figures\eis\individual\Stack2\Cell_05\0.7Acm2\449Cycles_condition_1A_Real_Ageing_EIS-1A-0_7.png
Stack2,449Cycles,449,1A,0.7,data\Stack2\EIS\449Cycles\Real_Ageing_EIS-1A-0_7.xlsx,Sheet5,Cell 10,results\figures\eis\individual\Stack2\Cell_10\0.7Acm2\449Cycles_condition_1A_Real_Ageing_EIS-1A-0_7.png
Stack2,449Cycles,449,1A,0.7,data\Stack2\EIS\449Cycles\Real_Ageing_EIS-1A-0_7.xlsx,Sheet6,Cell 15,results\figures\eis\individual\Stack2\Cell_15\0.7Acm2\449Cycles_condition_1A_Real_Ageing_EIS-1A-0_7.png
Stack2,449Cycles,449,1A,0.7,data\Stack2\EIS\449Cycles\Real_Ageing_EIS-1A-0_7.xlsx,Sheet7,Cell 20,results\figures\eis\individual\Stack2\Cell_20\0.7Acm2\449Cycles_condition_1A_Real_Ageing_EIS-1A-0_7.png
Stack2,449Cycles,449,1A,0.7,data\Stack2\EIS\449Cycles\Real_Ageing_EIS-1A-0_7.xlsx,Sheet8,Cell 22,results\figures\eis\individual\Stack2\Cell_22\0.7Acm2\449Cycles_condition_1A_Real_Ageing_EIS-1A-0_7.png
Stack2,449Cycles,449,1A,0.7,data\Stack2\EIS\449Cycles\Real_Ageing_EIS-1A-0_7.xlsx,Sheet9,Cell 24,results\figures\eis\individual\Stack2\Cell_24\0.7Acm2\449Cycles_condition_1A_Real_Ageing_EIS-1A-0_7.png
Stack2,449Cycles,449,2,0.3,data\Stack2\EIS\449Cycles\Real_Ageing_EIS-2-0_3.xlsx,Sheet1,Whole Stack,results\figures\eis\individual\Stack2\Whole_Stack\0.3Acm2\449Cycles_condition_2_Real_Ageing_EIS-2-0_3.png
Stack2,449Cycles,449,2,0.3,data\Stack2\EIS\449Cycles\Real_Ageing_EIS-2-0_3.xlsx,Sheet2,Cell 01,results\figures\eis\individual\Stack2\Cell_01\0.3Acm2\449Cycles_condition_2_Real_Ageing_EIS-2-0_3.png
Stack2,449Cycles,449,2,0.3,data\Stack2\EIS\449Cycles\Real_Ageing_EIS-2-0_3.xlsx,Sheet3,Cell 03,results\figures\eis\individual\Stack2\Cell_03\0.3Acm2\449Cycles_condition_2_Real_Ageing_EIS-2-0_3.png
Stack2,449Cycles,449,2,0.3,data\Stack2\EIS\449Cycles\Real_Ageing_EIS-2-0_3.xlsx,Sheet4,Cell 05,results\figures\eis\individual\Stack2\Cell_05\0.3Acm2\449Cycles_condition_2_Real_Ageing_EIS-2-0_3.png
Stack2,449Cycles,449,2,0.3,data\Stack2\EIS\449Cycles\Real_Ageing_EIS-2-0_3.xlsx,Sheet5,Cell 10,results\figures\eis\individual\Stack2\Cell_10\0.3Acm2\449Cycles_condition_2_Real_Ageing_EIS-2-0_3.png
Stack2,449Cycles,449,2,0.3,data\Stack2\EIS\449Cycles\Real_Ageing_EIS-2-0_3.xlsx,Sheet6,Cell 15,results\figures\eis\individual\Stack2\Cell_15\0.3Acm2\449Cycles_condition_2_Real_Ageing_EIS-2-0_3.png
Stack2,449Cycles,449,2,0.3,data\Stack2\EIS\449Cycles\Real_Ageing_EIS-2-0_3.xlsx,Sheet7,Cell 20,results\figures\eis\individual\Stack2\Cell_20\0.3Acm2\449Cycles_condition_2_Real_Ageing_EIS-2-0_3.png
Stack2,449Cycles,449,2,0.3,data\Stack2\EIS\449Cycles\Real_Ageing_EIS-2-0_3.xlsx,Sheet8,Cell 22,results\figures\eis\individual\Stack2\Cell_22\0.3Acm2\449Cycles_condition_2_Real_Ageing_EIS-2-0_3.png
Stack2,449Cycles,449,2,0.3,data\Stack2\EIS\449Cycles\Real_Ageing_EIS-2-0_3.xlsx,Sheet9,Cell 24,results\figures\eis\individual\Stack2\Cell_24\0.3Acm2\449Cycles_condition_2_Real_Ageing_EIS-2-0_3.png
Stack2,449Cycles,449,2,0.7,data\Stack2\EIS\449Cycles\Real_Ageing_EIS-2-0_7.xlsx,Sheet1,Whole Stack,results\figures\eis\individual\Stack2\Whole_Stack\0.7Acm2\449Cycles_condition_2_Real_Ageing_EIS-2-0_7.png
Stack2,449Cycles,449,2,0.7,data\Stack2\EIS\449Cycles\Real_Ageing_EIS-2-0_7.xlsx,Sheet2,Cell 01,results\figures\eis\individual\Stack2\Cell_01\0.7Acm2\449Cycles_condition_2_Real_Ageing_EIS-2-0_7.png
Stack2,449Cycles,449,2,0.7,data\Stack2\EIS\449Cycles\Real_Ageing_EIS-2-0_7.xlsx,Sheet3,Cell 03,results\figures\eis\individual\Stack2\Cell_03\0.7Acm2\449Cycles_condition_2_Real_Ageing_EIS-2-0_7.png
Stack2,449Cycles,449,2,0.7,data\Stack2\EIS\449Cycles\Real_Ageing_EIS-2-0_7.xlsx,Sheet4,Cell 05,results\figures\eis\individual\Stack2\Cell_05\0.7Acm2\449Cycles_condition_2_Real_Ageing_EIS-2-0_7.png
Stack2,449Cycles,449,2,0.7,data\Stack2\EIS\449Cycles\Real_Ageing_EIS-2-0_7.xlsx,Sheet5,Cell 10,results\figures\eis\individual\Stack2\Cell_10\0.7Acm2\449Cycles_condition_2_Real_Ageing_EIS-2-0_7.png
Stack2,449Cycles,449,2,0.7,data\Stack2\EIS\449Cycles\Real_Ageing_EIS-2-0_7.xlsx,Sheet6,Cell 15,results\figures\eis\individual\Stack2\Cell_15\0.7Acm2\449Cycles_condition_2_Real_Ageing_EIS-2-0_7.png
Stack2,449Cycles,449,2,0.7,data\Stack2\EIS\449Cycles\Real_Ageing_EIS-2-0_7.xlsx,Sheet7,Cell 20,results\figures\eis\individual\Stack2\Cell_20\0.7Acm2\449Cycles_condition_2_Real_Ageing_EIS-2-0_7.png
Stack2,449Cycles,449,2,0.7,data\Stack2\EIS\449Cycles\Real_Ageing_EIS-2-0_7.xlsx,Sheet8,Cell 22,results\figures\eis\individual\Stack2\Cell_22\0.7Acm2\449Cycles_condition_2_Real_Ageing_EIS-2-0_7.png
Stack2,449Cycles,449,2,0.7,data\Stack2\EIS\449Cycles\Real_Ageing_EIS-2-0_7.xlsx,Sheet9,Cell 24,results\figures\eis\individual\Stack2\Cell_24\0.7Acm2\449Cycles_condition_2_Real_Ageing_EIS-2-0_7.png
Stack2,449Cycles,449,2A,0.3,data\Stack2\EIS\449Cycles\Real_Ageing_EIS-2A-0_3.xlsx,Sheet1,Whole Stack,results\figures\eis\individual\Stack2\Whole_Stack\0.3Acm2\449Cycles_condition_2A_Real_Ageing_EIS-2A-0_3.png
Stack2,449Cycles,449,2A,0.3,data\Stack2\EIS\449Cycles\Real_Ageing_EIS-2A-0_3.xlsx,Sheet2,Cell 01,results\figures\eis\individual\Stack2\Cell_01\0.3Acm2\449Cycles_condition_2A_Real_Ageing_EIS-2A-0_3.png
Stack2,449Cycles,449,2A,0.3,data\Stack2\EIS\449Cycles\Real_Ageing_EIS-2A-0_3.xlsx,Sheet3,Cell 03,results\figures\eis\individual\Stack2\Cell_03\0.3Acm2\449Cycles_condition_2A_Real_Ageing_EIS-2A-0_3.png
Stack2,449Cycles,449,2A,0.3,data\Stack2\EIS\449Cycles\Real_Ageing_EIS-2A-0_3.xlsx,Sheet4,Cell 05,results\figures\eis\individual\Stack2\Cell_05\0.3Acm2\449Cycles_condition_2A_Real_Ageing_EIS-2A-0_3.png
Stack2,449Cycles,449,2A,0.3,data\Stack2\EIS\449Cycles\Real_Ageing_EIS-2A-0_3.xlsx,Sheet5,Cell 10,results\figures\eis\individual\Stack2\Cell_10\0.3Acm2\449Cycles_condition_2A_Real_Ageing_EIS-2A-0_3.png
Stack2,449Cycles,449,2A,0.3,data\Stack2\EIS\449Cycles\Real_Ageing_EIS-2A-0_3.xlsx,Sheet6,Cell 15,results\figures\eis\individual\Stack2\Cell_15\0.3Acm2\449Cycles_condition_2A_Real_Ageing_EIS-2A-0_3.png
Stack2,449Cycles,449,2A,0.3,data\Stack2\EIS\449Cycles\Real_Ageing_EIS-2A-0_3.xlsx,Sheet7,Cell 20,results\figures\eis\individual\Stack2\Cell_20\0.3Acm2\449Cycles_condition_2A_Real_Ageing_EIS-2A-0_3.png
Stack2,449Cycles,449,2A,0.3,data\Stack2\EIS\449Cycles\Real_Ageing_EIS-2A-0_3.xlsx,Sheet8,Cell 22,results\figures\eis\individual\Stack2\Cell_22\0.3Acm2\449Cycles_condition_2A_Real_Ageing_EIS-2A-0_3.png
Stack2,449Cycles,449,2A,0.3,data\Stack2\EIS\449Cycles\Real_Ageing_EIS-2A-0_3.xlsx,Sheet9,Cell 24,results\figures\eis\individual\Stack2\Cell_24\0.3Acm2\449Cycles_condition_2A_Real_Ageing_EIS-2A-0_3.png
Stack2,449Cycles,449,2A,0.7,data\Stack2\EIS\449Cycles\Real_Ageing_EIS-2A-0_7.xlsx,Sheet1,Whole Stack,results\figures\eis\individual\Stack2\Whole_Stack\0.7Acm2\449Cycles_condition_2A_Real_Ageing_EIS-2A-0_7.png
Stack2,449Cycles,449,2A,0.7,data\Stack2\EIS\449Cycles\Real_Ageing_EIS-2A-0_7.xlsx,Sheet2,Cell 01,results\figures\eis\individual\Stack2\Cell_01\0.7Acm2\449Cycles_condition_2A_Real_Ageing_EIS-2A-0_7.png
Stack2,449Cycles,449,2A,0.7,data\Stack2\EIS\449Cycles\Real_Ageing_EIS-2A-0_7.xlsx,Sheet3,Cell 03,results\figures\eis\individual\Stack2\Cell_03\0.7Acm2\449Cycles_condition_2A_Real_Ageing_EIS-2A-0_7.png
Stack2,449Cycles,449,2A,0.7,data\Stack2\EIS\449Cycles\Real_Ageing_EIS-2A-0_7.xlsx,Sheet4,Cell 05,results\figures\eis\individual\Stack2\Cell_05\0.7Acm2\449Cycles_condition_2A_Real_Ageing_EIS-2A-0_7.png
Stack2,449Cycles,449,2A,0.7,data\Stack2\EIS\449Cycles\Real_Ageing_EIS-2A-0_7.xlsx,Sheet5,Cell 10,results\figures\eis\individual\Stack2\Cell_10\0.7Acm2\449Cycles_condition_2A_Real_Ageing_EIS-2A-0_7.png
Stack2,449Cycles,449,2A,0.7,data\Stack2\EIS\449Cycles\Real_Ageing_EIS-2A-0_7.xlsx,Sheet6,Cell 15,results\figures\eis\individual\Stack2\Cell_15\0.7Acm2\449Cycles_condition_2A_Real_Ageing_EIS-2A-0_7.png
Stack2,449Cycles,449,2A,0.7,data\Stack2\EIS\449Cycles\Real_Ageing_EIS-2A-0_7.xlsx,Sheet7,Cell 20,results\figures\eis\individual\Stack2\Cell_20\0.7Acm2\449Cycles_condition_2A_Real_Ageing_EIS-2A-0_7.png
Stack2,449Cycles,449,2A,0.7,data\Stack2\EIS\449Cycles\Real_Ageing_EIS-2A-0_7.xlsx,Sheet8,Cell 22,results\figures\eis\individual\Stack2\Cell_22\0.7Acm2\449Cycles_condition_2A_Real_Ageing_EIS-2A-0_7.png
Stack2,449Cycles,449,2A,0.7,data\Stack2\EIS\449Cycles\Real_Ageing_EIS-2A-0_7.xlsx,Sheet9,Cell 24,results\figures\eis\individual\Stack2\Cell_24\0.7Acm2\449Cycles_condition_2A_Real_Ageing_EIS-2A-0_7.png
Stack2,449Cycles,449,3,0.7,data\Stack2\EIS\449Cycles\Real_Ageing_EIS-3-0_7.xlsx,Sheet1,Whole Stack,results\figures\eis\individual\Stack2\Whole_Stack\0.7Acm2\449Cycles_condition_3_Real_Ageing_EIS-3-0_7.png
Stack2,449Cycles,449,3,0.7,data\Stack2\EIS\449Cycles\Real_Ageing_EIS-3-0_7.xlsx,Sheet2,Cell 01,results\figures\eis\individual\Stack2\Cell_01\0.7Acm2\449Cycles_condition_3_Real_Ageing_EIS-3-0_7.png
Stack2,449Cycles,449,3,0.7,data\Stack2\EIS\449Cycles\Real_Ageing_EIS-3-0_7.xlsx,Sheet3,Cell 03,results\figures\eis\individual\Stack2\Cell_03\0.7Acm2\449Cycles_condition_3_Real_Ageing_EIS-3-0_7.png
Stack2,449Cycles,449,3,0.7,data\Stack2\EIS\449Cycles\Real_Ageing_EIS-3-0_7.xlsx,Sheet4,Cell 05,results\figures\eis\individual\Stack2\Cell_05\0.7Acm2\449Cycles_condition_3_Real_Ageing_EIS-3-0_7.png
Stack2,449Cycles,449,3,0.7,data\Stack2\EIS\449Cycles\Real_Ageing_EIS-3-0_7.xlsx,Sheet5,Cell 10,results\figures\eis\individual\Stack2\Cell_10\0.7Acm2\449Cycles_condition_3_Real_Ageing_EIS-3-0_7.png
Stack2,449Cycles,449,3,0.7,data\Stack2\EIS\449Cycles\Real_Ageing_EIS-3-0_7.xlsx,Sheet6,Cell 15,results\figures\eis\individual\Stack2\Cell_15\0.7Acm2\449Cycles_condition_3_Real_Ageing_EIS-3-0_7.png
Stack2,449Cycles,449,3,0.7,data\Stack2\EIS\449Cycles\Real_Ageing_EIS-3-0_7.xlsx,Sheet7,Cell 20,results\figures\eis\individual\Stack2\Cell_20\0.7Acm2\449Cycles_condition_3_Real_Ageing_EIS-3-0_7.png
Stack2,449Cycles,449,3,0.7,data\Stack2\EIS\449Cycles\Real_Ageing_EIS-3-0_7.xlsx,Sheet8,Cell 22,results\figures\eis\individual\Stack2\Cell_22\0.7Acm2\449Cycles_condition_3_Real_Ageing_EIS-3-0_7.png
Stack2,449Cycles,449,3,0.7,data\Stack2\EIS\449Cycles\Real_Ageing_EIS-3-0_7.xlsx,Sheet9,Cell 24,results\figures\eis\individual\Stack2\Cell_24\0.7Acm2\449Cycles_condition_3_Real_Ageing_EIS-3-0_7.png
Stack2,449Cycles,449,3A,0.3,data\Stack2\EIS\449Cycles\Real_Ageing_EIS-3A-0_3.xlsx,Sheet1,Whole Stack,results\figures\eis\individual\Stack2\Whole_Stack\0.3Acm2\449Cycles_condition_3A_Real_Ageing_EIS-3A-0_3.png
Stack2,449Cycles,449,3A,0.3,data\Stack2\EIS\449Cycles\Real_Ageing_EIS-3A-0_3.xlsx,Sheet2,Cell 01,results\figures\eis\individual\Stack2\Cell_01\0.3Acm2\449Cycles_condition_3A_Real_Ageing_EIS-3A-0_3.png
Stack2,449Cycles,449,3A,0.3,data\Stack2\EIS\449Cycles\Real_Ageing_EIS-3A-0_3.xlsx,Sheet3,Cell 03,results\figures\eis\individual\Stack2\Cell_03\0.3Acm2\449Cycles_condition_3A_Real_Ageing_EIS-3A-0_3.png
Stack2,449Cycles,449,3A,0.3,data\Stack2\EIS\449Cycles\Real_Ageing_EIS-3A-0_3.xlsx,Sheet4,Cell 05,results\figures\eis\individual\Stack2\Cell_05\0.3Acm2\449Cycles_condition_3A_Real_Ageing_EIS-3A-0_3.png
Stack2,449Cycles,449,3A,0.3,data\Stack2\EIS\449Cycles\Real_Ageing_EIS-3A-0_3.xlsx,Sheet5,Cell 10,results\figures\eis\individual\Stack2\Cell_10\0.3Acm2\449Cycles_condition_3A_Real_Ageing_EIS-3A-0_3.png
Stack2,449Cycles,449,3A,0.3,data\Stack2\EIS\449Cycles\Real_Ageing_EIS-3A-0_3.xlsx,Sheet6,Cell 15,results\figures\eis\individual\Stack2\Cell_15\0.3Acm2\449Cycles_condition_3A_Real_Ageing_EIS-3A-0_3.png
Stack2,449Cycles,449,3A,0.3,data\Stack2\EIS\449Cycles\Real_Ageing_EIS-3A-0_3.xlsx,Sheet7,Cell 20,results\figures\eis\individual\Stack2\Cell_20\0.3Acm2\449Cycles_condition_3A_Real_Ageing_EIS-3A-0_3.png
Stack2,449Cycles,449,3A,0.3,data\Stack2\EIS\449Cycles\Real_Ageing_EIS-3A-0_3.xlsx,Sheet8,Cell 22,results\figures\eis\individual\Stack2\Cell_22\0.3Acm2\449Cycles_condition_3A_Real_Ageing_EIS-3A-0_3.png
Stack2,449Cycles,449,3A,0.3,data\Stack2\EIS\449Cycles\Real_Ageing_EIS-3A-0_3.xlsx,Sheet9,Cell 24,results\figures\eis\individual\Stack2\Cell_24\0.3Acm2\449Cycles_condition_3A_Real_Ageing_EIS-3A-0_3.png
Stack2,449Cycles,449,3A,0.7,data\Stack2\EIS\449Cycles\Real_Ageing_EIS-3A-0_7.xlsx,Sheet1,Whole Stack,results\figures\eis\individual\Stack2\Whole_Stack\0.7Acm2\449Cycles_condition_3A_Real_Ageing_EIS-3A-0_7.png
Stack2,449Cycles,449,3A,0.7,data\Stack2\EIS\449Cycles\Real_Ageing_EIS-3A-0_7.xlsx,Sheet2,Cell 01,results\figures\eis\individual\Stack2\Cell_01\0.7Acm2\449Cycles_condition_3A_Real_Ageing_EIS-3A-0_7.png
Stack2,449Cycles,449,3A,0.7,data\Stack2\EIS\449Cycles\Real_Ageing_EIS-3A-0_7.xlsx,Sheet3,Cell 03,results\figures\eis\individual\Stack2\Cell_03\0.7Acm2\449Cycles_condition_3A_Real_Ageing_EIS-3A-0_7.png
Stack2,449Cycles,449,3A,0.7,data\Stack2\EIS\449Cycles\Real_Ageing_EIS-3A-0_7.xlsx,Sheet4,Cell 05,results\figures\eis\individual\Stack2\Cell_05\0.7Acm2\449Cycles_condition_3A_Real_Ageing_EIS-3A-0_7.png
Stack2,449Cycles,449,3A,0.7,data\Stack2\EIS\449Cycles\Real_Ageing_EIS-3A-0_7.xlsx,Sheet5,Cell 10,results\figures\eis\individual\Stack2\Cell_10\0.7Acm2\449Cycles_condition_3A_Real_Ageing_EIS-3A-0_7.png
Stack2,449Cycles,449,3A,0.7,data\Stack2\EIS\449Cycles\Real_Ageing_EIS-3A-0_7.xlsx,Sheet6,Cell 15,results\figures\eis\individual\Stack2\Cell_15\0.7Acm2\449Cycles_condition_3A_Real_Ageing_EIS-3A-0_7.png
Stack2,449Cycles,449,3A,0.7,data\Stack2\EIS\449Cycles\Real_Ageing_EIS-3A-0_7.xlsx,Sheet7,Cell 20,results\figures\eis\individual\Stack2\Cell_20\0.7Acm2\449Cycles_condition_3A_Real_Ageing_EIS-3A-0_7.png
Stack2,449Cycles,449,3A,0.7,data\Stack2\EIS\449Cycles\Real_Ageing_EIS-3A-0_7.xlsx,Sheet8,Cell 22,results\figures\eis\individual\Stack2\Cell_22\0.7Acm2\449Cycles_condition_3A_Real_Ageing_EIS-3A-0_7.png
Stack2,449Cycles,449,3A,0.7,data\Stack2\EIS\449Cycles\Real_Ageing_EIS-3A-0_7.xlsx,Sheet9,Cell 24,results\figures\eis\individual\Stack2\Cell_24\0.7Acm2\449Cycles_condition_3A_Real_Ageing_EIS-3A-0_7.png
Stack2,449Cycles,449,5,0.3,data\Stack2\EIS\449Cycles\Real_Ageing_EIS-5-0_3.xlsx,Sheet1,Whole Stack,results\figures\eis\individual\Stack2\Whole_Stack\0.3Acm2\449Cycles_condition_5_Real_Ageing_EIS-5-0_3.png
Stack2,449Cycles,449,5,0.3,data\Stack2\EIS\449Cycles\Real_Ageing_EIS-5-0_3.xlsx,Sheet2,Cell 01,results\figures\eis\individual\Stack2\Cell_01\0.3Acm2\449Cycles_condition_5_Real_Ageing_EIS-5-0_3.png
Stack2,449Cycles,449,5,0.3,data\Stack2\EIS\449Cycles\Real_Ageing_EIS-5-0_3.xlsx,Sheet3,Cell 03,results\figures\eis\individual\Stack2\Cell_03\0.3Acm2\449Cycles_condition_5_Real_Ageing_EIS-5-0_3.png
Stack2,449Cycles,449,5,0.3,data\Stack2\EIS\449Cycles\Real_Ageing_EIS-5-0_3.xlsx,Sheet4,Cell 05,results\figures\eis\individual\Stack2\Cell_05\0.3Acm2\449Cycles_condition_5_Real_Ageing_EIS-5-0_3.png
Stack2,449Cycles,449,5,0.3,data\Stack2\EIS\449Cycles\Real_Ageing_EIS-5-0_3.xlsx,Sheet5,Cell 10,results\figures\eis\individual\Stack2\Cell_10\0.3Acm2\449Cycles_condition_5_Real_Ageing_EIS-5-0_3.png
Stack2,449Cycles,449,5,0.3,data\Stack2\EIS\449Cycles\Real_Ageing_EIS-5-0_3.xlsx,Sheet6,Cell 15,results\figures\eis\individual\Stack2\Cell_15\0.3Acm2\449Cycles_condition_5_Real_Ageing_EIS-5-0_3.png
Stack2,449Cycles,449,5,0.3,data\Stack2\EIS\449Cycles\Real_Ageing_EIS-5-0_3.xlsx,Sheet7,Cell 20,results\figures\eis\individual\Stack2\Cell_20\0.3Acm2\449Cycles_condition_5_Real_Ageing_EIS-5-0_3.png
Stack2,449Cycles,449,5,0.3,data\Stack2\EIS\449Cycles\Real_Ageing_EIS-5-0_3.xlsx,Sheet8,Cell 22,results\figures\eis\individual\Stack2\Cell_22\0.3Acm2\449Cycles_condition_5_Real_Ageing_EIS-5-0_3.png
Stack2,449Cycles,449,5,0.3,data\Stack2\EIS\449Cycles\Real_Ageing_EIS-5-0_3.xlsx,Sheet9,Cell 24,results\figures\eis\individual\Stack2\Cell_24\0.3Acm2\449Cycles_condition_5_Real_Ageing_EIS-5-0_3.png
Stack2,449Cycles,449,5,0.7,data\Stack2\EIS\449Cycles\Real_Ageing_EIS-5-0_7.xlsx,Sheet1,Whole Stack,results\figures\eis\individual\Stack2\Whole_Stack\0.7Acm2\449Cycles_condition_5_Real_Ageing_EIS-5-0_7.png
Stack2,449Cycles,449,5,0.7,data\Stack2\EIS\449Cycles\Real_Ageing_EIS-5-0_7.xlsx,Sheet2,Cell 01,results\figures\eis\individual\Stack2\Cell_01\0.7Acm2\449Cycles_condition_5_Real_Ageing_EIS-5-0_7.png
Stack2,449Cycles,449,5,0.7,data\Stack2\EIS\449Cycles\Real_Ageing_EIS-5-0_7.xlsx,Sheet3,Cell 03,results\figures\eis\individual\Stack2\Cell_03\0.7Acm2\449Cycles_condition_5_Real_Ageing_EIS-5-0_7.png
Stack2,449Cycles,449,5,0.7,data\Stack2\EIS\449Cycles\Real_Ageing_EIS-5-0_7.xlsx,Sheet4,Cell 05,results\figures\eis\individual\Stack2\Cell_05\0.7Acm2\449Cycles_condition_5_Real_Ageing_EIS-5-0_7.png
Stack2,449Cycles,449,5,0.7,data\Stack2\EIS\449Cycles\Real_Ageing_EIS-5-0_7.xlsx,Sheet5,Cell 10,results\figures\eis\individual\Stack2\Cell_10\0.7Acm2\449Cycles_condition_5_Real_Ageing_EIS-5-0_7.png
Stack2,449Cycles,449,5,0.7,data\Stack2\EIS\449Cycles\Real_Ageing_EIS-5-0_7.xlsx,Sheet6,Cell 15,results\figures\eis\individual\Stack2\Cell_15\0.7Acm2\449Cycles_condition_5_Real_Ageing_EIS-5-0_7.png
Stack2,449Cycles,449,5,0.7,data\Stack2\EIS\449Cycles\Real_Ageing_EIS-5-0_7.xlsx,Sheet7,Cell 20,results\figures\eis\individual\Stack2\Cell_20\0.7Acm2\449Cycles_condition_5_Real_Ageing_EIS-5-0_7.png
Stack2,449Cycles,449,5,0.7,data\Stack2\EIS\449Cycles\Real_Ageing_EIS-5-0_7.xlsx,Sheet8,Cell 22,results\figures\eis\individual\Stack2\Cell_22\0.7Acm2\449Cycles_condition_5_Real_Ageing_EIS-5-0_7.png
Stack2,449Cycles,449,5,0.7,data\Stack2\EIS\449Cycles\Real_Ageing_EIS-5-0_7.xlsx,Sheet9,Cell 24,results\figures\eis\individual\Stack2\Cell_24\0.7Acm2\449Cycles_condition_5_Real_Ageing_EIS-5-0_7.png
Stack2,449Cycles,449,5A,0.3,data\Stack2\EIS\449Cycles\Real_Ageing_EIS-5A-0_3.xlsx,Sheet1,Whole Stack,results\figures\eis\individual\Stack2\Whole_Stack\0.3Acm2\449Cycles_condition_5A_Real_Ageing_EIS-5A-0_3.png
Stack2,449Cycles,449,5A,0.3,data\Stack2\EIS\449Cycles\Real_Ageing_EIS-5A-0_3.xlsx,Sheet2,Cell 01,results\figures\eis\individual\Stack2\Cell_01\0.3Acm2\449Cycles_condition_5A_Real_Ageing_EIS-5A-0_3.png
Stack2,449Cycles,449,5A,0.3,data\Stack2\EIS\449Cycles\Real_Ageing_EIS-5A-0_3.xlsx,Sheet3,Cell 03,results\figures\eis\individual\Stack2\Cell_03\0.3Acm2\449Cycles_condition_5A_Real_Ageing_EIS-5A-0_3.png
Stack2,449Cycles,449,5A,0.3,data\Stack2\EIS\449Cycles\Real_Ageing_EIS-5A-0_3.xlsx,Sheet4,Cell 05,results\figures\eis\individual\Stack2\Cell_05\0.3Acm2\449Cycles_condition_5A_Real_Ageing_EIS-5A-0_3.png
Stack2,449Cycles,449,5A,0.3,data\Stack2\EIS\449Cycles\Real_Ageing_EIS-5A-0_3.xlsx,Sheet5,Cell 10,results\figures\eis\individual\Stack2\Cell_10\0.3Acm2\449Cycles_condition_5A_Real_Ageing_EIS-5A-0_3.png
Stack2,449Cycles,449,5A,0.3,data\Stack2\EIS\449Cycles\Real_Ageing_EIS-5A-0_3.xlsx,Sheet6,Cell 15,results\figures\eis\individual\Stack2\Cell_15\0.3Acm2\449Cycles_condition_5A_Real_Ageing_EIS-5A-0_3.png
Stack2,449Cycles,449,5A,0.3,data\Stack2\EIS\449Cycles\Real_Ageing_EIS-5A-0_3.xlsx,Sheet7,Cell 20,results\figures\eis\individual\Stack2\Cell_20\0.3Acm2\449Cycles_condition_5A_Real_Ageing_EIS-5A-0_3.png
Stack2,449Cycles,449,5A,0.3,data\Stack2\EIS\449Cycles\Real_Ageing_EIS-5A-0_3.xlsx,Sheet8,Cell 22,results\figures\eis\individual\Stack2\Cell_22\0.3Acm2\449Cycles_condition_5A_Real_Ageing_EIS-5A-0_3.png
Stack2,449Cycles,449,5A,0.3,data\Stack2\EIS\449Cycles\Real_Ageing_EIS-5A-0_3.xlsx,Sheet9,Cell 24,results\figures\eis\individual\Stack2\Cell_24\0.3Acm2\449Cycles_condition_5A_Real_Ageing_EIS-5A-0_3.png
Stack2,449Cycles,449,5A,0.7,data\Stack2\EIS\449Cycles\Real_Ageing_EIS-5A-0_7.xlsx,Sheet1,Whole Stack,results\figures\eis\individual\Stack2\Whole_Stack\0.7Acm2\449Cycles_condition_5A_Real_Ageing_EIS-5A-0_7.png
Stack2,449Cycles,449,5A,0.7,data\Stack2\EIS\449Cycles\Real_Ageing_EIS-5A-0_7.xlsx,Sheet2,Cell 01,results\figures\eis\individual\Stack2\Cell_01\0.7Acm2\449Cycles_condition_5A_Real_Ageing_EIS-5A-0_7.png
Stack2,449Cycles,449,5A,0.7,data\Stack2\EIS\449Cycles\Real_Ageing_EIS-5A-0_7.xlsx,Sheet3,Cell 03,results\figures\eis\individual\Stack2\Cell_03\0.7Acm2\449Cycles_condition_5A_Real_Ageing_EIS-5A-0_7.png
Stack2,449Cycles,449,5A,0.7,data\Stack2\EIS\449Cycles\Real_Ageing_EIS-5A-0_7.xlsx,Sheet4,Cell 05,results\figures\eis\individual\Stack2\Cell_05\0.7Acm2\449Cycles_condition_5A_Real_Ageing_EIS-5A-0_7.png
Stack2,449Cycles,449,5A,0.7,data\Stack2\EIS\449Cycles\Real_Ageing_EIS-5A-0_7.xlsx,Sheet5,Cell 10,results\figures\eis\individual\Stack2\Cell_10\0.7Acm2\449Cycles_condition_5A_Real_Ageing_EIS-5A-0_7.png
Stack2,449Cycles,449,5A,0.7,data\Stack2\EIS\449Cycles\Real_Ageing_EIS-5A-0_7.xlsx,Sheet6,Cell 15,results\figures\eis\individual\Stack2\Cell_15\0.7Acm2\449Cycles_condition_5A_Real_Ageing_EIS-5A-0_7.png
Stack2,449Cycles,449,5A,0.7,data\Stack2\EIS\449Cycles\Real_Ageing_EIS-5A-0_7.xlsx,Sheet7,Cell 20,results\figures\eis\individual\Stack2\Cell_20\0.7Acm2\449Cycles_condition_5A_Real_Ageing_EIS-5A-0_7.png
Stack2,449Cycles,449,5A,0.7,data\Stack2\EIS\449Cycles\Real_Ageing_EIS-5A-0_7.xlsx,Sheet8,Cell 22,results\figures\eis\individual\Stack2\Cell_22\0.7Acm2\449Cycles_condition_5A_Real_Ageing_EIS-5A-0_7.png
Stack2,449Cycles,449,5A,0.7,data\Stack2\EIS\449Cycles\Real_Ageing_EIS-5A-0_7.xlsx,Sheet9,Cell 24,results\figures\eis\individual\Stack2\Cell_24\0.7Acm2\449Cycles_condition_5A_Real_Ageing_EIS-5A-0_7.png
Stack2,449Cycles,449,6,0.3,data\Stack2\EIS\449Cycles\Real_Ageing_EIS-6-0_3.xlsx,Sheet1,Whole Stack,results\figures\eis\individual\Stack2\Whole_Stack\0.3Acm2\449Cycles_condition_6_Real_Ageing_EIS-6-0_3.png
Stack2,449Cycles,449,6,0.3,data\Stack2\EIS\449Cycles\Real_Ageing_EIS-6-0_3.xlsx,Sheet2,Cell 01,results\figures\eis\individual\Stack2\Cell_01\0.3Acm2\449Cycles_condition_6_Real_Ageing_EIS-6-0_3.png
Stack2,449Cycles,449,6,0.3,data\Stack2\EIS\449Cycles\Real_Ageing_EIS-6-0_3.xlsx,Sheet3,Cell 03,results\figures\eis\individual\Stack2\Cell_03\0.3Acm2\449Cycles_condition_6_Real_Ageing_EIS-6-0_3.png
Stack2,449Cycles,449,6,0.3,data\Stack2\EIS\449Cycles\Real_Ageing_EIS-6-0_3.xlsx,Sheet4,Cell 05,results\figures\eis\individual\Stack2\Cell_05\0.3Acm2\449Cycles_condition_6_Real_Ageing_EIS-6-0_3.png
Stack2,449Cycles,449,6,0.3,data\Stack2\EIS\449Cycles\Real_Ageing_EIS-6-0_3.xlsx,Sheet5,Cell 10,results\figures\eis\individual\Stack2\Cell_10\0.3Acm2\449Cycles_condition_6_Real_Ageing_EIS-6-0_3.png
Stack2,449Cycles,449,6,0.3,data\Stack2\EIS\449Cycles\Real_Ageing_EIS-6-0_3.xlsx,Sheet6,Cell 15,results\figures\eis\individual\Stack2\Cell_15\0.3Acm2\449Cycles_condition_6_Real_Ageing_EIS-6-0_3.png
Stack2,449Cycles,449,6,0.3,data\Stack2\EIS\449Cycles\Real_Ageing_EIS-6-0_3.xlsx,Sheet7,Cell 20,results\figures\eis\individual\Stack2\Cell_20\0.3Acm2\449Cycles_condition_6_Real_Ageing_EIS-6-0_3.png
Stack2,449Cycles,449,6,0.3,data\Stack2\EIS\449Cycles\Real_Ageing_EIS-6-0_3.xlsx,Sheet8,Cell 22,results\figures\eis\individual\Stack2\Cell_22\0.3Acm2\449Cycles_condition_6_Real_Ageing_EIS-6-0_3.png
Stack2,449Cycles,449,6,0.3,data\Stack2\EIS\449Cycles\Real_Ageing_EIS-6-0_3.xlsx,Sheet9,Cell 24,results\figures\eis\individual\Stack2\Cell_24\0.3Acm2\449Cycles_condition_6_Real_Ageing_EIS-6-0_3.png
Stack2,449Cycles,449,6,0.7,data\Stack2\EIS\449Cycles\Real_Ageing_EIS-6-0_7.xlsx,Sheet1,Whole Stack,results\figures\eis\individual\Stack2\Whole_Stack\0.7Acm2\449Cycles_condition_6_Real_Ageing_EIS-6-0_7.png
Stack2,449Cycles,449,6,0.7,data\Stack2\EIS\449Cycles\Real_Ageing_EIS-6-0_7.xlsx,Sheet2,Cell 01,results\figures\eis\individual\Stack2\Cell_01\0.7Acm2\449Cycles_condition_6_Real_Ageing_EIS-6-0_7.png
Stack2,449Cycles,449,6,0.7,data\Stack2\EIS\449Cycles\Real_Ageing_EIS-6-0_7.xlsx,Sheet3,Cell 03,results\figures\eis\individual\Stack2\Cell_03\0.7Acm2\449Cycles_condition_6_Real_Ageing_EIS-6-0_7.png
Stack2,449Cycles,449,6,0.7,data\Stack2\EIS\449Cycles\Real_Ageing_EIS-6-0_7.xlsx,Sheet4,Cell 05,results\figures\eis\individual\Stack2\Cell_05\0.7Acm2\449Cycles_condition_6_Real_Ageing_EIS-6-0_7.png
Stack2,449Cycles,449,6,0.7,data\Stack2\EIS\449Cycles\Real_Ageing_EIS-6-0_7.xlsx,Sheet5,Cell 10,results\figures\eis\individual\Stack2\Cell_10\0.7Acm2\449Cycles_condition_6_Real_Ageing_EIS-6-0_7.png
Stack2,449Cycles,449,6,0.7,data\Stack2\EIS\449Cycles\Real_Ageing_EIS-6-0_7.xlsx,Sheet6,Cell 15,results\figures\eis\individual\Stack2\Cell_15\0.7Acm2\449Cycles_condition_6_Real_Ageing_EIS-6-0_7.png
Stack2,449Cycles,449,6,0.7,data\Stack2\EIS\449Cycles\Real_Ageing_EIS-6-0_7.xlsx,Sheet7,Cell 20,results\figures\eis\individual\Stack2\Cell_20\0.7Acm2\449Cycles_condition_6_Real_Ageing_EIS-6-0_7.png
Stack2,449Cycles,449,6,0.7,data\Stack2\EIS\449Cycles\Real_Ageing_EIS-6-0_7.xlsx,Sheet8,Cell 22,results\figures\eis\individual\Stack2\Cell_22\0.7Acm2\449Cycles_condition_6_Real_Ageing_EIS-6-0_7.png
Stack2,449Cycles,449,6,0.7,data\Stack2\EIS\449Cycles\Real_Ageing_EIS-6-0_7.xlsx,Sheet9,Cell 24,results\figures\eis\individual\Stack2\Cell_24\0.7Acm2\449Cycles_condition_6_Real_Ageing_EIS-6-0_7.png
Stack2,449Cycles,449,6A,0.3,data\Stack2\EIS\449Cycles\Real_Ageing_EIS-6A-0_3.xlsx,Sheet1,Whole Stack,results\figures\eis\individual\Stack2\Whole_Stack\0.3Acm2\449Cycles_condition_6A_Real_Ageing_EIS-6A-0_3.png
Stack2,449Cycles,449,6A,0.3,data\Stack2\EIS\449Cycles\Real_Ageing_EIS-6A-0_3.xlsx,Sheet2,Cell 01,results\figures\eis\individual\Stack2\Cell_01\0.3Acm2\449Cycles_condition_6A_Real_Ageing_EIS-6A-0_3.png
Stack2,449Cycles,449,6A,0.3,data\Stack2\EIS\449Cycles\Real_Ageing_EIS-6A-0_3.xlsx,Sheet3,Cell 03,results\figures\eis\individual\Stack2\Cell_03\0.3Acm2\449Cycles_condition_6A_Real_Ageing_EIS-6A-0_3.png
Stack2,449Cycles,449,6A,0.3,data\Stack2\EIS\449Cycles\Real_Ageing_EIS-6A-0_3.xlsx,Sheet4,Cell 05,results\figures\eis\individual\Stack2\Cell_05\0.3Acm2\449Cycles_condition_6A_Real_Ageing_EIS-6A-0_3.png
Stack2,449Cycles,449,6A,0.3,data\Stack2\EIS\449Cycles\Real_Ageing_EIS-6A-0_3.xlsx,Sheet5,Cell 10,results\figures\eis\individual\Stack2\Cell_10\0.3Acm2\449Cycles_condition_6A_Real_Ageing_EIS-6A-0_3.png
Stack2,449Cycles,449,6A,0.3,data\Stack2\EIS\449Cycles\Real_Ageing_EIS-6A-0_3.xlsx,Sheet6,Cell 15,results\figures\eis\individual\Stack2\Cell_15\0.3Acm2\449Cycles_condition_6A_Real_Ageing_EIS-6A-0_3.png
Stack2,449Cycles,449,6A,0.3,data\Stack2\EIS\449Cycles\Real_Ageing_EIS-6A-0_3.xlsx,Sheet7,Cell 20,results\figures\eis\individual\Stack2\Cell_20\0.3Acm2\449Cycles_condition_6A_Real_Ageing_EIS-6A-0_3.png
Stack2,449Cycles,449,6A,0.3,data\Stack2\EIS\449Cycles\Real_Ageing_EIS-6A-0_3.xlsx,Sheet8,Cell 22,results\figures\eis\individual\Stack2\Cell_22\0.3Acm2\449Cycles_condition_6A_Real_Ageing_EIS-6A-0_3.png
Stack2,449Cycles,449,6A,0.3,data\Stack2\EIS\449Cycles\Real_Ageing_EIS-6A-0_3.xlsx,Sheet9,Cell 24,results\figures\eis\individual\Stack2\Cell_24\0.3Acm2\449Cycles_condition_6A_Real_Ageing_EIS-6A-0_3.png
Stack2,449Cycles,449,6A,0.7,data\Stack2\EIS\449Cycles\Real_Ageing_EIS-6A-0_7.xlsx,Sheet1,Whole Stack,results\figures\eis\individual\Stack2\Whole_Stack\0.7Acm2\449Cycles_condition_6A_Real_Ageing_EIS-6A-0_7.png
Stack2,449Cycles,449,6A,0.7,data\Stack2\EIS\449Cycles\Real_Ageing_EIS-6A-0_7.xlsx,Sheet2,Cell 01,results\figures\eis\individual\Stack2\Cell_01\0.7Acm2\449Cycles_condition_6A_Real_Ageing_EIS-6A-0_7.png
Stack2,449Cycles,449,6A,0.7,data\Stack2\EIS\449Cycles\Real_Ageing_EIS-6A-0_7.xlsx,Sheet3,Cell 03,results\figures\eis\individual\Stack2\Cell_03\0.7Acm2\449Cycles_condition_6A_Real_Ageing_EIS-6A-0_7.png
Stack2,449Cycles,449,6A,0.7,data\Stack2\EIS\449Cycles\Real_Ageing_EIS-6A-0_7.xlsx,Sheet4,Cell 05,results\figures\eis\individual\Stack2\Cell_05\0.7Acm2\449Cycles_condition_6A_Real_Ageing_EIS-6A-0_7.png
Stack2,449Cycles,449,6A,0.7,data\Stack2\EIS\449Cycles\Real_Ageing_EIS-6A-0_7.xlsx,Sheet5,Cell 10,results\figures\eis\individual\Stack2\Cell_10\0.7Acm2\449Cycles_condition_6A_Real_Ageing_EIS-6A-0_7.png
Stack2,449Cycles,449,6A,0.7,data\Stack2\EIS\449Cycles\Real_Ageing_EIS-6A-0_7.xlsx,Sheet6,Cell 15,results\figures\eis\individual\Stack2\Cell_15\0.7Acm2\449Cycles_condition_6A_Real_Ageing_EIS-6A-0_7.png
Stack2,449Cycles,449,6A,0.7,data\Stack2\EIS\449Cycles\Real_Ageing_EIS-6A-0_7.xlsx,Sheet7,Cell 20,results\figures\eis\individual\Stack2\Cell_20\0.7Acm2\449Cycles_condition_6A_Real_Ageing_EIS-6A-0_7.png
Stack2,449Cycles,449,6A,0.7,data\Stack2\EIS\449Cycles\Real_Ageing_EIS-6A-0_7.xlsx,Sheet8,Cell 22,results\figures\eis\individual\Stack2\Cell_22\0.7Acm2\449Cycles_condition_6A_Real_Ageing_EIS-6A-0_7.png
Stack2,449Cycles,449,6A,0.7,data\Stack2\EIS\449Cycles\Real_Ageing_EIS-6A-0_7.xlsx,Sheet9,Cell 24,results\figures\eis\individual\Stack2\Cell_24\0.7Acm2\449Cycles_condition_6A_Real_Ageing_EIS-6A-0_7.png
Stack2,449Cycles,449,7,0.3,data\Stack2\EIS\449Cycles\Real_Ageing_EIS-7-0_3.xlsx,Sheet1,Whole Stack,results\figures\eis\individual\Stack2\Whole_Stack\0.3Acm2\449Cycles_condition_7_Real_Ageing_EIS-7-0_3.png
Stack2,449Cycles,449,7,0.3,data\Stack2\EIS\449Cycles\Real_Ageing_EIS-7-0_3.xlsx,Sheet2,Cell 01,results\figures\eis\individual\Stack2\Cell_01\0.3Acm2\449Cycles_condition_7_Real_Ageing_EIS-7-0_3.png
Stack2,449Cycles,449,7,0.3,data\Stack2\EIS\449Cycles\Real_Ageing_EIS-7-0_3.xlsx,Sheet3,Cell 03,results\figures\eis\individual\Stack2\Cell_03\0.3Acm2\449Cycles_condition_7_Real_Ageing_EIS-7-0_3.png
Stack2,449Cycles,449,7,0.3,data\Stack2\EIS\449Cycles\Real_Ageing_EIS-7-0_3.xlsx,Sheet4,Cell 05,results\figures\eis\individual\Stack2\Cell_05\0.3Acm2\449Cycles_condition_7_Real_Ageing_EIS-7-0_3.png
Stack2,449Cycles,449,7,0.3,data\Stack2\EIS\449Cycles\Real_Ageing_EIS-7-0_3.xlsx,Sheet5,Cell 10,results\figures\eis\individual\Stack2\Cell_10\0.3Acm2\449Cycles_condition_7_Real_Ageing_EIS-7-0_3.png
Stack2,449Cycles,449,7,0.3,data\Stack2\EIS\449Cycles\Real_Ageing_EIS-7-0_3.xlsx,Sheet6,Cell 15,results\figures\eis\individual\Stack2\Cell_15\0.3Acm2\449Cycles_condition_7_Real_Ageing_EIS-7-0_3.png
Stack2,449Cycles,449,7,0.3,data\Stack2\EIS\449Cycles\Real_Ageing_EIS-7-0_3.xlsx,Sheet7,Cell 20,results\figures\eis\individual\Stack2\Cell_20\0.3Acm2\449Cycles_condition_7_Real_Ageing_EIS-7-0_3.png
Stack2,449Cycles,449,7,0.3,data\Stack2\EIS\449Cycles\Real_Ageing_EIS-7-0_3.xlsx,Sheet8,Cell 22,results\figures\eis\individual\Stack2\Cell_22\0.3Acm2\449Cycles_condition_7_Real_Ageing_EIS-7-0_3.png
Stack2,449Cycles,449,7,0.3,data\Stack2\EIS\449Cycles\Real_Ageing_EIS-7-0_3.xlsx,Sheet9,Cell 24,results\figures\eis\individual\Stack2\Cell_24\0.3Acm2\449Cycles_condition_7_Real_Ageing_EIS-7-0_3.png
Stack2,449Cycles,449,7,0.7,data\Stack2\EIS\449Cycles\Real_Ageing_EIS-7-0_7.xlsx,Sheet1,Whole Stack,results\figures\eis\individual\Stack2\Whole_Stack\0.7Acm2\449Cycles_condition_7_Real_Ageing_EIS-7-0_7.png
Stack2,449Cycles,449,7,0.7,data\Stack2\EIS\449Cycles\Real_Ageing_EIS-7-0_7.xlsx,Sheet2,Cell 01,results\figures\eis\individual\Stack2\Cell_01\0.7Acm2\449Cycles_condition_7_Real_Ageing_EIS-7-0_7.png
Stack2,449Cycles,449,7,0.7,data\Stack2\EIS\449Cycles\Real_Ageing_EIS-7-0_7.xlsx,Sheet3,Cell 03,results\figures\eis\individual\Stack2\Cell_03\0.7Acm2\449Cycles_condition_7_Real_Ageing_EIS-7-0_7.png
Stack2,449Cycles,449,7,0.7,data\Stack2\EIS\449Cycles\Real_Ageing_EIS-7-0_7.xlsx,Sheet4,Cell 05,results\figures\eis\individual\Stack2\Cell_05\0.7Acm2\449Cycles_condition_7_Real_Ageing_EIS-7-0_7.png
Stack2,449Cycles,449,7,0.7,data\Stack2\EIS\449Cycles\Real_Ageing_EIS-7-0_7.xlsx,Sheet5,Cell 10,results\figures\eis\individual\Stack2\Cell_10\0.7Acm2\449Cycles_condition_7_Real_Ageing_EIS-7-0_7.png
Stack2,449Cycles,449,7,0.7,data\Stack2\EIS\449Cycles\Real_Ageing_EIS-7-0_7.xlsx,Sheet6,Cell 15,results\figures\eis\individual\Stack2\Cell_15\0.7Acm2\449Cycles_condition_7_Real_Ageing_EIS-7-0_7.png
Stack2,449Cycles,449,7,0.7,data\Stack2\EIS\449Cycles\Real_Ageing_EIS-7-0_7.xlsx,Sheet7,Cell 20,results\figures\eis\individual\Stack2\Cell_20\0.7Acm2\449Cycles_condition_7_Real_Ageing_EIS-7-0_7.png
Stack2,449Cycles,449,7,0.7,data\Stack2\EIS\449Cycles\Real_Ageing_EIS-7-0_7.xlsx,Sheet8,Cell 22,results\figures\eis\individual\Stack2\Cell_22\0.7Acm2\449Cycles_condition_7_Real_Ageing_EIS-7-0_7.png
Stack2,449Cycles,449,7,0.7,data\Stack2\EIS\449Cycles\Real_Ageing_EIS-7-0_7.xlsx,Sheet9,Cell 24,results\figures\eis\individual\Stack2\Cell_24\0.7Acm2\449Cycles_condition_7_Real_Ageing_EIS-7-0_7.png
Stack2,449Cycles,449,8,0.3,data\Stack2\EIS\449Cycles\Real_Ageing_EIS-8-0_3.xlsx,Sheet1,Whole Stack,results\figures\eis\individual\Stack2\Whole_Stack\0.3Acm2\449Cycles_condition_8_Real_Ageing_EIS-8-0_3.png
Stack2,449Cycles,449,8,0.3,data\Stack2\EIS\449Cycles\Real_Ageing_EIS-8-0_3.xlsx,Sheet2,Cell 01,results\figures\eis\individual\Stack2\Cell_01\0.3Acm2\449Cycles_condition_8_Real_Ageing_EIS-8-0_3.png
Stack2,449Cycles,449,8,0.3,data\Stack2\EIS\449Cycles\Real_Ageing_EIS-8-0_3.xlsx,Sheet3,Cell 03,results\figures\eis\individual\Stack2\Cell_03\0.3Acm2\449Cycles_condition_8_Real_Ageing_EIS-8-0_3.png
Stack2,449Cycles,449,8,0.3,data\Stack2\EIS\449Cycles\Real_Ageing_EIS-8-0_3.xlsx,Sheet4,Cell 05,results\figures\eis\individual\Stack2\Cell_05\0.3Acm2\449Cycles_condition_8_Real_Ageing_EIS-8-0_3.png
Stack2,449Cycles,449,8,0.3,data\Stack2\EIS\449Cycles\Real_Ageing_EIS-8-0_3.xlsx,Sheet5,Cell 10,results\figures\eis\individual\Stack2\Cell_10\0.3Acm2\449Cycles_condition_8_Real_Ageing_EIS-8-0_3.png
Stack2,449Cycles,449,8,0.3,data\Stack2\EIS\449Cycles\Real_Ageing_EIS-8-0_3.xlsx,Sheet6,Cell 15,results\figures\eis\individual\Stack2\Cell_15\0.3Acm2\449Cycles_condition_8_Real_Ageing_EIS-8-0_3.png
Stack2,449Cycles,449,8,0.3,data\Stack2\EIS\449Cycles\Real_Ageing_EIS-8-0_3.xlsx,Sheet7,Cell 20,results\figures\eis\individual\Stack2\Cell_20\0.3Acm2\449Cycles_condition_8_Real_Ageing_EIS-8-0_3.png
Stack2,449Cycles,449,8,0.3,data\Stack2\EIS\449Cycles\Real_Ageing_EIS-8-0_3.xlsx,Sheet8,Cell 22,results\figures\eis\individual\Stack2\Cell_22\0.3Acm2\449Cycles_condition_8_Real_Ageing_EIS-8-0_3.png
Stack2,449Cycles,449,8,0.3,data\Stack2\EIS\449Cycles\Real_Ageing_EIS-8-0_3.xlsx,Sheet9,Cell 24,results\figures\eis\individual\Stack2\Cell_24\0.3Acm2\449Cycles_condition_8_Real_Ageing_EIS-8-0_3.png
Stack2,449Cycles,449,8,0.7,data\Stack2\EIS\449Cycles\Real_Ageing_EIS-8-0_7.xlsx,Sheet1,Whole Stack,results\figures\eis\individual\Stack2\Whole_Stack\0.7Acm2\449Cycles_condition_8_Real_Ageing_EIS-8-0_7.png
Stack2,449Cycles,449,8,0.7,data\Stack2\EIS\449Cycles\Real_Ageing_EIS-8-0_7.xlsx,Sheet2,Cell 01,results\figures\eis\individual\Stack2\Cell_01\0.7Acm2\449Cycles_condition_8_Real_Ageing_EIS-8-0_7.png
Stack2,449Cycles,449,8,0.7,data\Stack2\EIS\449Cycles\Real_Ageing_EIS-8-0_7.xlsx,Sheet3,Cell 03,results\figures\eis\individual\Stack2\Cell_03\0.7Acm2\449Cycles_condition_8_Real_Ageing_EIS-8-0_7.png
Stack2,449Cycles,449,8,0.7,data\Stack2\EIS\449Cycles\Real_Ageing_EIS-8-0_7.xlsx,Sheet4,Cell 05,results\figures\eis\individual\Stack2\Cell_05\0.7Acm2\449Cycles_condition_8_Real_Ageing_EIS-8-0_7.png
Stack2,449Cycles,449,8,0.7,data\Stack2\EIS\449Cycles\Real_Ageing_EIS-8-0_7.xlsx,Sheet5,Cell 10,results\figures\eis\individual\Stack2\Cell_10\0.7Acm2\449Cycles_condition_8_Real_Ageing_EIS-8-0_7.png
Stack2,449Cycles,449,8,0.7,data\Stack2\EIS\449Cycles\Real_Ageing_EIS-8-0_7.xlsx,Sheet6,Cell 15,results\figures\eis\individual\Stack2\Cell_15\0.7Acm2\449Cycles_condition_8_Real_Ageing_EIS-8-0_7.png
Stack2,449Cycles,449,8,0.7,data\Stack2\EIS\449Cycles\Real_Ageing_EIS-8-0_7.xlsx,Sheet7,Cell 20,results\figures\eis\individual\Stack2\Cell_20\0.7Acm2\449Cycles_condition_8_Real_Ageing_EIS-8-0_7.png
Stack2,449Cycles,449,8,0.7,data\Stack2\EIS\449Cycles\Real_Ageing_EIS-8-0_7.xlsx,Sheet8,Cell 22,results\figures\eis\individual\Stack2\Cell_22\0.7Acm2\449Cycles_condition_8_Real_Ageing_EIS-8-0_7.png
Stack2,449Cycles,449,8,0.7,data\Stack2\EIS\449Cycles\Real_Ageing_EIS-8-0_7.xlsx,Sheet9,Cell 24,results\figures\eis\individual\Stack2\Cell_24\0.7Acm2\449Cycles_condition_8_Real_Ageing_EIS-8-0_7.png
Stack2,60Cycles,60,1,0.3,data\Stack2\EIS\60Cycles\Real_Ageing_EIS-1-0_3.xlsx,Sheet1,Whole Stack,results\figures\eis\individual\Stack2\Whole_Stack\0.3Acm2\60Cycles_condition_1_Real_Ageing_EIS-1-0_3.png
Stack2,60Cycles,60,1,0.3,data\Stack2\EIS\60Cycles\Real_Ageing_EIS-1-0_3.xlsx,Sheet2,Cell 01,results\figures\eis\individual\Stack2\Cell_01\0.3Acm2\60Cycles_condition_1_Real_Ageing_EIS-1-0_3.png
Stack2,60Cycles,60,1,0.3,data\Stack2\EIS\60Cycles\Real_Ageing_EIS-1-0_3.xlsx,Sheet3,Cell 03,results\figures\eis\individual\Stack2\Cell_03\0.3Acm2\60Cycles_condition_1_Real_Ageing_EIS-1-0_3.png
Stack2,60Cycles,60,1,0.3,data\Stack2\EIS\60Cycles\Real_Ageing_EIS-1-0_3.xlsx,Sheet4,Cell 05,results\figures\eis\individual\Stack2\Cell_05\0.3Acm2\60Cycles_condition_1_Real_Ageing_EIS-1-0_3.png
Stack2,60Cycles,60,1,0.3,data\Stack2\EIS\60Cycles\Real_Ageing_EIS-1-0_3.xlsx,Sheet5,Cell 10,results\figures\eis\individual\Stack2\Cell_10\0.3Acm2\60Cycles_condition_1_Real_Ageing_EIS-1-0_3.png
Stack2,60Cycles,60,1,0.3,data\Stack2\EIS\60Cycles\Real_Ageing_EIS-1-0_3.xlsx,Sheet6,Cell 15,results\figures\eis\individual\Stack2\Cell_15\0.3Acm2\60Cycles_condition_1_Real_Ageing_EIS-1-0_3.png
Stack2,60Cycles,60,1,0.3,data\Stack2\EIS\60Cycles\Real_Ageing_EIS-1-0_3.xlsx,Sheet7,Cell 20,results\figures\eis\individual\Stack2\Cell_20\0.3Acm2\60Cycles_condition_1_Real_Ageing_EIS-1-0_3.png
Stack2,60Cycles,60,1,0.3,data\Stack2\EIS\60Cycles\Real_Ageing_EIS-1-0_3.xlsx,Sheet8,Cell 22,results\figures\eis\individual\Stack2\Cell_22\0.3Acm2\60Cycles_condition_1_Real_Ageing_EIS-1-0_3.png
Stack2,60Cycles,60,1,0.3,data\Stack2\EIS\60Cycles\Real_Ageing_EIS-1-0_3.xlsx,Sheet9,Cell 24,results\figures\eis\individual\Stack2\Cell_24\0.3Acm2\60Cycles_condition_1_Real_Ageing_EIS-1-0_3.png
Stack2,60Cycles,60,1,0.7,data\Stack2\EIS\60Cycles\Real_Ageing_EIS-1-0_7.xlsx,Sheet1,Whole Stack,results\figures\eis\individual\Stack2\Whole_Stack\0.7Acm2\60Cycles_condition_1_Real_Ageing_EIS-1-0_7.png
Stack2,60Cycles,60,1,0.7,data\Stack2\EIS\60Cycles\Real_Ageing_EIS-1-0_7.xlsx,Sheet2,Cell 01,results\figures\eis\individual\Stack2\Cell_01\0.7Acm2\60Cycles_condition_1_Real_Ageing_EIS-1-0_7.png
Stack2,60Cycles,60,1,0.7,data\Stack2\EIS\60Cycles\Real_Ageing_EIS-1-0_7.xlsx,Sheet3,Cell 03,results\figures\eis\individual\Stack2\Cell_03\0.7Acm2\60Cycles_condition_1_Real_Ageing_EIS-1-0_7.png
Stack2,60Cycles,60,1,0.7,data\Stack2\EIS\60Cycles\Real_Ageing_EIS-1-0_7.xlsx,Sheet4,Cell 05,results\figures\eis\individual\Stack2\Cell_05\0.7Acm2\60Cycles_condition_1_Real_Ageing_EIS-1-0_7.png
Stack2,60Cycles,60,1,0.7,data\Stack2\EIS\60Cycles\Real_Ageing_EIS-1-0_7.xlsx,Sheet5,Cell 10,results\figures\eis\individual\Stack2\Cell_10\0.7Acm2\60Cycles_condition_1_Real_Ageing_EIS-1-0_7.png
Stack2,60Cycles,60,1,0.7,data\Stack2\EIS\60Cycles\Real_Ageing_EIS-1-0_7.xlsx,Sheet6,Cell 15,results\figures\eis\individual\Stack2\Cell_15\0.7Acm2\60Cycles_condition_1_Real_Ageing_EIS-1-0_7.png
Stack2,60Cycles,60,1,0.7,data\Stack2\EIS\60Cycles\Real_Ageing_EIS-1-0_7.xlsx,Sheet7,Cell 20,results\figures\eis\individual\Stack2\Cell_20\0.7Acm2\60Cycles_condition_1_Real_Ageing_EIS-1-0_7.png
Stack2,60Cycles,60,1,0.7,data\Stack2\EIS\60Cycles\Real_Ageing_EIS-1-0_7.xlsx,Sheet8,Cell 22,results\figures\eis\individual\Stack2\Cell_22\0.7Acm2\60Cycles_condition_1_Real_Ageing_EIS-1-0_7.png
Stack2,60Cycles,60,1,0.7,data\Stack2\EIS\60Cycles\Real_Ageing_EIS-1-0_7.xlsx,Sheet9,Cell 24,results\figures\eis\individual\Stack2\Cell_24\0.7Acm2\60Cycles_condition_1_Real_Ageing_EIS-1-0_7.png
