stack,cycle_label,cycles,condition,current_density_A_cm2,file,sheet,sheet_label,fit_status,split_z_re_ohm,R_ohm_ohm,R_anode_ct_ohm,R_cathode_ct_ohm,R_total_fit_ohm,anode_fit_rmse,cathode_fit_rmse,anode_center_x,anode_center_y,anode_radius,cathode_center_x,cathode_center_y,cathode_radius,figure
Stack1,0_AfterBreakIn,0,1,0.3,data\Stack1\EIS\0_AfterBreakIn\Real_Ageing_EIS-1-0_3.xlsx,Sheet1,Whole Stack,ok,0.006451,0.0,0.007810087983670059,0.0393246150044294,0.047134702988099464,0.0006767449082110066,0.00044445850865338705,0.0010371224666588102,-0.0030547900145152067,0.004957934107160832,0.027371017005939947,-0.00903406174185698,0.021638405853189196,results\figures\eis_fits\Stack1\Whole_Stack\0.3Acm2\0_AfterBreakIn_condition_1_Real_Ageing_EIS-1-0_3.png
Stack1,0_AfterBreakIn,0,1,0.3,data\Stack1\EIS\0_AfterBreakIn\Real_Ageing_EIS-1-0_3.xlsx,Sheet2,Cell 01,ok,0.00034461,0.0002576386173607473,0.00016528634625902634,0.0014628451408432502,0.0016281314871022766,2.0301053303883267e-05,1.45219410361749e-05,0.0003402817904902605,-5.037674172229364e-05,9.678693182175664e-05,0.001083640041879632,-0.00021110894623049405,0.0007612791627916311,results\figures\eis_fits\Stack1\Cell_01\0.3Acm2\0_AfterBreakIn_condition_1_Real_Ageing_EIS-1-0_3.png
Stack1,0_AfterBreakIn,0,1,0.3,data\Stack1\EIS\0_AfterBreakIn\Real_Ageing_EIS-1-0_3.xlsx,Sheet3,Cell 03,ok,0.0003163,0.00014643922276609623,0.0001670919343614539,0.0015612568080539447,0.0017283487424153987,1.2616235817197278e-05,1.2518089737177432e-05,0.00022998518994682318,-1.3789337262303122e-05,8.467629216195431e-05,0.0011118698321728115,-0.0003052431120286365,0.0008381849811435569,results\figures\eis_fits\Stack1\Cell_03\0.3Acm2\0_AfterBreakIn_condition_1_Real_Ageing_EIS-1-0_3.png
Stack1,0_AfterBreakIn,0,1,0.3,data\Stack1\EIS\0_AfterBreakIn\Real_Ageing_EIS-1-0_3.xlsx,Sheet4,Cell 05,ok,0.00035052,0.00023991358620894048,0.00011414188428709533,0.0014825585681293829,0.0015967004524164781,1.55487674691826e-05,1.660501332375316e-05,0.00029698452835248815,-2.3014976417055994e-05,6.153683105774792e-05,0.001103175128208598,-0.00024411424531225407,0.0007804400949130131,results\figures\eis_fits\Stack1\Cell_05\0.3Acm2\0_AfterBreakIn_condition_1_Real_Ageing_EIS-1-0_3.png
Stack1,0_AfterBreakIn,0,1,0.3,data\Stack1\EIS\0_AfterBreakIn\Real_Ageing_EIS-1-0_3.xlsx,Sheet5,Cell 10,ok,0.00032754,0.00022368684644710524,9.801970852216562e-05,0.0015641786610512166,0.0016621983695733822,2.1152668446855566e-05,1.2410350860894327e-05,0.00027269670070818804,-3.3441532419708867e-05,5.9332132148364734e-05,0.0011258842803538404,-0.00030470130539264135,0.0008393489181681083,results\figures\eis_fits\Stack1\Cell_10\0.3Acm2\0_AfterBreakIn_condition_1_Real_Ageing_EIS-1-0_3.png
Stack1,0_AfterBreakIn,0,1,0.3,data\Stack1\EIS\0_AfterBreakIn\Real_Ageing_EIS-1-0_3.xlsx,Sheet6,Cell 15,ok,0.00036217,0.00031479415205024763,0.0002667080866481157,0.0014999706091349382,0.0017666786957830538,9.184737271390828e-06,1.6941290738092143e-05,0.0004481481953743055,-4.604850774173509e-05,0.00014108070717187143,0.0011184539439831984,-0.0002449760514412851,0.0007889811295886123,results\figures\eis_fits\Stack1\Cell_15\0.3Acm2\0_AfterBreakIn_condition_1_Real_Ageing_EIS-1-0_3.png
Stack1,0_AfterBreakIn,0,1,0.3,data\Stack1\EIS\0_AfterBreakIn\Real_Ageing_EIS-1-0_3.xlsx,Sheet7,Cell 20,ok,0.00036231,0.00024447782708105495,9.766443711630555e-05,0.0014947043077264653,0.0015923687448427708,1.4894526290422147e-05,1.5551881882328963e-05,0.0002933100456392077,2.6543866922713375e-05,5.558023426112846e-05,0.0011207400975859225,-0.00022074092764491304,0.0007792700424253134,results\figures\eis_fits\Stack1\Cell_20\0.3Acm2\0_AfterBreakIn_condition_1_Real_Ageing_EIS-1-0_3.png
Stack1,0_AfterBreakIn,0,1,0.3,data\Stack1\EIS\0_AfterBreakIn\Real_Ageing_EIS-1-0_3.xlsx,Sheet8,Cell 22,ok,0.00033277,0.0002518337972090115,9.119586364999745e-05,0.0015729320363198826,0.0016641278999698801,1.7839911158311652e-05,1.6539590571731064e-05,0.0002974317290340102,-4.6552200630240764e-05,6.516347727243705e-05,0.0011271880376130658,-0.0003237874812306345,0.0008505099239409447,results\figures\eis_fits\Stack1\Cell_22\0.3Acm2\0_AfterBreakIn_condition_1_Real_Ageing_EIS-1-0_3.png
Stack1,0_AfterBreakIn,0,1,0.3,data\Stack1\EIS\0_AfterBreakIn\Real_Ageing_EIS-1-0_3.xlsx,Sheet9,Cell 24,ok,0.0003622,0.0002373809551678941,9.603690143277767e-05,0.0015211264105413416,0.0016171633119741193,1.3417686799009866e-05,1.778906850465154e-05,0.0002853994058842829,3.7799346420562173e-05,6.111106445664262e-05,0.0011269993008948865,-0.0002679149278217536,0.0008063713770722098,results\figures\eis_fits\Stack1\Cell_24\0.3Acm2\0_AfterBreakIn_condition_1_Real_Ageing_EIS-1-0_3.png
Stack1,0_AfterBreakIn,0,1,0.7,data\Stack1\EIS\0_AfterBreakIn\Real_Ageing_EIS-1-0_7.xlsx,Sheet1,Whole Stack,ok,0.0081674,0.0,0.029692455732809417,0.039666656843461656,0.06935911257627107,0.00026308879865842425,0.0005326076563561262,0.006384506332504463,0.01573639701003686,0.014846227866404708,0.027159257761659623,-0.014457699345179244,0.024543552852833515,results\figures\eis_fits\Stack1\Whole_Stack\0.7Acm2\0_AfterBreakIn_condition_1_Real_Ageing_EIS-1-0_7.png
Stack1,0_AfterBreakIn,0,1,0.7,data\Stack1\EIS\0_AfterBreakIn\Real_Ageing_EIS-1-0_7.xlsx,Sheet2,Cell 01,ok,0.00082698,0.0003107764878247857,0.0011309374983966211,0.0015367783249234318,0.002667715823320053,1.459877122233156e-05,2.3102181462930223e-05,0.0008762452370230962,-0.00024230381580250416,0.0006151959407151153,0.001127292618640917,0.0011403231763680438,0.0007683891624617159,results\figures\eis_fits\Stack1\Cell_01\0.7Acm2\0_AfterBreakIn_condition_1_Real_Ageing_EIS-1-0_7.png
Stack1,0_AfterBreakIn,0,1,0.7,data\Stack1\EIS\0_AfterBreakIn\Real_Ageing_EIS-1-0_7.xlsx,Sheet3,Cell 03,ok,0.00083855,0.0003282668663338572,0.001096736132151019,0.0014077150788936604,0.0025044512110446795,1.320972524977543e-05,2.3818448612795103e-05,0.0008766349324093667,-0.00022306863582412145,0.0005920026623080582,0.0011393252754680388,0.001064128674077435,0.0007038575394468302,results\figures\eis_fits\Stack1\Cell_03\0.7Acm2\0_AfterBreakIn_condition_1_Real_Ageing_EIS-1-0_7.png
Stack1,0_AfterBreakIn,0,1,0.7,data\Stack1\EIS\0_AfterBreakIn\Real_Ageing_EIS-1-0_7.xlsx,Sheet4,Cell 05,ok,0.0010784,0.0003361928944631184,0.0011745073138140659,0.0006908788696542949,0.0018653861834683609,8.933708051009418e-06,1.9614484665358823e-05,0.0009234465513701513,-0.00028148379899687286,0.000651229595955524,0.001317965584627346,3.858436859854731e-05,0.0003475876243968528,results\figures\eis_fits\Stack1\Cell_05\0.7Acm2\0_AfterBreakIn_condition_1_Real_Ageing_EIS-1-0_7.png
Stack1,0_AfterBreakIn,0,1,0.7,data\Stack1\EIS\0_AfterBreakIn\Real_Ageing_EIS-1-0_7.xlsx,Sheet5,Cell 10,ok,0.00085551,0.0003279493785932182,0.001398814591839359,0.0014444638843911118,0.0028432784762304707,8.468032067373919e-06,2.278629227049109e-05,0.0010273566745128977,-0.0003862849682688922,0.000798991015153598,0.0011543495410871439,0.001086027541089155,0.0007222319421955559,results\figures\eis_fits\Stack1\Cell_10\0.7Acm2\0_AfterBreakIn_condition_1_Real_Ageing_EIS-1-0_7.png
Stack1,0_AfterBreakIn,0,1,0.7,data\Stack1\EIS\0_AfterBreakIn\Real_Ageing_EIS-1-0_7.xlsx,Sheet6,Cell 15,ok,0.00085001,0.0003326406170415469,0.0009664494222391383,0.0013443686952336114,0.0023108181174727495,1.676887814521443e-05,2.0477116198468728e-05,0.000815865328161116,-0.00016674421969738661,0.0005111846596280853,0.0011067016081771192,0.0010327112504762866,0.0006721843476168057,results\figures\eis_fits\Stack1\Cell_15\0.7Acm2\0_AfterBreakIn_condition_1_Real_Ageing_EIS-1-0_7.png
Stack1,0_AfterBreakIn,0,1,0.7,data\Stack1\EIS\0_AfterBreakIn\Real_Ageing_EIS-1-0_7.xlsx,Sheet7,Cell 20,ok,0.00042598,0.00033161279243286245,0.00021865524443231063,0.00157048533128513,0.0017891405757174406,1.2171372499757933e-05,2.7017352660091104e-05,0.0004409404146490178,-3.6569069546982746e-06,0.0001093887651814102,0.0011114323671232915,-0.0004952515094080928,0.0009283749789370862,results\figures\eis_fits\Stack1\Cell_20\0.7Acm2\0_AfterBreakIn_condition_1_Real_Ageing_EIS-1-0_7.png
Stack1,0_AfterBreakIn,0,1,0.7,data\Stack1\EIS\0_AfterBreakIn\Real_Ageing_EIS-1-0_7.xlsx,Sheet8,Cell 22,ok,0.00045567,0.00032508421062282214,0.0003160848782551262,0.0017235786070485392,0.0020396634853036655,1.5112919488483529e-05,2.771676453949644e-05,0.00048312664975038523,-1.896009574853076e-05,0.00015917568217596224,0.0011396660178282377,-0.0007058069171365034,0.001113931868628679,results\figures\eis_fits\Stack1\Cell_22\0.7Acm2\0_AfterBreakIn_condition_1_Real_Ageing_EIS-1-0_7.png
Stack1,0_AfterBreakIn,0,1,0.7,data\Stack1\EIS\0_AfterBreakIn\Real_Ageing_EIS-1-0_7.xlsx,Sheet9,Cell 24,ok,0.00045948,0.00032366555877490433,0.0002076251007984823,0.0016863266789863397,0.001893951779784822,2.1785704086331314e-05,2.893356821015726e-05,0.0004274781091741455,9.690278000025151e-06,0.0001042638341329953,0.001138363821828364,-0.0006546095237166015,0.001067444633508338,results\figures\eis_fits\Stack1\Cell_24\0.7Acm2\0_AfterBreakIn_condition_1_Real_Ageing_EIS-1-0_7.png
Stack1,0_AfterBreakIn,0,2,0.3,data\Stack1\EIS\0_AfterBreakIn\Real_Ageing_EIS-2-0_3.xlsx,Sheet1,Whole Stack,ok,0.01179,0.00045878196091056825,0.005385881764593211,0.033553392385487366,0.038939274150080576,0.00047954719346353326,0.0002135257812267131,0.003151722843207174,0.008095005641058644,0.008531180863416019,0.026123714345274,-0.0046675850173046665,0.017413899191088347,results\figures\eis_fits\Stack1\Whole_Stack\0.3Acm2\0_AfterBreakIn_condition_2_Real_Ageing_EIS-2-0_3.png
Stack1,0_AfterBreakIn,0,2,0.3,data\Stack1\EIS\0_AfterBreakIn\Real_Ageing_EIS-2-0_3.xlsx,Sheet2,Cell 01,ok,0.00032761,0.00022252934752131626,0.00010551429949390788,0.001448797755314436,0.0015543120548083438,1.6179327104118872e-05,1.3173700716321868e-05,0.0002752864972682702,-3.2602047708810183e-06,5.28577883057038e-05,0.0010607804489546429,-0.0002298013681006815,0.0007599752645527235,results\figures\eis_fits\Stack1\Cell_01\0.3Acm2\0_AfterBreakIn_condition_2_Real_Ageing_EIS-2-0_3.png
Stack1,0_AfterBreakIn,0,2,0.3,data\Stack1\EIS\0_AfterBreakIn\Real_Ageing_EIS-2-0_3.xlsx,Sheet3,Cell 03,ok,0.00030821,0.0001635976620695116,0.00013295995065853744,0.0014808593756600278,0.0016138193263185653,2.2786361717245984e-05,1.2107121247716366e-05,0.00023007763739878032,-4.4294173411578133e-05,7.988467260992645e-05,0.0010716380633671752,-0.00028131104845357456,0.0007920681969389386,results\figures\eis_fits\Stack1\Cell_03\0.3Acm2\0_AfterBreakIn_condition_2_Real_Ageing_EIS-2-0_3.png
Stack1,0_AfterBreakIn,0,2,0.3,data\Stack1\EIS\0_AfterBreakIn\Real_Ageing_EIS-2-0_3.xlsx,Sheet4,Cell 05,ok,0.00034416,0.00023775172713602784,0.00010468534843428994,0.0014502419372933056,0.0015549272857275954,1.0026740943214775e-05,1.560315647391795e-05,0.00029009440135317283,-4.016879611735678e-06,5.2496579564933094e-05,0.001080905512066193,-0.0002455973027388756,0.0007655837343384922,results\figures\eis_fits\Stack1\Cell_05\0.3Acm2\0_AfterBreakIn_condition_2_Real_Ageing_EIS-2-0_3.png
Stack1,0_AfterBreakIn,0,2,0.3,data\Stack1\EIS\0_AfterBreakIn\Real_Ageing_EIS-2-0_3.xlsx,Sheet5,Cell 10,ok,0.00033347,0.00015890581408078492,0.0001651442214899896,0.0014787125627374231,0.0016438567842274128,1.304414285793549e-05,1.2819214748476289e-05,0.0002414779248257797,-4.1359300024366244e-07,8.257314655536348e-05,0.0010863413962666725,-0.0002637377463257289,0.0007849874582669101,results\figures\eis_fits\Stack1\Cell_10\0.3Acm2\0_AfterBreakIn_condition_2_Real_Ageing_EIS-2-0_3.png
Stack1,0_AfterBreakIn,0,2,0.3,data\Stack1\EIS\0_AfterBreakIn\Real_Ageing_EIS-2-0_3.xlsx,Sheet6,Cell 15,ok,0.00051995,0.0003291870957052806,0.00029880163137794034,0.0014121126847483681,0.0017109143161263085,2.689910979899317e-05,9.154324602235349e-06,0.00047858791139425075,2.7457197480873022e-05,0.00015190293421140125,0.0010989652553015773,-0.00020540086072025446,0.0007353265072003269,results\figures\eis_fits\Stack1\Cell_15\0.3Acm2\0_AfterBreakIn_condition_2_Real_Ageing_EIS-2-0_3.png
Stack1,0_AfterBreakIn,0,2,0.3,data\Stack1\EIS\0_AfterBreakIn\Real_Ageing_EIS-2-0_3.xlsx,Sheet7,Cell 20,ok,0.00035079,0.0002763229934814146,0.00011008050969004707,0.0014693783419422852,0.0015794588516323323,1.5909788706996482e-05,1.735524488499515e-05,0.0003313632483264381,-3.818241463616578e-05,6.698750958837942e-05,0.0010972298069234301,-0.0002313501973461349,0.0007702539138195666,results\figures\eis_fits\Stack1\Cell_20\0.3Acm2\0_AfterBreakIn_condition_2_Real_Ageing_EIS-2-0_3.png
Stack1,0_AfterBreakIn,0,2,0.3,data\Stack1\EIS\0_AfterBreakIn\Real_Ageing_EIS-2-0_3.xlsx,Sheet8,Cell 22,ok,0.00031975,5.181523746284139e-05,0.00025945675094412034,0.0015121114315155212,0.0017715681824596416,2.122603388004197e-05,1.5495829733614003e-05,0.00018154361293490156,-8.626124812021604e-05,0.0001557897760762153,0.0010948834526056735,-0.0003062366704252396,0.0008157212413828124,results\figures\eis_fits\Stack1\Cell_22\0.3Acm2\0_AfterBreakIn_condition_2_Real_Ageing_EIS-2-0_3.png
Stack1,0_AfterBreakIn,0,2,0.3,data\Stack1\EIS\0_AfterBreakIn\Real_Ageing_EIS-2-0_3.xlsx,Sheet9,Cell 24,ok,0.00040189,0.0003042836448571253,0.0002591984932026613,0.0012975238917374598,0.001556722384940121,2.0856646897339032e-05,2.630904879308836e-05,0.00043388289145845595,-6.4178887238536e-05,0.00014461982674173425,0.0010612487911352438,-0.00012898550441222385,0.0006614599933146801,results\figures\eis_fits\Stack1\Cell_24\0.3Acm2\0_AfterBreakIn_condition_2_Real_Ageing_EIS-2-0_3.png
Stack1,0_AfterBreakIn,0,2,0.7,data\Stack1\EIS\0_AfterBreakIn\Real_Ageing_EIS-2-0_7.xlsx,Sheet1,Whole Stack,ok,0.01245,0.0,0.014862429573035319,0.03014715372103625,0.04500958329407157,0.00048256671098293835,0.0013495887600992384,0.004834049030980525,0.0079780897986994,0.007431214786517659,0.0249547102638248,-0.006774657140468177,0.016526000688032297,results\figures\eis_fits\Stack1\Whole_Stack\0.7Acm2\0_AfterBreakIn_condition_2_Real_Ageing_EIS-2-0_7.png
Stack1,0_AfterBreakIn,0,2,0.7,data\Stack1\EIS\0_AfterBreakIn\Real_Ageing_EIS-2-0_7.xlsx,Sheet2,Cell 01,ok,0.00081399,0.0003087686365053951,0.0010430471829270406,0.0010161087343695653,0.002059155917296606,1.3615074758989305e-05,3.972808680131413e-05,0.0008302922279689154,-0.00022057332200474134,0.0005662503393669765,0.001163123956415232,0.0008111320359382241,0.0005080543671847827,results\figures\eis_fits\Stack1\Cell_01\0.7Acm2\0_AfterBreakIn_condition_2_Real_Ageing_EIS-2-0_7.png
Stack1,0_AfterBreakIn,0,2,0.7,data\Stack1\EIS\0_AfterBreakIn\Real_Ageing_EIS-2-0_7.xlsx,Sheet3,Cell 03,ok,0.00039577,0.00031628032350648197,0.0002028691345175796,0.0014424522872458923,0.001645321421763472,1.0197860175922318e-05,3.118309321126781e-05,0.0004177148907652718,-9.449724683417687e-06,0.00010187378824589938,0.0010264481060824656,-0.00048571103271452336,0.0008695299635698791,results\figures\eis_fits\Stack1\Cell_03\0.7Acm2\0_AfterBreakIn_condition_2_Real_Ageing_EIS-2-0_7.png
Stack1,0_AfterBreakIn,0,2,0.7,data\Stack1\EIS\0_AfterBreakIn\Real_Ageing_EIS-2-0_7.xlsx,Sheet4,Cell 05,ok,0.0011376,0.00034235106983159923,0.0010187765776230114,0.0005409248137367229,0.0015597013913597343,1.6764344418468173e-05,8.276244091199654e-06,0.0008517393586431049,-0.00020397104895745246,0.0005487081351603213,0.0013062481587264205,5.3195856402798105e-05,0.0002756441776411289,results\figures\eis_fits\Stack1\Cell_05\0.7Acm2\0_AfterBreakIn_condition_2_Real_Ageing_EIS-2-0_7.png
Stack1,0_AfterBreakIn,0,2,0.7,data\Stack1\EIS\0_AfterBreakIn\Real_Ageing_EIS-2-0_7.xlsx,Sheet5,Cell 10,ok,0.00084573,0.00033047005966326394,0.0012050401507053997,0.0009968881671843794,0.0022019283178897793,9.393336571921774e-06,3.971328367767853e-05,0.0009329901350159638,-0.00030268483896124065,0.0006742763179439237,0.0012018817924999703,0.0007973889835507469,0.0004984440835921897,results\figures\eis_fits\Stack1\Cell_10\0.7Acm2\0_AfterBreakIn_condition_2_Real_Ageing_EIS-2-0_7.png
Stack1,0_AfterBreakIn,0,2,0.7,data\Stack1\EIS\0_AfterBreakIn\Real_Ageing_EIS-2-0_7.xlsx,Sheet6,Cell 15,ok,0.00043121,0.00032737776808325494,0.00016600418072572129,0.0015136873337754288,0.00167969151450115,1.426349181480538e-05,3.6316588291309915e-05,0.00041037985844611557,2.340402502937361e-05,8.623859572244918e-05,0.0010650316060100643,-0.0005310519184864173,0.0009245693463641037,results\figures\eis_fits\Stack1\Cell_15\0.7Acm2\0_AfterBreakIn_condition_2_Real_Ageing_EIS-2-0_7.png
Stack1,0_AfterBreakIn,0,2,0.7,data\Stack1\EIS\0_AfterBreakIn\Real_Ageing_EIS-2-0_7.xlsx,Sheet7,Cell 20,ok,0.00084312,0.0003345579986367345,0.0010798459064284632,0.0008727447354112141,0.0019525906418396773,1.2293225155022128e-05,4.882271307395167e-05,0.0008744809518509661,-0.00023107372253397817,0.0005872919722363718,0.001205231191060868,0.00073322438689423,0.00043637236770560704,results\figures\eis_fits\Stack1\Cell_20\0.7Acm2\0_AfterBreakIn_condition_2_Real_Ageing_EIS-2-0_7.png
Stack1,0_AfterBreakIn,0,2,0.7,data\Stack1\EIS\0_AfterBreakIn\Real_Ageing_EIS-2-0_7.xlsx,Sheet8,Cell 22,ok,0.0010504,0.00032871651604646375,0.001113110684537839,0.000681595722483388,0.0017947064070212271,8.99084869646794e-06,2.399123809457691e-05,0.0008852718583153833,-0.00026268067298593434,0.000615430731251225,0.0013167517775378355,3.890146496908099e-05,0.00034301094181330945,results\figures\eis_fits\Stack1\Cell_22\0.7Acm2\0_AfterBreakIn_condition_2_Real_Ageing_EIS-2-0_7.png
Stack1,0_AfterBreakIn,0,2,0.7,data\Stack1\EIS\0_AfterBreakIn\Real_Ageing_EIS-2-0_7.xlsx,Sheet9,Cell 24,ok,0.00098562,0.0003305514838389872,0.0010382487642183545,0.0006851886965470781,0.0017234374607654327,1.7314853931237903e-05,4.142945175514112e-05,0.0008496758659481645,-0.0002305406240199973,0.0005680132951118,0.0012832813257178466,4.0233357152827846e-05,0.0003449487070518717,results\figures\eis_fits\Stack1\Cell_24\0.7Acm2\0_AfterBreakIn_condition_2_Real_Ageing_EIS-2-0_7.png
Stack1,0_AfterBreakIn,0,6,0.3,data\Stack1\EIS\0_AfterBreakIn\Real_Ageing_EIS-6-0_3.xlsx,Sheet1,Whole Stack,ok,0.011397,0.003095383865160763,0.0017735616130755095,0.037442926653193785,0.03921648826626929,0.00032126498725977147,0.0002050827918265512,0.003982164671698518,0.007399620241185573,0.007452567337005885,0.028032440449353112,-0.005868147338212471,0.019619590777385815,results\figures\eis_fits\Stack1\Whole_Stack\0.3Acm2\0_AfterBreakIn_condition_6_Real_Ageing_EIS-6-0_3.png
Stack1,0_AfterBreakIn,0,6,0.3,data\Stack1\EIS\0_AfterBreakIn\Real_Ageing_EIS-6-0_3.xlsx,Sheet2,Cell 01,ok,0.00032428,0.0002405731324346628,8.590674671500707e-05,0.0015527695901551685,0.0016386763368701756,1.1536180342978096e-05,1.3364135922040173e-05,0.0002835265057921663,6.131829034608112e-05,4.295337335750354e-05,0.0011088556872851413,-0.00028147353561051554,0.0008258333374699441,results\figures\eis_fits\Stack1\Cell_01\0.3Acm2\0_AfterBreakIn_condition_6_Real_Ageing_EIS-6-0_3.png
Stack1,0_AfterBreakIn,0,6,0.3,data\Stack1\EIS\0_AfterBreakIn\Real_Ageing_EIS-6-0_3.xlsx,Sheet3,Cell 03,ok,0.00034353,0.00021506993724062167,0.00011645012670940763,0.001567450264737802,0.0016839003914472096,1.0014848111340274e-05,1.4664218365612455e-05,0.0002732950005953255,1.886531162722363e-05,6.120504869250193e-05,0.0011365152582465741,-0.0002610936867988919,0.0008260720285743182,results\figures\eis_fits\Stack1\Cell_03\0.3Acm2\0_AfterBreakIn_condition_6_Real_Ageing_EIS-6-0_3.png
Stack1,0_AfterBreakIn,0,6,0.3,data\Stack1\EIS\0_AfterBreakIn\Real_Ageing_EIS-6-0_3.xlsx,Sheet4,Cell 05,ok,0.00034437,0.0001731503363621821,0.00015681200927730515,0.0016165246197883448,0.00177333662906565,1.2860936446385912e-05,1.4684722848722868e-05,0.00025155634100083467,4.0284315631846854e-05,8.814946199111297e-05,0.0011610499653965116,-0.00029683106126521497,0.0008610439248536029,results\figures\eis_fits\Stack1\Cell_05\0.3Acm2\0_AfterBreakIn_condition_6_Real_Ageing_EIS-6-0_3.png
Stack1,0_AfterBreakIn,0,6,0.3,data\Stack1\EIS\0_AfterBreakIn\Real_Ageing_EIS-6-0_3.xlsx,Sheet5,Cell 10,ok,0.00036105,0.00022031635931058784,0.00011937531840536517,0.001567072364133607,0.0016864476825389722,1.3479454747653102e-05,1.5502411189753838e-05,0.00028000401851327044,3.5315185467288943e-05,6.935257014476533e-05,0.0011510901600468805,-0.0002528670870603436,0.0008233290425620892,results\figures\eis_fits\Stack1\Cell_10\0.3Acm2\0_AfterBreakIn_condition_6_Real_Ageing_EIS-6-0_3.png
Stack1,0_AfterBreakIn,0,6,0.3,data\Stack1\EIS\0_AfterBreakIn\Real_Ageing_EIS-6-0_3.xlsx,Sheet6,Cell 15,ok,0.00045103,0.00032796884004530056,0.0001811277124709671,0.0015897564448633396,0.0017708841573343067,2.029407921895638e-05,8.405199880486704e-06,0.0004185326962807841,3.317465283789762e-05,9.644879287557911e-05,0.001176033432385487,-0.00026775221979669176,0.0008387625645569711,results\figures\eis_fits\Stack1\Cell_15\0.3Acm2\0_AfterBreakIn_condition_6_Real_Ageing_EIS-6-0_3.png
Stack1,0_AfterBreakIn,0,6,0.3,data\Stack1\EIS\0_AfterBreakIn\Real_Ageing_EIS-6-0_3.xlsx,Sheet7,Cell 20,ok,0.00033366,0.00019104293089759172,0.00014146617597440484,0.0016872444195614276,0.0018287105955358323,1.550073042580619e-05,1.4079508372323201e-05,0.00026177601888479414,-4.274493906100497e-05,8.264562633034096e-05,0.0011875502485127938,-0.0003456471007508182,0.0009116854452566088,results\figures\eis_fits\Stack1\Cell_20\0.3Acm2\0_AfterBreakIn_condition_6_Real_Ageing_EIS-6-0_3.png
Stack1,0_AfterBreakIn,0,6,0.3,data\Stack1\EIS\0_AfterBreakIn\Real_Ageing_EIS-6-0_3.xlsx,Sheet8,Cell 22,ok,0.00034281,0.0002973267953177656,8.831492190838985e-05,0.0016808952430079713,0.0017692101649163612,1.0881240929133867e-05,1.2065900611680298e-05,0.0003414842562719605,-1.7822206906183013e-05,4.76184041829212e-05,0.0011822493287732784,-0.00036017771011769467,0.0009143742053215045,results\figures\eis_fits\Stack1\Cell_22\0.3Acm2\0_AfterBreakIn_condition_6_Real_Ageing_EIS-6-0_3.png
Stack1,0_AfterBreakIn,0,6,0.3,data\Stack1\EIS\0_AfterBreakIn\Real_Ageing_EIS-6-0_3.xlsx,Sheet9,Cell 24,ok,0.00032332,0.0001749423059513596,0.00012866635939788755,0.001679015093891719,0.0018076814532896064,2.290213522113899e-05,1.4128176552899593e-05,0.0002392754856503034,-8.879760563894883e-05,0.0001096529652010691,0.0011805761618299314,-0.00037039009792781506,0.0009175847350637601,results\figures\eis_fits\Stack1\Cell_24\0.3Acm2\0_AfterBreakIn_condition_6_Real_Ageing_EIS-6-0_3.png
Stack1,0_AfterBreakIn,0,6,0.7,data\Stack1\EIS\0_AfterBreakIn\Real_Ageing_EIS-6-0_7.xlsx,Sheet1,Whole Stack,ok,0.0079758,0.0,0.023563524850399076,0.04454244551327147,0.06810597036367054,9.245043658056158e-05,0.0003634610294706585,-0.0018538855719998075,-0.030037113765341718,0.03226512248846926,0.029778042659181964,-0.014805384014078387,0.026743349806634495,results\figures\eis_fits\Stack1\Whole_Stack\0.7Acm2\0_AfterBreakIn_condition_6_Real_Ageing_EIS-6-0_7.png
Stack1,0_AfterBreakIn,0,6,0.7,data\Stack1\EIS\0_AfterBreakIn\Real_Ageing_EIS-6-0_7.xlsx,Sheet2,Cell 01,ok,0.00038554,0.0003104875303960147,0.00016272543429434686,0.001702162634262461,0.001864888068556808,1.0805770466843812e-05,1.74896815916213e-05,0.0003918502475431881,1.0832881961836709e-05,8.208071072529792e-05,0.0011737661685475673,-0.00044972610227466585,0.000962596995339687,results\figures\eis_fits\Stack1\Cell_01\0.7Acm2\0_AfterBreakIn_condition_6_Real_Ageing_EIS-6-0_7.png
Stack1,0_AfterBreakIn,0,6,0.7,data\Stack1\EIS\0_AfterBreakIn\Real_Ageing_EIS-6-0_7.xlsx,Sheet3,Cell 03,ok,0.00031856,0.00027720527690556357,4.401255396177742e-05,0.0018057866701549415,0.001849799224116719,8.845455220517718e-06,1.4148289378166544e-05,0.0002992115538864523,-1.2620170905955562e-05,2.5368187563464592e-05,0.0012204783563942593,-0.0005564248999898291,0.0010605776934557926,results\figures\eis_fits\Stack1\Cell_03\0.7Acm2\0_AfterBreakIn_condition_6_Real_Ageing_EIS-6-0_7.png
Stack1,0_AfterBreakIn,0,6,0.7,data\Stack1\EIS\0_AfterBreakIn\Real_Ageing_EIS-6-0_7.xlsx,Sheet4,Cell 05,ok,0.00033543,0.00029137597168708883,3.985861085067839e-05,0.001599052286008612,0.0016389108968592905,4.365409062212287e-06,1.4990747509998575e-05,0.000311305277112428,8.146636863905674e-06,2.1530093054346078e-05,0.001136200710433622,-0.00045440254949675817,0.0009196323886947957,results\figures\eis_fits\Stack1\Cell_05\0.7Acm2\0_AfterBreakIn_condition_6_Real_Ageing_EIS-6-0_7.png
Stack1,0_AfterBreakIn,0,6,0.7,data\Stack1\EIS\0_AfterBreakIn\Real_Ageing_EIS-6-0_7.xlsx,Sheet5,Cell 10,ok,0.00076468,0.0003286396642282808,0.0016252655963558565,0.0016069328520137618,0.0032321984483696183,8.149829683520036e-06,3.4104289705349415e-05,0.001141272462406209,-0.0004520241128849604,0.0009298913180065319,0.001044508516489826,0.0012280872118959215,0.0008034664260068809,results\figures\eis_fits\Stack1\Cell_10\0.7Acm2\0_AfterBreakIn_condition_6_Real_Ageing_EIS-6-0_7.png
Stack1,0_AfterBreakIn,0,6,0.7,data\Stack1\EIS\0_AfterBreakIn\Real_Ageing_EIS-6-0_7.xlsx,Sheet6,Cell 15,ok,0.00038788,0.0003210300996726259,0.0001711787051230609,0.0019340184851133109,0.002105197190236372,1.0516452751349436e-05,2.2589631278214866e-05,0.0004066194522341563,2.896788145083745e-06,8.563835970789876e-05,0.0012795211994135836,-0.0006497847473032691,0.0011650438159219463,results\figures\eis_fits\Stack1\Cell_15\0.7Acm2\0_AfterBreakIn_condition_6_Real_Ageing_EIS-6-0_7.png
Stack1,0_AfterBreakIn,0,6,0.7,data\Stack1\EIS\0_AfterBreakIn\Real_Ageing_EIS-6-0_7.xlsx,Sheet7,Cell 20,ok,0.00043901,0.00033235915372522586,0.0002751448151872378,0.001847567917656975,0.002122712732844213,1.1557095557776455e-05,2.0764152034871597e-05,0.00046993156131884474,-1.364037539180423e-05,0.00013824697888899473,0.001252608338270076,-0.0005720977892342493,0.0010865876324694425,results\figures\eis_fits\Stack1\Cell_20\0.7Acm2\0_AfterBreakIn_condition_6_Real_Ageing_EIS-6-0_7.png
Stack1,0_AfterBreakIn,0,6,0.7,data\Stack1\EIS\0_AfterBreakIn\Real_Ageing_EIS-6-0_7.xlsx,Sheet8,Cell 22,ok,0.00077145,0.00032931210024254886,0.0011995906543529947,0.0020201984024173984,0.003219789056770393,1.1820790731112388e-05,2.3692207477879877e-05,0.0009291074274190462,-0.00026429790992268964,0.0006554447495344392,0.001003374764906213,0.001432065280668309,0.0010100992012086992,results\figures\eis_fits\Stack1\Cell_22\0.7Acm2\0_AfterBreakIn_condition_6_Real_Ageing_EIS-6-0_7.png
Stack1,0_AfterBreakIn,0,6,0.7,data\Stack1\EIS\0_AfterBreakIn\Real_Ageing_EIS-6-0_7.xlsx,Sheet9,Cell 24,ok,0.00077091,0.00032821918920582357,0.0012881627851691428,0.002108865040836695,0.003397027826005838,1.1693482230084643e-05,2.102064292650598e-05,0.000972300581790395,-0.00031766770717326823,0.000718159879451924,0.0009782971712962729,0.0014751898006206922,0.0010544325204183474,results\figures\eis_fits\Stack1\Cell_24\0.7Acm2\0_AfterBreakIn_condition_6_Real_Ageing_EIS-6-0_7.png
Stack1,0_AfterBreakIn,0,7,0.3,data\Stack1\EIS\0_AfterBreakIn\Real_Ageing_EIS-7-0_3.xlsx,Sheet1,Whole Stack,ok,0.012809,0.0,0.007196492318488483,0.036647193785356705,0.04384368610384519,0.0004446087788135808,0.00027393851941670327,0.002050555468694641,0.010501517824589697,0.011100867175256672,0.02751308440888594,-0.006254870652674988,0.019361756376090125,results\figures\eis_fits\Stack1\Whole_Stack\0.3Acm2\0_AfterBreakIn_condition_7_Real_Ageing_EIS-7-0_3.png
Stack1,0_AfterBreakIn,0,7,0.3,data\Stack1\EIS\0_AfterBreakIn\Real_Ageing_EIS-7-0_3.xlsx,Sheet2,Cell 01,ok,0.00031691,0.000252499339963444,6.604432447745359e-05,0.001595898100264956,0.0016619424247424094,5.187968577164034e-06,1.3392601828723484e-05,0.0002855215022021708,4.956055573066031e-06,3.339200032588813e-05,0.0011203908884048564,-0.0003360003040147486,0.0008658053423866864,results\figures\eis_fits\Stack1\Cell_01\0.3Acm2\0_AfterBreakIn_condition_7_Real_Ageing_EIS-7-0_3.png
Stack1,0_AfterBreakIn,0,7,0.3,data\Stack1\EIS\0_AfterBreakIn\Real_Ageing_EIS-7-0_3.xlsx,Sheet3,Cell 03,ok,0.00032793,0.00023850364863601777,8.301719974902537e-05,0.0016000208093994554,0.0016830380091484808,1.522359893139957e-05,1.1123693347491623e-05,0.00028001224851053046,-1.1107034938868915e-05,4.296894330415456e-05,0.0011336440605767498,-0.00034090028039436424,0.0008696146553507354,results\figures\eis_fits\Stack1\Cell_03\0.3Acm2\0_AfterBreakIn_condition_7_Real_Ageing_EIS-7-0_3.png
Stack1,0_AfterBreakIn,0,7,0.3,data\Stack1\EIS\0_AfterBreakIn\Real_Ageing_EIS-7-0_3.xlsx,Sheet4,Cell 05,ok,0.0003952,0.0003193638470767731,0.0001751917217738467,0.0014747950791112088,0.0016499868008850555,1.718734011151331e-05,1.076606447193575e-05,0.0004069597079636965,-1.661575637183512e-05,8.915782749893251e-05,0.0011236085816992778,-0.0002239923487411491,0.0007706670510909595,results\figures\eis_fits\Stack1\Cell_05\0.3Acm2\0_AfterBreakIn_condition_7_Real_Ageing_EIS-7-0_3.png
Stack1,0_AfterBreakIn,0,7,0.3,data\Stack1\EIS\0_AfterBreakIn\Real_Ageing_EIS-7-0_3.xlsx,Sheet5,Cell 10,ok,0.00033915,0.00019989850739682147,0.00011457400166086725,0.0015881674944272961,0.0017027414960881634,1.236479478284746e-05,1.2138638499667112e-05,0.0002571855082272551,4.091204715044446e-05,7.039599467431577e-05,0.0011418673649106815,-0.00032413132075905405,0.0008576888192613202,results\figures\eis_fits\Stack1\Cell_10\0.3Acm2\0_AfterBreakIn_condition_7_Real_Ageing_EIS-7-0_3.png
Stack1,0_AfterBreakIn,0,7,0.3,data\Stack1\EIS\0_AfterBreakIn\Real_Ageing_EIS-7-0_3.xlsx,Sheet6,Cell 15,ok,0.0003361,0.0002664369111290893,6.445291524793397e-05,0.001648154795680292,0.0017126077109282261,9.77339780121564e-06,1.3515642072298295e-05,0.0002986633687530563,1.4558107095323077e-05,3.536216980317011e-05,0.0011623171196329675,-0.00037451295036782114,0.0009051870014666562,results\figures\eis_fits\Stack1\Cell_15\0.3Acm2\0_AfterBreakIn_condition_7_Real_Ageing_EIS-7-0_3.png
Stack1,0_AfterBreakIn,0,7,0.3,data\Stack1\EIS\0_AfterBreakIn\Real_Ageing_EIS-7-0_3.xlsx,Sheet7,Cell 20,ok,0.00043689,0.0003265961630705591,0.00020675937899372135,0.0015094432596770636,0.0017162026386707849,2.094007436798502e-05,4.870631322929078e-06,0.00042997585256741974,-1.0411835495222327e-06,0.0001033849324788246,0.0011431207253256809,-0.00023885225850598843,0.0007916155253275048,results\figures\eis_fits\Stack1\Cell_20\0.3Acm2\0_AfterBreakIn_condition_7_Real_Ageing_EIS-7-0_3.png
Stack1,0_AfterBreakIn,0,7,0.3,data\Stack1\EIS\0_AfterBreakIn\Real_Ageing_EIS-7-0_3.xlsx,Sheet8,Cell 22,ok,0.00034497,0.00022557815298325688,0.00010929065819378874,0.0015915957772073706,0.0017008864354011593,1.0434291765600265e-05,1.8379549541634656e-05,0.00028022348208015126,2.608493128566037e-05,6.055192509149081e-05,0.0011508002342287057,-0.0003190126819538887,0.0008573583677514885,results\figures\eis_fits\Stack1\Cell_22\0.3Acm2\0_AfterBreakIn_condition_7_Real_Ageing_EIS-7-0_3.png
Stack1,0_AfterBreakIn,0,7,0.3,data\Stack1\EIS\0_AfterBreakIn\Real_Ageing_EIS-7-0_3.xlsx,Sheet9,Cell 24,ok,0.00033305,0.0002073561954698901,0.00013574233638207134,0.0016383152905238081,0.0017740576269058795,1.5337783370043905e-05,1.202894110454824e-05,0.00027522736366092577,-7.685366880126146e-05,6.787116819103567e-05,0.001162075686375716,-0.0003683551209726643,0.0008981674359148262,results\figures\eis_fits\Stack1\Cell_24\0.3Acm2\0_AfterBreakIn_condition_7_Real_Ageing_EIS-7-0_3.png
Stack1,0_AfterBreakIn,0,7,0.7,data\Stack1\EIS\0_AfterBreakIn\Real_Ageing_EIS-7-0_7.xlsx,Sheet1,Whole Stack,ok,0.012921,0.0,0.016543169287527366,0.027283178339579776,0.043826347627107146,0.00046441501918717754,0.0008739260371246237,0.004510699563532373,0.008712892952430816,0.008271584643763683,0.024729690628149618,-0.003302524030298039,0.014035655312382987,results\figures\eis_fits\Stack1\Whole_Stack\0.7Acm2\0_AfterBreakIn_condition_7_Real_Ageing_EIS-7-0_7.png
Stack1,0_AfterBreakIn,0,7,0.7,data\Stack1\EIS\0_AfterBreakIn\Real_Ageing_EIS-7-0_7.xlsx,Sheet2,Cell 01,ok,0.0012455,0.0003090515837151321,0.0013650135967489996,0.0005784746409546032,0.0019434882377036028,9.640670849103586e-06,5.311598897796074e-06,0.0009915583820896319,-0.00037613112056470637,0.0007792882327384854,0.001267237751707897,7.5378960700774e-05,0.0002988983360161413,results\figures\eis_fits\Stack1\Cell_01\0.7Acm2\0_AfterBreakIn_condition_7_Real_Ageing_EIS-7-0_7.png
Stack1,0_AfterBreakIn,0,7,0.7,data\Stack1\EIS\0_AfterBreakIn\Real_Ageing_EIS-7-0_7.xlsx,Sheet3,Cell 03,ok,0.0014625,0.0003226459987038016,0.001420064020898669,0.00047706887959549446,0.0018971329004941636,1.213501688436803e-05,3.988533532281782e-06,0.0010326780091531361,-0.00040567362719480505,0.0008177509080790516,0.0013360923558282277,8.498007824448238e-05,0.0002532198504621299,results\figures\eis_fits\Stack1\Cell_03\0.7Acm2\0_AfterBreakIn_condition_7_Real_Ageing_EIS-7-0_7.png
Stack1,0_AfterBreakIn,0,7,0.7,data\Stack1\EIS\0_AfterBreakIn\Real_Ageing_EIS-7-0_7.xlsx,Sheet4,Cell 05,ok,0.001274,0.0003478403918799379,0.0012670892838480326,0.0005430970346820712,0.0018101863185301039,1.3416284763864908e-05,6.005262508746592e-06,0.0009813850338039542,-0.0002998127466325498,0.0007009040564542222,0.0012928958016041306,7.940565082156434e-05,0.00028292022665852456,results\figures\eis_fits\Stack1\Cell_05\0.7Acm2\0_AfterBreakIn_condition_7_Real_Ageing_EIS-7-0_7.png
Stack1,0_AfterBreakIn,0,7,0.7,data\Stack1\EIS\0_AfterBreakIn\Real_Ageing_EIS-7-0_7.xlsx,Sheet5,Cell 10,ok,0.0011836,0.00034017700552895316,0.0012919286349383963,0.0006034680324969101,0.0018953966674353064,9.43290612506238e-06,7.405881393839148e-06,0.0009861413229981513,-0.00031934247230497103,0.0007205896988309631,0.0012838509247358276,7.547459099238744e-05,0.0003110302725570151,results\figures\eis_fits\Stack1\Cell_10\0.7Acm2\0_AfterBreakIn_condition_7_Real_Ageing_EIS-7-0_7.png
Stack1,0_AfterBreakIn,0,7,0.7,data\Stack1\EIS\0_AfterBreakIn\Real_Ageing_EIS-7-0_7.xlsx,Sheet6,Cell 15,ok,0.0011744,0.0003352109673337352,0.0012205811747475826,0.000625371121804555,0.0018459522965521375,1.3844523280053474e-05,7.504070876093627e-06,0.0009455015547075265,-0.0002709855506277979,0.0006677482831772,0.001302016202114482,7.346249141349241e-05,0.00032119931139628765,results\figures\eis_fits\Stack1\Cell_15\0.7Acm2\0_AfterBreakIn_condition_7_Real_Ageing_EIS-7-0_7.png
Stack1,0_AfterBreakIn,0,7,0.7,data\Stack1\EIS\0_AfterBreakIn\Real_Ageing_EIS-7-0_7.xlsx,Sheet7,Cell 20,ok,0.0011954,0.00034516707399346897,0.0012709250893985014,0.0006411170903850774,0.0019120421797835787,1.4123518882646555e-05,8.279230877963281e-06,0.0009806296186927197,-0.00028721302227457805,0.0006973549783860042,0.0013006567876313092,7.319916718416335e-05,0.0003288098218916399,results\figures\eis_fits\Stack1\Cell_20\0.7Acm2\0_AfterBreakIn_condition_7_Real_Ageing_EIS-7-0_7.png
Stack1,0_AfterBreakIn,0,7,0.7,data\Stack1\EIS\0_AfterBreakIn\Real_Ageing_EIS-7-0_7.xlsx,Sheet8,Cell 22,ok,0.0011804,0.00033742608730276207,0.0012591045688192257,0.0006060478452103826,0.0018651524140296083,1.0415508889424645e-05,8.50836999907886e-06,0.0009669783717123749,-0.000302782509395814,0.0006985795064281433,0.0012921411421005524,7.41802246565427e-05,0.00031197147850585974,results\figures\eis_fits\Stack1\Cell_22\0.7Acm2\0_AfterBreakIn_condition_7_Real_Ageing_EIS-7-0_7.png
Stack1,0_AfterBreakIn,0,7,0.7,data\Stack1\EIS\0_AfterBreakIn\Real_Ageing_EIS-7-0_7.xlsx,Sheet9,Cell 24,ok,0.0012544,0.00032876710251467784,0.0013866588473090576,0.000608045463969434,0.0019947043112784916,9.71366933460683e-06,6.389023821714594e-06,0.0010220965261692066,-0.0003885139334571251,0.0007947633397404843,0.0013360725967541194,8.286172257203917e-05,0.00031511249837328994,results\figures\eis_fits\Stack1\Cell_24\0.7Acm2\0_AfterBreakIn_condition_7_Real_Ageing_EIS-7-0_7.png
Stack1,140Cycles,140,1,0.3,data\Stack1\EIS\140Cycles\Real_Ageing_EIS-1-0_3.xlsx,Sheet1,Whole Stack,ok,0.0079885,0.0,0.012974967749310718,0.03886299745283376,0.05183796520214448,0.00027520424765334323,0.00030003841454450997,0.0025360110752990846,-0.014669031720043534,0.01603957414109105,0.02749689220383716,-0.007893286938745157,0.02097348615400181,results\figures\eis_fits\Stack1\Whole_Stack\0.3Acm2\140Cycles_condition_1_Real_Ageing_EIS-1-0_3.png
Stack1,140Cycles,140,1,0.3,data\Stack1\EIS\140Cycles\Real_Ageing_EIS-1-0_3.xlsx,Sheet2,Cell 01,ok,0.00036418,0.0002793683839775194,0.00016183118556233162,0.0013976988496298044,0.001559530035192136,1.989094051149831e-05,1.0452058215465002e-05,0.0003602839767586852,-2.1739855505970176e-05,8.378516857145967e-05,0.0010544963279942937,-0.00019269332347753075,0.000724928434727826,results\figures\eis_fits\Stack1\Cell_01\0.3Acm2\140Cycles_condition_1_Real_Ageing_EIS-1-0_3.png
Stack1,140Cycles,140,1,0.3,data\Stack1\EIS\140Cycles\Real_Ageing_EIS-1-0_3.xlsx,Sheet3,Cell 03,ok,0.00033153,0.00021998124367451533,0.00011456019720879274,0.0015607552806949931,0.001675315477903786,1.49503419536774e-05,1.162216673984782e-05,0.0002772613422789117,-1.9597924622892274e-05,6.053997312234238e-05,0.0011157832030163663,-0.0002915700683436088,0.0008330680442246141,results\figures\eis_fits\Stack1\Cell_03\0.3Acm2\140Cycles_condition_1_Real_Ageing_EIS-1-0_3.png
Stack1,140Cycles,140,1,0.3,data\Stack1\EIS\140Cycles\Real_Ageing_EIS-1-0_3.xlsx,Sheet4,Cell 05,ok,0.00033579,0.0002848901060313435,9.297790009481358e-05,0.001559569839246694,0.0016525477393415076,2.0622297970388906e-05,1.1258718753953808e-05,0.0003313790560787503,-0.00011185216898487327,0.00012112856881483793,0.0011223036419225425,-0.0003059889085330636,0.0008376716140691681,results\figures\eis_fits\Stack1\Cell_05\0.3Acm2\140Cycles_condition_1_Real_Ageing_EIS-1-0_3.png
Stack1,140Cycles,140,1,0.3,data\Stack1\EIS\140Cycles\Real_Ageing_EIS-1-0_3.xlsx,Sheet5,Cell 10,ok,0.0003448,0.00018444340371624995,0.00014148839118371901,0.0015365304511264532,0.0016780188423101722,1.3348687743761026e-05,1.5022920312076866e-05,0.00025518759930810947,3.710666519152795e-05,7.988520395902752e-05,0.0011228765667041355,-0.0002603651607331384,0.0008111852277583145,results\figures\eis_fits\Stack1\Cell_10\0.3Acm2\140Cycles_condition_1_Real_Ageing_EIS-1-0_3.png
Stack1,140Cycles,140,1,0.3,data\Stack1\EIS\140Cycles\Real_Ageing_EIS-1-0_3.xlsx,Sheet6,Cell 15,ok,0.00034067,5.371708496268733e-05,0.0002877830275556093,0.0015478566698567467,0.001835639697412356,1.4119095022496568e-05,2.531595100525942e-05,0.00019760859874049197,-5.601899098520746e-05,0.000154411447400343,0.0011372143489585035,-0.00023776444139446702,0.0008096276904828709,results\figures\eis_fits\Stack1\Cell_15\0.3Acm2\140Cycles_condition_1_Real_Ageing_EIS-1-0_3.png
Stack1,140Cycles,140,1,0.3,data\Stack1\EIS\140Cycles\Real_Ageing_EIS-1-0_3.xlsx,Sheet7,Cell 20,ok,0.00034276,0.00026853030832657614,8.113664994157189e-05,0.001641399948552158,0.0017225365984937298,1.1367414634789055e-05,1.3386082109792859e-05,0.0003090986332973621,-7.88292381208695e-06,4.13271034402662e-05,0.0011676535919020728,-0.0003121135312023018,0.0008780451606474048,results\figures\eis_fits\Stack1\Cell_20\0.3Acm2\140Cycles_condition_1_Real_Ageing_EIS-1-0_3.png
Stack1,140Cycles,140,1,0.3,data\Stack1\EIS\140Cycles\Real_Ageing_EIS-1-0_3.xlsx,Sheet8,Cell 22,ok,0.00032556,0.00023116094019991266,9.07592098910073e-05,0.0016120240236392968,0.001702783233530304,1.429305232424699e-05,1.3830837455341186e-05,0.0002765405451454163,-1.1963224861977612e-05,4.693002550721892e-05,0.0011448639289279776,-0.0003267813320864929,0.0008697363981102434,results\figures\eis_fits\Stack1\Cell_22\0.3Acm2\140Cycles_condition_1_Real_Ageing_EIS-1-0_3.png
Stack1,140Cycles,140,1,0.3,data\Stack1\EIS\140Cycles\Real_Ageing_EIS-1-0_3.xlsx,Sheet9,Cell 24,ok,0.00032984,8.194358727532125e-05,0.00023741657842438817,0.0016407746595335539,0.001878191237957942,1.545652219396572e-05,1.4903756797032683e-05,0.00020065187648751534,-9.019591320757554e-05,0.00014908709094698446,0.001163911779266229,-0.00033464623546563036,0.0008860155042397286,results\figures\eis_fits\Stack1\Cell_24\0.3Acm2\140Cycles_condition_1_Real_Ageing_EIS-1-0_3.png
Stack1,140Cycles,140,1,0.7,data\Stack1\EIS\140Cycles\Real_Ageing_EIS-1-0_7.xlsx,Sheet1,Whole Stack,ok,0.0081117,0.0,0.026219683769607687,0.04001624991908855,0.06623593368869624,0.0002670020253529365,0.0005069508336339366,0.006320093699548777,0.013942911211552876,0.013109841884803844,0.02746543212520815,-0.013322110552531626,0.02403754758644511,results\figures\eis_fits\Stack1\Whole_Stack\0.7Acm2\140Cycles_condition_1_Real_Ageing_EIS-1-0_7.png
Stack1,140Cycles,140,1,0.7,data\Stack1\EIS\140Cycles\Real_Ageing_EIS-1-0_7.xlsx,Sheet2,Cell 01,ok,0.00080432,0.00030809376210356716,0.0010850987837061074,0.0015527406740195244,0.002637839457725632,1.62048477665239e-05,2.425010888773361e-05,0.0008506431539566209,-0.00021794604283102996,0.0005846882247709659,0.0010953083363137734,0.0011558563919468283,0.0007763703370097622,results\figures\eis_fits\Stack1\Cell_01\0.7Acm2\140Cycles_condition_1_Real_Ageing_EIS-1-0_7.png
Stack1,140Cycles,140,1,0.7,data\Stack1\EIS\140Cycles\Real_Ageing_EIS-1-0_7.xlsx,Sheet3,Cell 03,ok,0.00039418,0.0003217812991337741,0.00018466084410668945,0.0016717297214179714,0.0018563905655246608,7.572416688328204e-06,2.8939835964600503e-05,0.0004141117211871188,3.1115622428150833e-06,9.238283745447354e-05,0.0011462594531760314,-0.0005402250411122027,0.0009952452765086268,results\figures\eis_fits\Stack1\Cell_03\0.7Acm2\140Cycles_condition_1_Real_Ageing_EIS-1-0_7.png
Stack1,140Cycles,140,1,0.7,data\Stack1\EIS\140Cycles\Real_Ageing_EIS-1-0_7.xlsx,Sheet4,Cell 05,ok,0.00092448,0.0003356301829363906,0.0011953097943710018,0.0010516042582022227,0.0022469140525732244,9.537489587825725e-06,3.4211343230033216e-05,0.0009332850801218915,-0.0002775457677928261,0.0006589560147305137,0.001222585849795441,-0.00014011945713882893,0.0005441519468274848,results\figures\eis_fits\Stack1\Cell_05\0.7Acm2\140Cycles_condition_1_Real_Ageing_EIS-1-0_7.png
Stack1,140Cycles,140,1,0.7,data\Stack1\EIS\140Cycles\Real_Ageing_EIS-1-0_7.xlsx,Sheet5,Cell 10,ok,0.00084718,0.0003303566705204,0.0013872465280118916,0.0014596379891381283,0.00284688451715002,9.012192548179398e-06,2.9442242875498617e-05,0.0010239799345263458,-0.00035136320347081197,0.0007775405668667926,0.0011735066800437181,0.0011089700275177163,0.0007298189945690642,results\figures\eis_fits\Stack1\Cell_10\0.7Acm2\140Cycles_condition_1_Real_Ageing_EIS-1-0_7.png
Stack1,140Cycles,140,1,0.7,data\Stack1\EIS\140Cycles\Real_Ageing_EIS-1-0_7.xlsx,Sheet6,Cell 15,ok,0.00084002,0.0003269910960191769,0.001161593109595938,0.0014991119926458095,0.0026607051022417474,1.3611172953252845e-05,2.7025761774500125e-05,0.0009077876508171459,-0.00024374610191715818,0.0006298704630834819,0.0011111146549860067,0.0011488001136172837,0.0007495559963229048,results\figures\eis_fits\Stack1\Cell_15\0.7Acm2\140Cycles_condition_1_Real_Ageing_EIS-1-0_7.png
Stack1,140Cycles,140,1,0.7,data\Stack1\EIS\140Cycles\Real_Ageing_EIS-1-0_7.xlsx,Sheet7,Cell 20,ok,0.00039639,0.00032990854782541856,0.0002152519177927357,0.0014642117911697393,0.001679463708962475,9.079899940025479e-06,2.520010312902223e-05,0.0004375345067217864,-1.2874551316490188e-05,0.00010839327054740808,0.0010903776688736063,-0.00033501837822379573,0.000805118845946253,results\figures\eis_fits\Stack1\Cell_20\0.7Acm2\140Cycles_condition_1_Real_Ageing_EIS-1-0_7.png
Stack1,140Cycles,140,1,0.7,data\Stack1\EIS\140Cycles\Real_Ageing_EIS-1-0_7.xlsx,Sheet8,Cell 22,ok,0.00084025,0.0003300044611984728,0.0011762088298433286,0.001617410064249386,0.0027936188940927147,1.0796096125967005e-05,2.213712335281291e-05,0.0009181088761201371,-0.0002597878289823981,0.0006429280822438392,0.0011344111222431764,0.0011841001797785976,0.000808705032124693,results\figures\eis_fits\Stack1\Cell_22\0.7Acm2\140Cycles_condition_1_Real_Ageing_EIS-1-0_7.png
Stack1,140Cycles,140,1,0.7,data\Stack1\EIS\140Cycles\Real_Ageing_EIS-1-0_7.xlsx,Sheet9,Cell 24,ok,0.00034931,0.00023752975708565152,9.801916795015653e-05,0.0016399312914878211,0.0017379504594379777,9.712254772073135e-06,2.4892997905061957e-05,0.0002865393410607298,2.6274890581225505e-05,5.560853528430344e-05,0.0011394289110394234,-0.0005422177309965421,0.0009830278368425111,results\figures\eis_fits\Stack1\Cell_24\0.7Acm2\140Cycles_condition_1_Real_Ageing_EIS-1-0_7.png
Stack1,204Cycles,204,1,0.3,data\Stack1\EIS\204Cycles\Real_Ageing_EIS-1-0_3.xlsx,Sheet1,Whole Stack,ok,0.01121,0.0022760112291508386,0.003316718690156728,0.03493515257720064,0.038251871267357365,0.00042618953850811825,0.00011286570604248817,0.003934370574229203,0.006974444786144409,0.007168893624011007,0.02671327617924032,-0.004935661020848597,0.018151500519538222,results\figures\eis_fits\Stack1\Whole_Stack\0.3Acm2\204Cycles_condition_1_Real_Ageing_EIS-1-0_3.png
Stack1,204Cycles,204,1,0.3,data\Stack1\EIS\204Cycles\Real_Ageing_EIS-1-0_3.xlsx,Sheet2,Cell 01,ok,0.00032684,0.00021270170944699855,0.00010050877909544675,0.00141212360091963,0.0015126323800150768,1.3634290716672224e-05,1.6942675563305995e-05,0.00026295609899472193,1.9883468181873826e-05,5.4044944035070635e-05,0.0010456836542336611,-0.0002141520084436579,0.0007378240635741071,results\figures\eis_fits\Stack1\Cell_01\0.3Acm2\204Cycles_condition_1_Real_Ageing_EIS-1-0_3.png
Stack1,204Cycles,204,1,0.3,data\Stack1\EIS\204Cycles\Real_Ageing_EIS-1-0_3.xlsx,Sheet3,Cell 03,ok,0.00033243,0.0002714258017826636,6.874205240190543e-05,0.00152200959553399,0.0015907516479358953,9.992937583643719e-06,1.197390927169482e-05,0.0003057968279836163,-3.847827130716951e-06,3.458573717205489e-05,0.0010984653646260757,-0.00027135676902426424,0.000807937372770732,results\figures\eis_fits\Stack1\Cell_03\0.3Acm2\204Cycles_condition_1_Real_Ageing_EIS-1-0_3.png
Stack1,204Cycles,204,1,0.3,data\Stack1\EIS\204Cycles\Real_Ageing_EIS-1-0_3.xlsx,Sheet4,Cell 05,ok,0.00035284,0.00025362689739815466,9.378256317288433e-05,0.0014406412026625214,0.0015344237658354058,1.1581785482389543e-05,1.6305355194977262e-05,0.00030051817898459684,5.0286618673578025e-06,4.716014979826961e-05,0.0010862555465245049,-0.00021544623729791143,0.0007518502842109305,results\figures\eis_fits\Stack1\Cell_05\0.3Acm2\204Cycles_condition_1_Real_Ageing_EIS-1-0_3.png
Stack1,204Cycles,204,1,0.3,data\Stack1\EIS\204Cycles\Real_Ageing_EIS-1-0_3.xlsx,Sheet5,Cell 10,ok,0.00033726,0.00019212953792121265,0.00013613993840391956,0.001501652065647654,0.0016377920040515736,1.6005004999031632e-05,1.8143509137047466e-05,0.0002601995071231724,-8.124608745398672e-06,6.8553117904451e-05,0.0011020974365630988,-0.0002530566156267211,0.0007923240386851939,results\figures\eis_fits\Stack1\Cell_10\0.3Acm2\204Cycles_condition_1_Real_Ageing_EIS-1-0_3.png
Stack1,204Cycles,204,1,0.3,data\Stack1\EIS\204Cycles\Real_Ageing_EIS-1-0_3.xlsx,Sheet6,Cell 15,ok,0.00033455,0.00024014943097792194,9.769734381913588e-05,0.0016014716792728109,0.0016991690230919467,1.2152766630792643e-05,2.2730424353749098e-05,0.00028899810288748987,-2.913423340656558e-05,5.687702790685228e-05,0.0011445580982777726,-0.0002979161416436874,0.0008543605283076231,results\figures\eis_fits\Stack1\Cell_15\0.3Acm2\204Cycles_condition_1_Real_Ageing_EIS-1-0_3.png
Stack1,204Cycles,204,1,0.3,data\Stack1\EIS\204Cycles\Real_Ageing_EIS-1-0_3.xlsx,Sheet7,Cell 20,ok,0.00043739,0.00032190159490686914,0.00026939496055995477,0.0014023402369436851,0.00167173519750364,1.7908891883217808e-05,1.2634093865077928e-05,0.0004565990751868465,-1.540771470887373e-05,0.00013557584175038318,0.001111220942392414,-0.00014627838796949278,0.000716265943504765,results\figures\eis_fits\Stack1\Cell_20\0.3Acm2\204Cycles_condition_1_Real_Ageing_EIS-1-0_3.png
Stack1,204Cycles,204,1,0.3,data\Stack1\EIS\204Cycles\Real_Ageing_EIS-1-0_3.xlsx,Sheet8,Cell 22,ok,0.00035351,0.00019544194211542536,0.00013705301374114084,0.0014620723896443207,0.0015991254033854616,1.1362818951478371e-05,2.1059588725851563e-05,0.0002639684489859958,3.347779225021048e-05,7.626693069627614e-05,0.001096746373581682,-0.0002228867928135391,0.0007642594065831111,results\figures\eis_fits\Stack1\Cell_22\0.3Acm2\204Cycles_condition_1_Real_Ageing_EIS-1-0_3.png
Stack1,204Cycles,204,1,0.3,data\Stack1\EIS\204Cycles\Real_Ageing_EIS-1-0_3.xlsx,Sheet9,Cell 24,ok,0.0003286,0.00021072434606933158,9.27126390118496e-05,0.0016726493660946804,0.00176536200510653,2.9618838482799495e-05,1.2592363223287989e-05,0.0002570806655752564,-8.664565195878136e-05,9.826686807616114e-05,0.001176355090809753,-0.0003602285123449699,0.0009106061478929868,results\figures\eis_fits\Stack1\Cell_24\0.3Acm2\204Cycles_condition_1_Real_Ageing_EIS-1-0_3.png
Stack1,204Cycles,204,1,0.7,data\Stack1\EIS\204Cycles\Real_Ageing_EIS-1-0_7.xlsx,Sheet1,Whole Stack,ok,0.0071976,0.0,0.014216731268739975,0.03989996738908459,0.05411669865782456,0.0005592074723540053,0.0004624093534879606,0.0032606694891208978,0.007690112507274119,0.007108365634369987,0.027243463483347434,-0.013748155673506105,0.02422836424184393,results\figures\eis_fits\Stack1\Whole_Stack\0.7Acm2\204Cycles_condition_1_Real_Ageing_EIS-1-0_7.png
Stack1,204Cycles,204,1,0.7,data\Stack1\EIS\204Cycles\Real_Ageing_EIS-1-0_7.xlsx,Sheet2,Cell 01,ok,0.00079678,0.00030830053379202877,0.001056795930507542,0.0018361195298204752,0.0028929154603280173,1.5178933323252938e-05,1.8674104257550422e-05,0.0008366984990457998,-0.00020976788797369953,0.0005685129519274578,0.0010739181736718836,0.001290786281063559,0.0009180597649102376,results\figures\eis_fits\Stack1\Cell_01\0.7Acm2\204Cycles_condition_1_Real_Ageing_EIS-1-0_7.png
Stack1,204Cycles,204,1,0.7,data\Stack1\EIS\204Cycles\Real_Ageing_EIS-1-0_7.xlsx,Sheet3,Cell 03,ok,0.00034645,0.00026599760373466753,7.205031885045113e-05,0.0013900371688970014,0.0014620874877474526,6.385265101058514e-06,2.24482387913224e-05,0.0003020227631598931,3.876686055098773e-05,3.6025159425225566e-05,0.001031628556559977,-0.00032916861279632986,0.0007690271831210246,results\figures\eis_fits\Stack1\Cell_03\0.7Acm2\204Cycles_condition_1_Real_Ageing_EIS-1-0_7.png
Stack1,204Cycles,204,1,0.7,data\Stack1\EIS\204Cycles\Real_Ageing_EIS-1-0_7.xlsx,Sheet4,Cell 05,ok,0.00041994,0.0003344814413773747,0.0002477950703699962,0.0015008345435959262,0.0017486296139659224,7.543210617852433e-06,2.08984530937414e-05,0.0004583789765623728,-1.0811647482438759e-05,0.00012436836794861613,0.001057707308681454,-0.0005159060093845232,0.0009106509168346353,results\figures\eis_fits\Stack1\Cell_05\0.7Acm2\204Cycles_condition_1_Real_Ageing_EIS-1-0_7.png
Stack1,204Cycles,204,1,0.7,data\Stack1\EIS\204Cycles\Real_Ageing_EIS-1-0_7.xlsx,Sheet5,Cell 10,ok,0.00083939,0.0003282717980047942,0.0013203484180961322,0.0010684160415408844,0.0023887644596370166,1.0244099634205561e-05,3.883316022969857e-05,0.0009884460070528603,-0.000332447371289427,0.0007391557623190729,0.001172526543085468,0.0008914161708806137,0.0005342080207704422,results\figures\eis_fits\Stack1\Cell_10\0.7Acm2\204Cycles_condition_1_Real_Ageing_EIS-1-0_7.png
Stack1,204Cycles,204,1,0.7,data\Stack1\EIS\204Cycles\Real_Ageing_EIS-1-0_7.xlsx,Sheet6,Cell 15,ok,0.0008373,0.0003327385188368456,0.0010101361839455507,0.0015791812172248545,0.002589317401170405,1.7403011400056605e-05,2.2332704326736286e-05,0.000837806610809621,-0.00017174407187723421,0.0005334695902804512,0.0010794003517065338,0.0011870239667492598,0.0007895906086124272,results\figures\eis_fits\Stack1\Cell_15\0.7Acm2\204Cycles_condition_1_Real_Ageing_EIS-1-0_7.png
Stack1,204Cycles,204,1,0.7,data\Stack1\EIS\204Cycles\Real_Ageing_EIS-1-0_7.xlsx,Sheet7,Cell 20,ok,0.0003937,0.0003182258040697287,0.0001306335609109476,0.0015303017557228673,0.001660935316633815,1.4872677739606128e-05,1.9245136726212152e-05,0.0003835425845252025,2.0731157326143915e-06,6.534967190360926e-05,0.0011028796739625207,-0.00041052323550286177,0.0008683232075557239,results\figures\eis_fits\Stack1\Cell_20\0.7Acm2\204Cycles_condition_1_Real_Ageing_EIS-1-0_7.png
Stack1,204Cycles,204,1,0.7,data\Stack1\EIS\204Cycles\Real_Ageing_EIS-1-0_7.xlsx,Sheet8,Cell 22,ok,0.00083849,0.0003273097875430178,0.001119622828322807,0.0015928163158171688,0.0027124391441399756,1.542578064404683e-05,1.9575639105709874e-05,0.0008871212017044213,-0.0002506851013285683,0.0006133774037682714,0.0011163872607636966,0.0011634235236301317,0.0007964081579085844,results\figures\eis_fits\Stack1\Cell_22\0.7Acm2\204Cycles_condition_1_Real_Ageing_EIS-1-0_7.png
Stack1,204Cycles,204,1,0.7,data\Stack1\EIS\204Cycles\Real_Ageing_EIS-1-0_7.xlsx,Sheet9,Cell 24,ok,0.00084348,0.000334169578738638,0.001172244697638061,0.0014371195498622928,0.002609364247500354,1.2010982665724721e-05,2.217516334175691e-05,0.0009202919275576685,-0.0002666934241463957,0.0006439447105676594,0.001112745056742102,0.001090656809354057,0.0007185597749311464,results\figures\eis_fits\Stack1\Cell_24\0.7Acm2\204Cycles_condition_1_Real_Ageing_EIS-1-0_7.png
Stack1,300Cycles,300,1,0.3,data\Stack1\EIS\300Cycles\Real_Ageing_EIS-1-0_3.xlsx,Sheet1,Whole Stack,ok,0.0071303,0.0,0.00781268583573083,0.039732466979687346,0.04754515281541818,0.0012565068994081665,0.0003740595989472326,0.0019004618109803276,-0.0002565981221531537,0.003914761498258841,0.027670997950719783,-0.008522507673198034,0.021617131403419504,results\figures\eis_fits\Stack1\Whole_Stack\0.3Acm2\300Cycles_condition_1_Real_Ageing_EIS-1-0_3.png
Stack1,300Cycles,300,1,0.3,data\Stack1\EIS\300Cycles\Real_Ageing_EIS-1-0_3.xlsx,Sheet2,Cell 01,ok,0.00034832,0.0002658907529967175,7.124205061599205e-05,0.0013995890535298309,0.001470831104145823,1.2254980281507482e-05,1.6040980149302327e-05,0.00030151177830471356,5.0898246479369256e-05,3.5621025307996025e-05,0.0010544780736149067,-0.0001785575287034966,0.00072221546005803,results\figures\eis_fits\Stack1\Cell_01\0.3Acm2\300Cycles_condition_1_Real_Ageing_EIS-1-0_3.png
Stack1,300Cycles,300,1,0.3,data\Stack1\EIS\300Cycles\Real_Ageing_EIS-1-0_3.xlsx,Sheet3,Cell 03,ok,0.00033861,0.0002271965743110083,0.0001037678098769238,0.0014958102007725186,0.0015995780106494424,1.293441377898952e-05,1.2858102947988572e-05,0.0002790804792494702,1.2889236492322473e-05,5.346093909592655e-05,0.0010969427198311576,-0.00023342283063425713,0.0007834846884560602,results\figures\eis_fits\Stack1\Cell_03\0.3Acm2\300Cycles_condition_1_Real_Ageing_EIS-1-0_3.png
Stack1,300Cycles,300,1,0.3,data\Stack1\EIS\300Cycles\Real_Ageing_EIS-1-0_3.xlsx,Sheet4,Cell 05,ok,0.00035679,0.00029387921880685456,0.00010528286986676157,0.0014897228298752705,0.0015950056997420321,1.437137115758792e-05,1.1446416518061371e-05,0.00034652065374023535,-2.2186410336173698e-05,5.71258039370164e-05,0.0011046831411346877,-0.00024579240429373385,0.0007843675372370979,results\figures\eis_fits\Stack1\Cell_05\0.3Acm2\300Cycles_condition_1_Real_Ageing_EIS-1-0_3.png
Stack1,300Cycles,300,1,0.3,data\Stack1\EIS\300Cycles\Real_Ageing_EIS-1-0_3.xlsx,Sheet5,Cell 10,ok,0.00032753,0.00021636925770698688,0.00010355849722842736,0.001584295022866406,0.0016878535200948333,1.2528954524328293e-05,1.2572283096417229e-05,0.0002681485063212006,3.433121917066676e-06,5.1892937025668466e-05,0.0011373158588829878,-0.00029516975854798773,0.0008453536929777345,results\figures\eis_fits\Stack1\Cell_10\0.3Acm2\300Cycles_condition_1_Real_Ageing_EIS-1-0_3.png
Stack1,300Cycles,300,1,0.3,data\Stack1\EIS\300Cycles\Real_Ageing_EIS-1-0_3.xlsx,Sheet6,Cell 15,ok,0.0004361,0.0003241837945708825,0.0001837466125567588,0.0016310722390819263,0.001814818851638685,1.8544435674671613e-05,5.798028661279038e-06,0.0004160571008492619,1.9796769451164234e-05,9.398200086837615e-05,0.0011973764233120406,-0.0002510046411492029,0.0008532892195231182,results\figures\eis_fits\Stack1\Cell_15\0.3Acm2\300Cycles_condition_1_Real_Ageing_EIS-1-0_3.png
Stack1,300Cycles,300,1,0.3,data\Stack1\EIS\300Cycles\Real_Ageing_EIS-1-0_3.xlsx,Sheet7,Cell 20,ok,0.00042391,0.00032246963317440346,0.00021905720040627929,0.0015261462534753181,0.0017452034538815975,1.656936025819186e-05,8.821897682060134e-06,0.0004319982333775431,-6.857840654737358e-06,0.00010974308288409329,0.001157074788266135,-0.0001985421598495484,0.0007884792869739263,results\figures\eis_fits\Stack1\Cell_20\0.3Acm2\300Cycles_condition_1_Real_Ageing_EIS-1-0_3.png
Stack1,300Cycles,300,1,0.3,data\Stack1\EIS\300Cycles\Real_Ageing_EIS-1-0_3.xlsx,Sheet8,Cell 22,ok,0.00032123,0.00022297508699728493,8.664615790754138e-05,0.0016171163083653006,0.001703762466272842,1.0328001322514472e-05,1.3999187220392993e-05,0.0002662981659510556,-2.6045404612802836e-05,5.0549503177373174e-05,0.0011411883590341822,-0.0003407607913289461,0.0008774304562769542,results\figures\eis_fits\Stack1\Cell_22\0.3Acm2\300Cycles_condition_1_Real_Ageing_EIS-1-0_3.png
Stack1,300Cycles,300,1,0.3,data\Stack1\EIS\300Cycles\Real_Ageing_EIS-1-0_3.xlsx,Sheet9,Cell 24,ok,0.00033386,0.00016433537308370566,0.00015526962538075947,0.0016205607414278022,0.0017758303668085618,7.16925052843395e-06,1.805613836246357e-05,0.0002419701857740854,-4.124821983799456e-05,8.791234146167348e-05,0.0011578184536773087,-0.00032270480301205317,0.0008721769711768966,results\figures\eis_fits\Stack1\Cell_24\0.3Acm2\300Cycles_condition_1_Real_Ageing_EIS-1-0_3.png
Stack1,300Cycles,300,1,0.7,data\Stack1\EIS\300Cycles\Real_Ageing_EIS-1-0_7.xlsx,Sheet1,Whole Stack,ok,0.01235,0.0,0.01547415077607653,0.03995445304805398,0.05542860382413051,0.00044564963860320954,0.0008421429262817438,0.004432825223862286,0.008090530522642787,0.007737075388038265,0.027398177131556394,-0.013412836657824629,0.024062289309244284,results\figures\eis_fits\Stack1\Whole_Stack\0.7Acm2\300Cycles_condition_1_Real_Ageing_EIS-1-0_7.png
Stack1,300Cycles,300,1,0.7,data\Stack1\EIS\300Cycles\Real_Ageing_EIS-1-0_7.xlsx,Sheet2,Cell 01,ok,0.0007977,0.0003087870180788774,0.0010632641913685436,0.0016546002041622505,0.0027178643955307943,1.526629484321607e-05,2.101159598623533e-05,0.0008404191137631492,-0.00021966828960804917,0.0005752276441731365,0.0010875554521877031,0.0011887242118989402,0.0008273001020811252,results\figures\eis_fits\Stack1\Cell_01\0.7Acm2\300Cycles_condition_1_Real_Ageing_EIS-1-0_7.png
Stack1,300Cycles,300,1,0.7,data\Stack1\EIS\300Cycles\Real_Ageing_EIS-1-0_7.xlsx,Sheet3,Cell 03,ok,0.00081773,0.0003203842329048605,0.0013689916917185821,0.001905623434978054,0.003274615126696636,6.372934097563321e-06,1.8424492402844266e-05,0.0010048800787641515,-0.0003528411690051952,0.0007700853547130857,0.001076629889677132,0.001336261845533207,0.000952811717489027,results\figures\eis_fits\Stack1\Cell_03\0.7Acm2\300Cycles_condition_1_Real_Ageing_EIS-1-0_7.png
Stack1,300Cycles,300,1,0.7,data\Stack1\EIS\300Cycles\Real_Ageing_EIS-1-0_7.xlsx,Sheet4,Cell 05,ok,0.00092283,0.00033584798772461457,0.0011676223037445277,0.0010067395430980966,0.0021743618468426243,1.0292088245354157e-05,3.375335543454416e-05,0.0009196591395968784,-0.0002718436063013093,0.0006439987634594657,0.0012045671693836765,-0.00012869217884560076,0.0005195602022916778,results\figures\eis_fits\Stack1\Cell_05\0.7Acm2\300Cycles_condition_1_Real_Ageing_EIS-1-0_7.png
Stack1,300Cycles,300,1,0.7,data\Stack1\EIS\300Cycles\Real_Ageing_EIS-1-0_7.xlsx,Sheet5,Cell 10,ok,0.00084796,0.0003265322588298058,0.0015984258306305365,0.0015895914493605076,0.003188017279991044,6.850234828837679e-06,2.6770656658423017e-05,0.001125745174145074,-0.00046352892236475716,0.0009239049441773559,0.001179271785857957,0.0011775816315073354,0.0007947957246802538,results\figures\eis_fits\Stack1\Cell_10\0.7Acm2\300Cycles_condition_1_Real_Ageing_EIS-1-0_7.png
Stack1,300Cycles,300,1,0.7,data\Stack1\EIS\300Cycles\Real_Ageing_EIS-1-0_7.xlsx,Sheet6,Cell 15,ok,0.00038977,0.00032576467613158294,0.00016218212004209755,0.0015741482923303095,0.001736330412372407,1.0337821886338817e-05,2.5551272789016846e-05,0.0004068557361526317,7.61446610967495e-06,8.144777535005313e-05,0.0011243198538308605,-0.0004217623334654953,0.0008929553054279184,results\figures\eis_fits\Stack1\Cell_15\0.7Acm2\300Cycles_condition_1_Real_Ageing_EIS-1-0_7.png
Stack1,300Cycles,300,1,0.7,data\Stack1\EIS\300Cycles\Real_Ageing_EIS-1-0_7.xlsx,Sheet7,Cell 20,ok,0.00039777,0.00032879488524762866,0.00016935923955873033,0.001546516337966498,0.0017158755775252283,1.2289218978480353e-05,2.1859183755794084e-05,0.00041347450502699385,-2.642136245722298e-06,8.472082913852302e-05,0.0011178393094473159,-0.00039647308505668977,0.0008689758932638443,results\figures\eis_fits\Stack1\Cell_20\0.7Acm2\300Cycles_condition_1_Real_Ageing_EIS-1-0_7.png
Stack1,300Cycles,300,1,0.7,data\Stack1\EIS\300Cycles\Real_Ageing_EIS-1-0_7.xlsx,Sheet8,Cell 22,ok,0.00084453,0.0003310244079979146,0.0011455588436157917,0.0012505239203678107,0.0023960827639836024,1.2229372282729483e-05,2.9430196942563018e-05,0.0009038038298058104,-0.0002523496380794598,0.0006259046300239532,0.001137709452952753,0.0009926540613503824,0.0006252619601839054,results\figures\eis_fits\Stack1\Cell_22\0.7Acm2\300Cycles_condition_1_Real_Ageing_EIS-1-0_7.png
Stack1,300Cycles,300,1,0.7,data\Stack1\EIS\300Cycles\Real_Ageing_EIS-1-0_7.xlsx,Sheet9,Cell 24,ok,0.00050208,0.0003323425318141641,0.0004837161047126787,0.0017669393079606075,0.002250655412673286,1.1543324335260883e-05,3.425548408629398e-05,0.0005742005841705035,-6.252641157194611e-05,0.0002498096668138889,0.0011677593801025794,-0.0007254936079848919,0.0011431796030069,results\figures\eis_fits\Stack1\Cell_24\0.7Acm2\300Cycles_condition_1_Real_Ageing_EIS-1-0_7.png
Stack1,410Cycles,410,1,0.3,data\Stack1\EIS\410Cycles\Real_Ageing_EIS-1-0_3.xlsx,Sheet1,Whole Stack,ok,0.012312,0.0005105587588331503,0.0046026066385503085,0.03742445426339796,0.04202706090194827,0.00045752526860106063,6.306313548480258e-05,0.0028118620781083046,0.00914927154259079,0.00943425496408532,0.028362481961036655,-0.004242677899168917,0.01918717696755799,results\figures\eis_fits\Stack1\Whole_Stack\0.3Acm2\410Cycles_condition_1_Real_Ageing_EIS-1-0_3.png
Stack1,410Cycles,410,1,0.3,data\Stack1\EIS\410Cycles\Real_Ageing_EIS-1-0_3.xlsx,Sheet2,Cell 01,ok,0.00033894,0.00026200886036694684,3.0505416726430558e-05,0.0015541585983150496,0.0015846640150414802,1.1741684035952973e-05,1.1762542724393967e-05,0.00027726156873016214,4.4821074684903915e-05,4.734526215285994e-05,0.0011193148374428173,-0.00022606491728277155,0.000809294497698592,results\figures\eis_fits\Stack1\Cell_01\0.3Acm2\410Cycles_condition_1_Real_Ageing_EIS-1-0_3.png
Stack1,410Cycles,410,1,0.3,data\Stack1\EIS\410Cycles\Real_Ageing_EIS-1-0_3.xlsx,Sheet3,Cell 03,ok,0.00034768,0.00011259865165060486,0.00020665690853153494,0.0016502134446521914,0.0018568703531837262,1.4231118301498543e-05,1.1718632487360417e-05,0.00021592710591637233,4.988745503290488e-05,0.00011474113312414561,0.0011790003118669664,-0.00024366177708551833,0.0008603325896652908,results\figures\eis_fits\Stack1\Cell_03\0.3Acm2\410Cycles_condition_1_Real_Ageing_EIS-1-0_3.png
Stack1,410Cycles,410,1,0.3,data\Stack1\EIS\410Cycles\Real_Ageing_EIS-1-0_3.xlsx,Sheet4,Cell 05,ok,0.00035149,0.000259826006316773,8.412778902259429e-05,0.001572198207162233,0.0016563259961848273,1.4273795964755856e-05,1.923274306926128e-05,0.00030188990082807013,1.1884670003810069e-05,4.371060057419707e-05,0.001152521946831836,-0.00021498542166051998,0.0008149665834729584,results\figures\eis_fits\Stack1\Cell_05\0.3Acm2\410Cycles_condition_1_Real_Ageing_EIS-1-0_3.png
Stack1,410Cycles,410,1,0.3,data\Stack1\EIS\410Cycles\Real_Ageing_EIS-1-0_3.xlsx,Sheet5,Cell 10,ok,0.000325,0.00016431027172125168,0.00014674074240941928,0.0017388130205317077,0.001885553762941127,1.7525512171851045e-05,1.2838065272200318e-05,0.00023768064292596132,-1.7716015706333542e-06,7.339175664093317e-05,0.0012133754481250968,-0.00031057890055313304,0.0009232155401429523,results\figures\eis_fits\Stack1\Cell_10\0.3Acm2\410Cycles_condition_1_Real_Ageing_EIS-1-0_3.png
Stack1,410Cycles,410,1,0.3,data\Stack1\EIS\410Cycles\Real_Ageing_EIS-1-0_3.xlsx,Sheet6,Cell 15,ok,0.00034589,0.0002683175958840532,7.685061841035431e-05,0.00169541499680862,0.0017722656152189742,1.3197837917896012e-05,3.033126086753288e-05,0.0003067429050892304,5.116467477380136e-06,3.8764450556670617e-05,0.0012204811553484104,-0.0002149965506955631,0.0008745464651245713,results\figures\eis_fits\Stack1\Cell_15\0.3Acm2\410Cycles_condition_1_Real_Ageing_EIS-1-0_3.png
Stack1,410Cycles,410,1,0.3,data\Stack1\EIS\410Cycles\Real_Ageing_EIS-1-0_3.xlsx,Sheet7,Cell 20,ok,0.00042419,0.000308081050847532,0.0002871930601004837,0.001733146092122755,0.0020203391522232387,2.3308634999637993e-05,4.1379478026964595e-06,0.00045167758089777383,-5.49129085561481e-05,0.00015373805959672412,0.0012488991929573764,-0.00024550207568907966,0.0009006775856696673,results\figures\eis_fits\Stack1\Cell_20\0.3Acm2\410Cycles_condition_1_Real_Ageing_EIS-1-0_3.png
Stack1,410Cycles,410,1,0.3,data\Stack1\EIS\410Cycles\Real_Ageing_EIS-1-0_3.xlsx,Sheet8,Cell 22,ok,0.00045707,0.0003242116344819931,0.0003939481614758184,0.0015440303262225818,0.0019379784876984003,1.0927836082267674e-05,4.436300866612913e-06,0.0005211857152199024,-3.342429805838704e-05,0.0001997898200190397,0.001168458336313717,-0.0001932220722893386,0.0007958279847388752,results\figures\eis_fits\Stack1\Cell_22\0.3Acm2\410Cycles_condition_1_Real_Ageing_EIS-1-0_3.png
Stack1,410Cycles,410,1,0.3,data\Stack1\EIS\410Cycles\Real_Ageing_EIS-1-0_3.xlsx,Sheet9,Cell 24,ok,0.00043978,0.00031808888351092166,0.0003065100735952193,0.0015221759543466652,0.0018286860279418844,1.8283741911219347e-05,1.1852293474022435e-05,0.0004713439203085313,-4.075385489438965e-05,0.00015858115585588867,0.001174121901452906,-0.00016292410967525792,0.0007783310185976598,results\figures\eis_fits\Stack1\Cell_24\0.3Acm2\410Cycles_condition_1_Real_Ageing_EIS-1-0_3.png
Stack1,410Cycles,410,1,0.7,data\Stack1\EIS\410Cycles\Real_Ageing_EIS-1-0_7.xlsx,Sheet1,Whole Stack,ok,0.012211,0.0,0.01470502554962829,0.04129668613206069,0.05600171168168898,0.0004755243388950525,0.0008715503432302665,0.00473191470256993,0.007862304043288217,0.007352512774814145,0.027967551776838163,-0.013524087319928414,0.024683091565068017,results\figures\eis_fits\Stack1\Whole_Stack\0.7Acm2\410Cycles_condition_1_Real_Ageing_EIS-1-0_7.png
Stack1,410Cycles,410,1,0.7,data\Stack1\EIS\410Cycles\Real_Ageing_EIS-1-0_7.xlsx,Sheet2,Cell 01,ok,0.00070514,0.00030263879628225263,0.0012844550962472921,0.0012437383863867293,0.0025281934826340215,1.0064222222823477e-05,2.844962536196064e-05,0.0009448663444058987,-0.00031641563096240056,0.000715943485958385,0.0009802047864310255,0.0009951076895472293,0.0006218691931933647,results\figures\eis_fits\Stack1\Cell_01\0.7Acm2\410Cycles_condition_1_Real_Ageing_EIS-1-0_7.png
Stack1,410Cycles,410,1,0.7,data\Stack1\EIS\410Cycles\Real_Ageing_EIS-1-0_7.xlsx,Sheet3,Cell 03,ok,0.00073019,0.000323919449150634,0.0011705701426627565,0.0014418016048952243,0.002612371747557981,1.1636951899924896e-05,2.508878209792479e-05,0.0009092045204820122,-0.0002367673640287801,0.0006313615441191469,0.0009969531067292468,0.0011163901234174972,0.0007209008024476122,results\figures\eis_fits\Stack1\Cell_03\0.7Acm2\410Cycles_condition_1_Real_Ageing_EIS-1-0_7.png
Stack1,410Cycles,410,1,0.7,data\Stack1\EIS\410Cycles\Real_Ageing_EIS-1-0_7.xlsx,Sheet4,Cell 05,ok,0.00041812,0.000333840287186003,0.0002441532745477096,0.0014767476181474879,0.0017209008926951975,6.494060102097993e-06,2.274124787642214e-05,0.0004559169244598578,-1.0715450249160163e-05,0.0001225460168350426,0.0010639777682976107,-0.000432028653743785,0.0008554791871119583,results\figures\eis_fits\Stack1\Cell_05\0.7Acm2\410Cycles_condition_1_Real_Ageing_EIS-1-0_7.png
Stack1,410Cycles,410,1,0.7,data\Stack1\EIS\410Cycles\Real_Ageing_EIS-1-0_7.xlsx,Sheet5,Cell 10,ok,0.00032633,0.000255720962613121,6.568676016354932e-05,0.0015243533721916657,0.001590040132355215,1.056932200503327e-05,1.5818478822974173e-05,0.0002885643426948957,-2.394028702599536e-05,4.064264949634748e-05,0.00109396619508919,-0.00040241898986552666,0.0008618899838334453,results\figures\eis_fits\Stack1\Cell_10\0.7Acm2\410Cycles_condition_1_Real_Ageing_EIS-1-0_7.png
Stack1,410Cycles,410,1,0.7,data\Stack1\EIS\410Cycles\Real_Ageing_EIS-1-0_7.xlsx,Sheet6,Cell 15,ok,0.00038916,0.00032808179715711834,0.0001551218276124259,0.001508310655876755,0.0016634324834891808,7.015548892367411e-06,3.0265432062640483e-05,0.0004056427109633313,1.2396438005100039e-05,7.85453182924933e-05,0.0011102164450517342,-0.00033482312901505796,0.0008251404646369464,results\figures\eis_fits\Stack1\Cell_15\0.7Acm2\410Cycles_condition_1_Real_Ageing_EIS-1-0_7.png
Stack1,410Cycles,410,1,0.7,data\Stack1\EIS\410Cycles\Real_Ageing_EIS-1-0_7.xlsx,Sheet7,Cell 20,ok,0.0003953,0.00032904341124036083,0.0001126894155829279,0.0016285877448193866,0.0017412771604023145,1.1530025072578468e-05,2.4236449387486624e-05,0.0003853881190318248,1.4242134479976448e-05,5.811681762322497e-05,0.0011598246629113897,-0.0004035269828032643,0.0009087951014911336,results\figures\eis_fits\Stack1\Cell_20\0.7Acm2\410Cycles_condition_1_Real_Ageing_EIS-1-0_7.png
Stack1,410Cycles,410,1,0.7,data\Stack1\EIS\410Cycles\Real_Ageing_EIS-1-0_7.xlsx,Sheet8,Cell 22,ok,0.00084644,0.0003268565042598658,0.0013628502378964678,0.0015608584307961575,0.0029237086686926253,7.74814462036461e-06,2.4996462685508555e-05,0.0010082816232080997,-0.0003441361080624369,0.0007633936426287397,0.0011585573178461716,0.0011615924436199979,0.0007804292153980787,results\figures\eis_fits\Stack1\Cell_22\0.7Acm2\410Cycles_condition_1_Real_Ageing_EIS-1-0_7.png
Stack1,410Cycles,410,1,0.7,data\Stack1\EIS\410Cycles\Real_Ageing_EIS-1-0_7.xlsx,Sheet9,Cell 24,ok,0.00085341,0.0003344035650181215,0.0012849666486809811,0.0014132018240597774,0.002698168472740759,8.202314257380396e-06,2.2367223712068545e-05,0.000976886889358612,-0.00031333413405875186,0.000714816830818886,0.0011414767867461866,0.0010747427602593087,0.0007066009120298887,results\figures\eis_fits\Stack1\Cell_24\0.7Acm2\410Cycles_condition_1_Real_Ageing_EIS-1-0_7.png
Stack1,528Cycles,528,1,0.3,data\Stack1\EIS\528Cycles\Real_Ageing_EIS-1-0_3.xlsx,Sheet1,Whole Stack,ok,0.0069057,0.0,0.011074529427482757,0.04472924870788965,0.055803778135372406,0.0007541531583930424,0.00039121142852272434,0.0006288398610438604,-0.00524540991515976,0.0076272947817756275,0.030196493201152263,-0.009769865817933383,0.024405464564180808,results\figures\eis_fits\Stack1\Whole_Stack\0.3Acm2\528Cycles_condition_1_Real_Ageing_EIS-1-0_3.png
Stack1,528Cycles,528,1,0.3,data\Stack1\EIS\528Cycles\Real_Ageing_EIS-1-0_3.xlsx,Sheet2,Cell 01,ok,0.00038693,0.0002957016099051932,0.00017944259656229515,0.0014484025161880319,0.001627845112750327,1.6604201707475574e-05,9.23921036395839e-06,0.00038542290818634076,-3.549386190697925e-06,8.97914779229375e-05,0.0011002493119736101,-0.00015526950338980326,0.0007406592204974374,results\figures\eis_fits\Stack1\Cell_01\0.3Acm2\528Cycles_condition_1_Real_Ageing_EIS-1-0_3.png
Stack1,528Cycles,528,1,0.3,data\Stack1\EIS\528Cycles\Real_Ageing_EIS-1-0_3.xlsx,Sheet3,Cell 03,ok,0.00039063,0.0002382390264443328,0.00012291048227960658,0.0014152457689341903,0.0015381562512137969,1.985015683086227e-05,2.4466751738721415e-05,0.0002996942675841361,6.412813125975799e-05,6.145524113980329e-05,0.0011118198048007085,-8.654419991078053e-05,0.0007128955359375796,results\figures\eis_fits\Stack1\Cell_03\0.3Acm2\528Cycles_condition_1_Real_Ageing_EIS-1-0_3.png
Stack1,528Cycles,528,1,0.3,data\Stack1\EIS\528Cycles\Real_Ageing_EIS-1-0_3.xlsx,Sheet4,Cell 05,ok,0.00037419,0.0002499984529702548,9.376664840962646e-05,0.001543289506240034,0.0016370561546496605,1.7659866586828062e-05,2.0283788421150305e-05,0.00029688177717506804,3.6561499056913895e-05,5.94540940708236e-05,0.0011581790550597533,-0.00018970583182560167,0.00079462187715057,results\figures\eis_fits\Stack1\Cell_05\0.3Acm2\528Cycles_condition_1_Real_Ageing_EIS-1-0_3.png
Stack1,528Cycles,528,1,0.3,data\Stack1\EIS\528Cycles\Real_Ageing_EIS-1-0_3.xlsx,Sheet5,Cell 10,ok,0.00036221,0.0001523642128920298,0.0002048445648969991,0.0014221835647520637,0.0016270281296490627,1.9993935441661584e-05,3.222671686579331e-05,0.00025478649534052935,-1.828918288824644e-05,0.00010404238632730386,0.0011050921511743365,-0.0001059952560974634,0.0007189482020826596,results\figures\eis_fits\Stack1\Cell_10\0.3Acm2\528Cycles_condition_1_Real_Ageing_EIS-1-0_3.png
Stack1,528Cycles,528,1,0.3,data\Stack1\EIS\528Cycles\Real_Ageing_EIS-1-0_3.xlsx,Sheet6,Cell 15,ok,0.00048624,0.0003272698415665166,0.0004715789171141519,0.0013277382907151858,0.0017993172078293377,1.2720740648485768e-05,3.182097599869134e-05,0.0005630593001235925,-3.600346801966228e-05,0.0002385223647293517,0.0011668037497899603,1.783876725380005e-05,0.0006641087740535854,results\figures\eis_fits\Stack1\Cell_15\0.3Acm2\528Cycles_condition_1_Real_Ageing_EIS-1-0_3.png
Stack1,528Cycles,528,1,0.3,data\Stack1\EIS\528Cycles\Real_Ageing_EIS-1-0_3.xlsx,Sheet7,Cell 20,ok,0.00050955,0.00018629866370134345,0.00010033588723272237,0.0013394693661505106,0.001439805253383233,2.5699313350451058e-05,1.7814928447739408e-05,0.00023646660731770463,0.00021287750412093623,0.00021870906320373102,0.0011542576609521779,-1.0856120556037383e-05,0.0006698226638950341,results\figures\eis_fits\Stack1\Cell_20\0.3Acm2\528Cycles_condition_1_Real_Ageing_EIS-1-0_3.png
Stack1,528Cycles,528,1,0.3,data\Stack1\EIS\528Cycles\Real_Ageing_EIS-1-0_3.xlsx,Sheet8,Cell 22,ok,0.00048743,0.0003069317511697878,0.0003743856955595424,0.0015573039831821127,0.001931689678741655,2.8259093649174063e-05,4.717175627588076e-06,0.000494124598949559,-4.054743288681011e-05,0.00019153395671162585,0.0011820803195360624,-0.0001922958268756942,0.0008020452662054215,results\figures\eis_fits\Stack1\Cell_22\0.3Acm2\528Cycles_condition_1_Real_Ageing_EIS-1-0_3.png
Stack1,528Cycles,528,1,0.3,data\Stack1\EIS\528Cycles\Real_Ageing_EIS-1-0_3.xlsx,Sheet9,Cell 24,ok,0.00043894,0.00019639313956313124,0.00013897276934554147,0.0013730212960448107,0.0015119940653903522,2.6148766342344398e-05,5.7753885741444776e-05,0.000265879524235902,0.00010780783876637448,0.00012826101416396512,0.0011767513895555694,1.3316613755316568e-05,0.0006866397906108058,results\figures\eis_fits\Stack1\Cell_24\0.3Acm2\528Cycles_condition_1_Real_Ageing_EIS-1-0_3.png
Stack1,528Cycles,528,1,0.7,data\Stack1\EIS\528Cycles\Real_Ageing_EIS-1-0_7.xlsx,Sheet1,Whole Stack,ok,0.0075052,0.0,0.010714636871481956,0.04294885508371058,0.05366349195519254,0.0006880728233777496,0.00037454330528543606,0.00171175318466125,-0.0030203352969486955,0.006150063912507277,0.029033879592623078,-0.013099076802528104,0.02515426109685838,results\figures\eis_fits\Stack1\Whole_Stack\0.7Acm2\528Cycles_condition_1_Real_Ageing_EIS-1-0_7.png
Stack1,528Cycles,528,1,0.7,data\Stack1\EIS\528Cycles\Real_Ageing_EIS-1-0_7.xlsx,Sheet2,Cell 01,ok,0.0003748,0.0002997633158905546,0.000292298209833867,0.0013489241907920864,0.0016412224006259533,6.09315422603354e-06,1.162289105277484e-05,0.0004459124208074881,-4.6597798722673885e-05,0.00015339789996548082,0.0010087468538031003,-0.00027966058883938273,0.0007301432483259785,results\figures\eis_fits\Stack1\Cell_01\0.7Acm2\528Cycles_condition_1_Real_Ageing_EIS-1-0_7.png
Stack1,528Cycles,528,1,0.7,data\Stack1\EIS\528Cycles\Real_Ageing_EIS-1-0_7.xlsx,Sheet3,Cell 03,ok,0.00032733,0.0003031101697465719,2.7291812905932987e-05,0.001591841245895589,0.0016191330588015218,4.450977936976795e-06,1.3358406482097778e-05,0.0003167560761995384,5.7550672297682265e-06,1.4809846783213684e-05,0.0011233547838919392,-0.00038647496206562626,0.0008847895423982092,results\figures\eis_fits\Stack1\Cell_03\0.7Acm2\528Cycles_condition_1_Real_Ageing_EIS-1-0_7.png
Stack1,528Cycles,528,1,0.7,data\Stack1\EIS\528Cycles\Real_Ageing_EIS-1-0_7.xlsx,Sheet4,Cell 05,ok,0.000338,0.0002606272975967633,7.564730901929742e-05,0.0015180748888337296,0.001593722197853027,5.8044783059695356e-06,1.3031572508840599e-05,0.000298450952106412,-4.929021274920352e-07,3.782686602102473e-05,0.0010946290931759842,-0.0004017360921117966,0.0008587955110107079,results\figures\eis_fits\Stack1\Cell_05\0.7Acm2\528Cycles_condition_1_Real_Ageing_EIS-1-0_7.png
Stack1,528Cycles,528,1,0.7,data\Stack1\EIS\528Cycles\Real_Ageing_EIS-1-0_7.xlsx,Sheet5,Cell 10,ok,0.00033101,0.00024621486846516136,8.586069020719234e-05,0.0015771056195627413,0.0016629663097699335,1.1645383650985365e-05,1.0124476519657593e-05,0.0002891452135687575,-9.31817852555153e-06,4.3929978166941006e-05,0.0011262577254471178,-0.0003840827695972556,0.000877117499378272,results\figures\eis_fits\Stack1\Cell_10\0.7Acm2\528Cycles_condition_1_Real_Ageing_EIS-1-0_7.png
Stack1,528Cycles,528,1,0.7,data\Stack1\EIS\528Cycles\Real_Ageing_EIS-1-0_7.xlsx,Sheet6,Cell 15,ok,0.000399,0.0003319181308866449,0.00012341321036432495,0.0014878751792345925,0.0016112883895989174,9.453181912492935e-06,2.1261632992764147e-05,0.0003936247360688074,2.1798607335552716e-05,6.54437499298206e-05,0.0011147967716335886,-0.00026793085469001157,0.0007907149171101509,results\figures\eis_fits\Stack1\Cell_15\0.7Acm2\528Cycles_condition_1_Real_Ageing_EIS-1-0_7.png
Stack1,528Cycles,528,1,0.7,data\Stack1\EIS\528Cycles\Real_Ageing_EIS-1-0_7.xlsx,Sheet7,Cell 20,ok,0.00043056,0.0003371503620445124,0.000267851843498251,0.0016004222413734232,0.0018682740848716742,1.0537558743624293e-05,1.3365651947039314e-05,0.0004710762837936379,-1.3724511538000141e-05,0.00013462731793105581,0.0011655956483888389,-0.00031765210629169737,0.0008609533659276992,results\figures\eis_fits\Stack1\Cell_20\0.7Acm2\528Cycles_condition_1_Real_Ageing_EIS-1-0_7.png
Stack1,528Cycles,528,1,0.7,data\Stack1\EIS\528Cycles\Real_Ageing_EIS-1-0_7.xlsx,Sheet8,Cell 22,ok,0.00037678,0.0003233370897169855,0.0002583856509333373,0.0016413803735053811,0.0018997660244387184,6.712048388458537e-06,1.888409103492677e-05,0.0004525299151836542,-3.6905805222624127e-05,0.00013436080012857685,0.0011545097010183236,-0.00044595956753759055,0.0009340301486089627,results\figures\eis_fits\Stack1\Cell_22\0.7Acm2\528Cycles_condition_1_Real_Ageing_EIS-1-0_7.png
Stack1,528Cycles,528,1,0.7,data\Stack1\EIS\528Cycles\Real_Ageing_EIS-1-0_7.xlsx,Sheet9,Cell 24,ok,0.00075244,0.00033653590881621966,0.0011461761056130355,0.0012133517647661802,0.002359527870379216,1.2539152583924507e-05,2.7093515351483682e-05,0.0009096239616227374,-0.0002523181795462189,0.0006261744006258033,0.0010029067805174836,0.0009919457044761087,0.0006066758823830901,results\figures\eis_fits\Stack1\Cell_24\0.7Acm2\528Cycles_condition_1_Real_Ageing_EIS-1-0_7.png
Stack1,528Cycles,528,1,1.0,data\Stack1\EIS\528Cycles\Real_Ageing_EIS-1-1_0.xlsx,Sheet1,Whole Stack,ok,0.0082187,0.0,0.027473264127898352,0.050117931128946185,0.07759119525684453,0.0003250991941146977,0.00023249948705623621,0.0060677929706586635,0.014411368211800533,0.013736632063949176,0.032846485109403224,-0.016152288684326457,0.029813557065591297,results\figures\eis_fits\Stack1\Whole_Stack\1Acm2\528Cycles_condition_1_Real_Ageing_EIS-1-1_0.png
Stack1,528Cycles,528,1,1.0,data\Stack1\EIS\528Cycles\Real_Ageing_EIS-1-1_0.xlsx,Sheet2,Cell 01,ok,0.00035073,0.00030881431599361184,0.00010533296074564179,0.0017071420520196668,0.0018124750127653086,5.55889862936827e-06,7.152159042917523e-06,0.0003614807963664327,4.362570814643218e-06,5.2846855904334605e-05,0.0011756636681793926,-0.0004676924798993462,0.0009733035252159934,results\figures\eis_fits\Stack1\Cell_01\1Acm2\528Cycles_condition_1_Real_Ageing_EIS-1-1_0.png
Stack1,528Cycles,528,1,1.0,data\Stack1\EIS\528Cycles\Real_Ageing_EIS-1-1_0.xlsx,Sheet3,Cell 03,ok,0.00032972,0.0002540080785344355,7.093519968037209e-05,0.0018239787893038401,0.0018949139889842123,2.7218077025718723e-06,1.0248790956367086e-05,0.00028947567837462153,1.1205340449548786e-05,3.719556819049629e-05,0.00124413174096995,-0.0004787746939070101,0.0010300242052900148,results\figures\eis_fits\Stack1\Cell_03\1Acm2\528Cycles_condition_1_Real_Ageing_EIS-1-1_0.png
Stack1,528Cycles,528,1,1.0,data\Stack1\EIS\528Cycles\Real_Ageing_EIS-1-1_0.xlsx,Sheet4,Cell 05,ok,0.00039589,0.00033966947235109565,0.0001847608575934509,0.0017425725641328099,0.0019273334217262607,7.302932789511865e-06,9.350545797958024e-06,0.0004320499011478211,-1.1266898326935214e-05,9.306495915529302e-05,0.0012158705667628727,-0.0005057958662368001,0.0010074568197294283,results\figures\eis_fits\Stack1\Cell_05\1Acm2\528Cycles_condition_1_Real_Ageing_EIS-1-1_0.png
Stack1,528Cycles,528,1,1.0,data\Stack1\EIS\528Cycles\Real_Ageing_EIS-1-1_0.xlsx,Sheet5,Cell 10,ok,0.00033029,0.00027601342794168694,6.30820113743e-05,0.001800988168691856,0.001864070180066156,1.1583657709321644e-05,7.91185242203052e-06,0.0003075544336288369,-3.839946484866415e-05,3.154100568715e-05,0.0012429823464813175,-0.00047975337426697096,0.0010203199968943839,results\figures\eis_fits\Stack1\Cell_10\1Acm2\528Cycles_condition_1_Real_Ageing_EIS-1-1_0.png
Stack1,528Cycles,528,1,1.0,data\Stack1\EIS\528Cycles\Real_Ageing_EIS-1-1_0.xlsx,Sheet6,Cell 15,ok,0.00039994,0.00033338815717456557,0.00015153055664430924,0.002248923086561627,0.0024004536432059363,6.619783768785247e-06,1.5909577285737218e-05,0.0004091534354967202,1.2071788820755413e-05,7.672095857434568e-05,0.00145676103576534,-0.0007011376385145593,0.0013251444262642627,results\figures\eis_fits\Stack1\Cell_15\1Acm2\528Cycles_condition_1_Real_Ageing_EIS-1-1_0.png
Stack1,528Cycles,528,1,1.0,data\Stack1\EIS\528Cycles\Real_Ageing_EIS-1-1_0.xlsx,Sheet7,Cell 20,ok,0.00040759,0.00034141107597106306,0.00016928881227180802,0.0018683072966637704,0.0020375961089355785,9.965581444101158e-06,9.091007000855041e-06,0.0004260554821069671,2.651192877067289e-06,8.468591567534283e-05,0.0012971409389370486,-0.00043292983115174636,0.0010295976288788018,results\figures\eis_fits\Stack1\Cell_20\1Acm2\528Cycles_condition_1_Real_Ageing_EIS-1-1_0.png
Stack1,528Cycles,528,1,1.0,data\Stack1\EIS\528Cycles\Real_Ageing_EIS-1-1_0.xlsx,Sheet8,Cell 22,ok,0.00044562,0.0003321852894259279,0.0003722611011168912,0.0019645553089569093,0.0023368164100738007,7.287357334922872e-06,1.5017767589989588e-05,0.0005183158399843735,-4.2388106795681424e-05,0.0001908961326190559,0.001317323130673577,-0.0006011238157200916,0.0011516159222212834,results\figures\eis_fits\Stack1\Cell_22\1Acm2\528Cycles_condition_1_Real_Ageing_EIS-1-1_0.png
Stack1,528Cycles,528,1,1.0,data\Stack1\EIS\528Cycles\Real_Ageing_EIS-1-1_0.xlsx,Sheet9,Cell 24,ok,0.00035044,0.0002658707963882771,8.188046934377551e-05,0.0020501705651251767,0.0021320510344689523,1.3948721774316936e-05,1.2082352150872169e-05,0.00030681103106016484,-2.3598939911274716e-05,4.725476462670399e-05,0.0013565004707321833,-0.0006692452991100881,0.0012242095845513435,results\figures\eis_fits\Stack1\Cell_24\1Acm2\528Cycles_condition_1_Real_Ageing_EIS-1-1_0.png
Stack1,528Cycles,528,2,0.3,data\Stack1\EIS\528Cycles\Real_Ageing_EIS-2-0_3.xlsx,Sheet1,Whole Stack,ok,0.0079017,0.0,0.009053700278079677,0.053210506380030435,0.06226420665811011,0.0009252788860259224,0.00029754795171674844,0.0034995730154751045,-0.008091474721707247,0.009271695387217614,0.03463304371149832,-0.010995721661394264,0.028787938310335284,results\figures\eis_fits\Stack1\Whole_Stack\0.3Acm2\528Cycles_condition_2_Real_Ageing_EIS-2-0_3.png
Stack1,528Cycles,528,2,0.3,data\Stack1\EIS\528Cycles\Real_Ageing_EIS-2-0_3.xlsx,Sheet2,Cell 01,ok,0.00032679,0.00012845132263737102,0.0001875587114050315,0.0021336909682916788,0.0023212496796967104,1.9406546729548783e-05,1.1593191612136425e-05,0.00022223067833988678,-3.7173018652096888e-06,9.385300149241933e-05,0.0013983593590103725,-0.00037427871801827615,0.0011305944656700628,results\figures\eis_fits\Stack1\Cell_01\0.3Acm2\528Cycles_condition_2_Real_Ageing_EIS-2-0_3.png
Stack1,528Cycles,528,2,0.3,data\Stack1\EIS\528Cycles\Real_Ageing_EIS-2-0_3.xlsx,Sheet3,Cell 03,ok,0.00038656,0.00020536171930706198,9.680247087326868e-05,0.0017476810153949753,0.001844483486268244,1.2892041808660053e-05,1.2088307271780653e-05,0.0002537629547436963,9.687856380140311e-05,0.00010829651756180824,0.0012593450601910475,-0.00016159432072266713,0.0008886562650332373,results\figures\eis_fits\Stack1\Cell_03\0.3Acm2\528Cycles_condition_2_Real_Ageing_EIS-2-0_3.png
Stack1,528Cycles,528,2,0.3,data\Stack1\EIS\528Cycles\Real_Ageing_EIS-2-0_3.xlsx,Sheet4,Cell 05,ok,0.0004118,0.0003040767268138216,0.00043559196941965044,0.0018113197377652393,0.00224691170718489,1.5008958029661742e-05,8.112778662544483e-06,0.0005218727115236468,-0.00013936600797532768,0.0002585690916074493,0.0013025246877224148,-0.0001931950400195619,0.0009260367819868949,results\figures\eis_fits\Stack1\Cell_05\0.3Acm2\528Cycles_condition_2_Real_Ageing_EIS-2-0_3.png
Stack1,528Cycles,528,2,0.3,data\Stack1\EIS\528Cycles\Real_Ageing_EIS-2-0_3.xlsx,Sheet5,Cell 10,ok,0.00033356,0.0001874231211257415,0.00014861200017294115,0.002232901661761769,0.00238151366193471,1.9040533035366135e-05,1.246861615293481e-05,0.0002617291212122121,-4.1418809008677265e-05,8.506996760636417e-05,0.0014593589181485015,-0.00043622344325552464,0.0011986464659024042,results\figures\eis_fits\Stack1\Cell_10\0.3Acm2\528Cycles_condition_2_Real_Ageing_EIS-2-0_3.png
Stack1,528Cycles,528,2,0.3,data\Stack1\EIS\528Cycles\Real_Ageing_EIS-2-0_3.xlsx,Sheet6,Cell 15,ok,0.00039684,0.00023733758042452353,0.00013273880977626983,0.001620469273995811,0.0017532080837720809,1.7390711701976315e-05,2.3071914332393926e-05,0.00030370698531265844,7.850281848906655e-05,6.636940488813492e-05,0.0012238288238021625,-9.936766830403212e-05,0.0008163051515795474,results\figures\eis_fits\Stack1\Cell_15\0.3Acm2\528Cycles_condition_2_Real_Ageing_EIS-2-0_3.png
Stack1,528Cycles,528,2,0.3,data\Stack1\EIS\528Cycles\Real_Ageing_EIS-2-0_3.xlsx,Sheet7,Cell 20,ok,0.00038297,0.00031929117585512525,0.00036907323967845865,0.00211994690234645,0.0024890201420249085,8.130004335720192e-06,7.986660815703567e-06,0.0005038277956943546,-7.807010711777055e-05,0.00020037141933686154,0.001433211742249793,-0.00031629007308978455,0.0011061569181301622,results\figures\eis_fits\Stack1\Cell_20\0.3Acm2\528Cycles_condition_2_Real_Ageing_EIS-2-0_3.png
Stack1,528Cycles,528,2,0.3,data\Stack1\EIS\528Cycles\Real_Ageing_EIS-2-0_3.xlsx,Sheet8,Cell 22,ok,0.0003596,0.00023403470409332722,9.791965472963896e-05,0.0020027399435814455,0.0021006595983110847,1.845841818292828e-05,1.1142857104277593e-05,0.0002829945314581467,3.94701302773246e-05,6.288843995283952e-05,0.0013554967780116881,-0.0003632295690366511,0.0010652124390123803,results\figures\eis_fits\Stack1\Cell_22\0.3Acm2\528Cycles_condition_2_Real_Ageing_EIS-2-0_3.png
Stack1,528Cycles,528,2,0.3,data\Stack1\EIS\528Cycles\Real_Ageing_EIS-2-0_3.xlsx,Sheet9,Cell 24,ok,0.00033291,0.00014260363514113648,0.0001768130018077395,0.0022546223586103666,0.002431435360418106,3.0071671058405252e-05,2.1965422919853476e-05,0.00023101013604500623,-7.01393563499759e-05,0.00011285051489140326,0.0014780079457126173,-0.0004440078504115021,0.001211599548618885,results\figures\eis_fits\Stack1\Cell_24\0.3Acm2\528Cycles_condition_2_Real_Ageing_EIS-2-0_3.png
Stack1,528Cycles,528,2,0.7,data\Stack1\EIS\528Cycles\Real_Ageing_EIS-2-0_7.xlsx,Sheet1,Whole Stack,ok,0.0078577,0.0,0.010145204588018361,0.04255914890323571,0.052704353491254075,0.0008225495855855785,0.00023279142625590152,0.0024626389930016445,-0.0030990335571056933,0.005944350512987468,0.029123755619710864,-0.01071263273789891,0.02382395410126226,results\figures\eis_fits\Stack1\Whole_Stack\0.7Acm2\528Cycles_condition_2_Real_Ageing_EIS-2-0_7.png
Stack1,528Cycles,528,2,0.7,data\Stack1\EIS\528Cycles\Real_Ageing_EIS-2-0_7.xlsx,Sheet2,Cell 01,ok,0.00038088,0.00030554195972425574,0.0001523525554124594,0.0014648358336267944,0.0016171883890392538,1.0676282448342065e-05,3.6825399159521476e-06,0.00038171823743048545,6.482504873063649e-06,7.645160661886657e-05,0.001082996164686763,-0.00023135292476165952,0.00076808865417024,results\figures\eis_fits\Stack1\Cell_01\0.7Acm2\528Cycles_condition_2_Real_Ageing_EIS-2-0_7.png
Stack1,528Cycles,528,2,0.7,data\Stack1\EIS\528Cycles\Real_Ageing_EIS-2-0_7.xlsx,Sheet3,Cell 03,ok,0.00032799,0.0001655880452134967,0.00015983793663343647,0.001630611857255841,0.0017904497938892776,5.45608206201534e-06,9.775731764125674e-06,0.00024550701353021493,-4.1730841061878555e-06,8.002784595230544e-05,0.0011482365879817442,-0.00034655699938986273,0.0008859037820677487,results\figures\eis_fits\Stack1\Cell_03\0.7Acm2\528Cycles_condition_2_Real_Ageing_EIS-2-0_7.png
Stack1,528Cycles,528,2,0.7,data\Stack1\EIS\528Cycles\Real_Ageing_EIS-2-0_7.xlsx,Sheet4,Cell 05,ok,0.0004103,0.00033486493574582434,0.00023113177238239348,0.0014071599360751144,0.001638291708457508,6.140429587780977e-06,3.553048468850078e-06,0.0004504308219370211,-1.3778048936002143e-05,0.00011638431459453421,0.00107287801386135,-0.0002453404930762718,0.0007451286660481116,results\figures\eis_fits\Stack1\Cell_05\0.7Acm2\528Cycles_condition_2_Real_Ageing_EIS-2-0_7.png
Stack1,528Cycles,528,2,0.7,data\Stack1\EIS\528Cycles\Real_Ageing_EIS-2-0_7.xlsx,Sheet5,Cell 10,ok,0.00033211,0.00028959805215155083,8.935311264819871e-05,0.0016707005955051456,0.0017600537081533443,3.724573863019096e-06,9.867298605161502e-06,0.0003342746084756502,-4.4954030743756116e-05,4.4676556324099354e-05,0.0011793955781406091,-0.00034921718573749404,0.000905407511990997,results\figures\eis_fits\Stack1\Cell_10\0.7Acm2\528Cycles_condition_2_Real_Ageing_EIS-2-0_7.png
Stack1,528Cycles,528,2,0.7,data\Stack1\EIS\528Cycles\Real_Ageing_EIS-2-0_7.xlsx,Sheet6,Cell 15,ok,0.00040803,0.0003229807747218223,0.00015681438089243515,0.0017608400939650077,0.0019176544748574428,1.6100299511352922e-05,8.863578419521865e-06,0.00040138796516803985,9.822748263933023e-06,7.902008540318108e-05,0.0012379515340516366,-0.00036212428321318404,0.0009519839576491489,results\figures\eis_fits\Stack1\Cell_15\0.7Acm2\528Cycles_condition_2_Real_Ageing_EIS-2-0_7.png
Stack1,528Cycles,528,2,0.7,data\Stack1\EIS\528Cycles\Real_Ageing_EIS-2-0_7.xlsx,Sheet7,Cell 20,ok,0.00038086,0.0003302197102703696,0.0001751721103246777,0.0015990054714292278,0.0017741775817539055,7.82326765383596e-06,1.0038376446955859e-05,0.00041780576543270847,-1.0801988381839195e-05,8.824964595907256e-05,0.0011771806762637747,-0.00023302558748335438,0.0008327698054307169,results\figures\eis_fits\Stack1\Cell_20\0.7Acm2\528Cycles_condition_2_Real_Ageing_EIS-2-0_7.png
Stack1,528Cycles,528,2,0.7,data\Stack1\EIS\528Cycles\Real_Ageing_EIS-2-0_7.xlsx,Sheet8,Cell 22,ok,0.00044051,0.00032112420033401587,0.0004033372062516558,0.0015681878174746847,0.0019715250237263404,9.871591513515577e-06,9.338036817217153e-06,0.0005227928034598438,-6.233225226296719e-05,0.00021108182100526058,0.0011472026512126545,-0.0003151440525614738,0.0008450556381587385,results\figures\eis_fits\Stack1\Cell_22\0.7Acm2\528Cycles_condition_2_Real_Ageing_EIS-2-0_7.png
Stack1,528Cycles,528,2,0.7,data\Stack1\EIS\528Cycles\Real_Ageing_EIS-2-0_7.xlsx,Sheet9,Cell 24,ok,0.00032827,0.0003252593456785363,6.017950001871287e-05,0.001634582806058276,0.0016947623060769889,4.670616191975146e-06,9.323669956782986e-06,0.00035534909568789275,-5.577777027579473e-05,6.337627878445449e-05,0.0011566842598533975,-0.0003977330413516301,0.0009089316859083274,results\figures\eis_fits\Stack1\Cell_24\0.7Acm2\528Cycles_condition_2_Real_Ageing_EIS-2-0_7.png
Stack1,528Cycles,528,2,1.0,data\Stack1\EIS\528Cycles\Real_Ageing_EIS-2-1_0.xlsx,Sheet1,Whole Stack,ok,0.0081699,0.0,0.04143584624026784,0.047167653883355705,0.08860350012362354,0.00015957739801111663,0.00019199621386789038,0.00877824791054228,0.021443322070572344,0.02071792312013392,0.03156728841355148,-0.012662013351017383,0.02676795612885587,results\figures\eis_fits\Stack1\Whole_Stack\1Acm2\528Cycles_condition_2_Real_Ageing_EIS-2-1_0.png
Stack1,528Cycles,528,2,1.0,data\Stack1\EIS\528Cycles\Real_Ageing_EIS-2-1_0.xlsx,Sheet2,Cell 01,ok,0.00037316,0.00031643143716639384,9.994902934220372e-05,0.0017212592738144736,0.0018212083031566774,8.044864448355213e-06,5.4076681686100844e-06,0.0003664059518374957,1.9121587314910042e-05,5.350782389570616e-05,0.0012090853976434684,-0.0003267694354313661,0.0009205767951970199,results\figures\eis_fits\Stack1\Cell_01\1Acm2\528Cycles_condition_2_Real_Ageing_EIS-2-1_0.png
Stack1,528Cycles,528,2,1.0,data\Stack1\EIS\528Cycles\Real_Ageing_EIS-2-1_0.xlsx,Sheet3,Cell 03,ok,0.00039449,0.0003279829387054503,0.0001892341964627535,0.0016798253890596827,0.0018690595855224363,5.201186686884111e-06,3.912495565033015e-06,0.00042260003693682705,-2.387151566841857e-06,9.464720688075835e-05,0.0012022433690522104,-0.0003051005603938687,0.000893610477996443,results\figures\eis_fits\Stack1\Cell_03\1Acm2\528Cycles_condition_2_Real_Ageing_EIS-2-1_0.png
Stack1,528Cycles,528,2,1.0,data\Stack1\EIS\528Cycles\Real_Ageing_EIS-2-1_0.xlsx,Sheet4,Cell 05,ok,0.00042219,0.0003392756254109741,0.0002307005317946099,0.0013731904520878188,0.0016038909838824288,7.044858171970618e-06,1.3013432380104943e-05,0.00045462589130827903,-1.2368211386652436e-05,0.00011601144984648658,0.0010857215305617094,-0.00018908473011581406,0.0007121559096077609,results\figures\eis_fits\Stack1\Cell_05\1Acm2\528Cycles_condition_2_Real_Ageing_EIS-2-1_0.png
Stack1,528Cycles,528,2,1.0,data\Stack1\EIS\528Cycles\Real_Ageing_EIS-2-1_0.xlsx,Sheet5,Cell 10,ok,0.00043148,0.00033419716825004996,0.00028873384461583994,0.0015502673846589348,0.0018390012292747748,9.173725752462456e-06,2.395006873607169e-06,0.00047856409055796993,-3.426398798046401e-05,0.0001483773201300872,0.0011609500488792533,-0.00023866821764930254,0.0008110454728929866,results\figures\eis_fits\Stack1\Cell_10\1Acm2\528Cycles_condition_2_Real_Ageing_EIS-2-1_0.png
Stack1,528Cycles,528,2,1.0,data\Stack1\EIS\528Cycles\Real_Ageing_EIS-2-1_0.xlsx,Sheet6,Cell 15,ok,0.0004176,0.0003344317027922216,0.00015106710623851187,0.001876738327714186,0.002027805433952698,9.873291895625296e-06,7.484988689283533e-06,0.00040996525591147754,2.1127201304996445e-05,7.843262256103197e-05,0.0012977508368216366,-0.0004083476338186016,0.001023369179584333,results\figures\eis_fits\Stack1\Cell_15\1Acm2\528Cycles_condition_2_Real_Ageing_EIS-2-1_0.png
Stack1,528Cycles,528,2,1.0,data\Stack1\EIS\528Cycles\Real_Ageing_EIS-2-1_0.xlsx,Sheet7,Cell 20,ok,0.00041162,0.0003382986071946106,0.00017685341482531452,0.0017246910168812804,0.001901544431706595,6.513201468578867e-06,5.045420065714588e-06,0.0004267253146072679,1.7338268197330482e-06,8.844370378542795e-05,0.001245844762482861,-0.00027882521960333835,0.0009063019800345777,results\figures\eis_fits\Stack1\Cell_20\1Acm2\528Cycles_condition_2_Real_Ageing_EIS-2-1_0.png
Stack1,528Cycles,528,2,1.0,data\Stack1\EIS\528Cycles\Real_Ageing_EIS-2-1_0.xlsx,Sheet8,Cell 22,ok,0.00040818,0.0003288275451581594,0.0003002661731613419,0.0016999963964848392,0.002000262569646181,5.183165915122065e-06,6.8487986136099445e-06,0.00047896063173883036,-3.43146850873407e-05,0.00015400467947073102,0.0012062761225246478,-0.000386268745600763,0.0009336490137323267,results\figures\eis_fits\Stack1\Cell_22\1Acm2\528Cycles_condition_2_Real_Ageing_EIS-2-1_0.png
Stack1,528Cycles,528,2,1.0,data\Stack1\EIS\528Cycles\Real_Ageing_EIS-2-1_0.xlsx,Sheet9,Cell 24,ok,0.00044252,0.0003366526112288386,0.00039184001198179735,0.001881334039267447,0.0022731740512492446,5.629727046546324e-06,1.634056552068977e-05,0.0005325726172197373,-5.410886174952475e-05,0.0002032545637059669,0.0012999084316735376,-0.00046940967988262666,0.0010512848754710123,results\figures\eis_fits\Stack1\Cell_24\1Acm2\528Cycles_condition_2_Real_Ageing_EIS-2-1_0.png
Stack1,528Cycles,528,3,0.3,data\Stack1\EIS\528Cycles\Real_Ageing_EIS-3-0_3.xlsx,Sheet1,Whole Stack,ok,0.0075161,0.0,0.00702137911968316,0.06643855670748353,0.07345993582716669,0.0008772051254908487,0.000281552726873943,0.0032408404512436068,-0.0017233050871755028,0.0039108466614104975,0.04111942915858038,-0.016975872677109042,0.03730550505612802,results\figures\eis_fits\Stack1\Whole_Stack\0.3Acm2\528Cycles_condition_3_Real_Ageing_EIS-3-0_3.png
Stack1,528Cycles,528,3,0.3,data\Stack1\EIS\528Cycles\Real_Ageing_EIS-3-0_3.xlsx,Sheet2,Cell 01,ok,0.00029841,0.0,0.00028921151334419267,0.002439761980281759,0.0027289734936259517,1.3777275706736887e-05,1.256095191576953e-05,0.0001399228632477354,-8.999910315576648e-06,0.00014488555224175374,0.00153644318792369,-0.0005871098550715327,0.0013538122513957424,results\figures\eis_fits\Stack1\Cell_01\0.3Acm2\528Cycles_condition_3_Real_Ageing_EIS-3-0_3.png
Stack1,528Cycles,528,3,0.3,data\Stack1\EIS\528Cycles\Real_Ageing_EIS-3-0_3.xlsx,Sheet3,Cell 03,ok,0.00031367,0.00018700461076716506,0.00011673055544807834,0.0025168386800893056,0.002633569235537384,1.039571606044904e-05,1.3228271239774742e-05,0.0002453698884912042,-2.1183289743302895e-06,5.8403706744073275e-05,0.001586703742046264,-0.0005526975196837728,0.0013744430812743808,results\figures\eis_fits\Stack1\Cell_03\0.3Acm2\528Cycles_condition_3_Real_Ageing_EIS-3-0_3.png
Stack1,528Cycles,528,3,0.3,data\Stack1\EIS\528Cycles\Real_Ageing_EIS-3-0_3.xlsx,Sheet4,Cell 05,ok,0.00034251,0.00020437398798450388,0.00013086292097824685,0.001977623434821864,0.002108486355800111,1.696175793787714e-05,2.003943327847764e-05,0.0002698054484736273,-3.901609494419993e-05,7.618091418744293e-05,0.0013498346347482228,-0.0003299528226621429,0.0010424094577812849,results\figures\eis_fits\Stack1\Cell_05\0.3Acm2\528Cycles_condition_3_Real_Ageing_EIS-3-0_3.png
Stack1,528Cycles,528,3,0.3,data\Stack1\EIS\528Cycles\Real_Ageing_EIS-3-0_3.xlsx,Sheet5,Cell 10,ok,0.00034409,0.00028638693769470136,7.627961027524617e-05,0.0023384556022217925,0.0024147352124970385,8.056543124784798e-06,1.2603227971156073e-05,0.00032452674283232446,-3.4748152944461254e-05,5.159533766715294e-05,0.0015231652952512739,-0.0004678762970449102,0.0012593656658123878,results\figures\eis_fits\Stack1\Cell_10\0.3Acm2\528Cycles_condition_3_Real_Ageing_EIS-3-0_3.png
Stack1,528Cycles,528,3,0.3,data\Stack1\EIS\528Cycles\Real_Ageing_EIS-3-0_3.xlsx,Sheet6,Cell 15,ok,0.00033947,0.0001980158542250767,0.0001526054116649327,0.002450204124443969,0.002602809536108902,1.2888067162186917e-05,1.658422370197459e-05,0.00027431856005754305,-3.942713279152035e-05,8.588714524022832e-05,0.0015769958323618408,-0.0004762054976675663,0.00131439976372083,results\figures\eis_fits\Stack1\Cell_15\0.3Acm2\528Cycles_condition_3_Real_Ageing_EIS-3-0_3.png
Stack1,528Cycles,528,3,0.3,data\Stack1\EIS\528Cycles\Real_Ageing_EIS-3-0_3.xlsx,Sheet7,Cell 20,ok,0.00043947,0.0003342599130501398,0.0001569151852850882,0.002363896024096631,0.002520811209381719,1.9618568444485518e-05,3.715323183183873e-06,0.00041271750569268385,2.3065013590119078e-05,8.177767846531087e-05,0.0015729630222400125,-0.00038739464297596365,0.0012438149832637647,results\figures\eis_fits\Stack1\Cell_20\0.3Acm2\528Cycles_condition_3_Real_Ageing_EIS-3-0_3.png
Stack1,528Cycles,528,3,0.3,data\Stack1\EIS\528Cycles\Real_Ageing_EIS-3-0_3.xlsx,Sheet8,Cell 22,ok,0.0004419,0.00031475328308859323,0.0003221962715423737,0.002149337387930574,0.0024715336594729473,2.4171833286352635e-05,3.835707757313123e-06,0.0004758514188597801,-5.223801836072741e-05,0.00016935589718461961,0.001458629869058286,-0.0003741546253457308,0.0011379387002192428,results\figures\eis_fits\Stack1\Cell_22\0.3Acm2\528Cycles_condition_3_Real_Ageing_EIS-3-0_3.png
Stack1,528Cycles,528,3,0.3,data\Stack1\EIS\528Cycles\Real_Ageing_EIS-3-0_3.xlsx,Sheet9,Cell 24,ok,0.00039482,0.0001452003498959532,0.00018537793335642535,0.002099443964868223,0.002284821898224648,2.3796248719659174e-05,1.6360656626259946e-05,0.0002378893165741659,9.522730532426685e-05,0.00013288899210693096,0.0014498491261372756,-0.00024427296903149537,0.001077768771028769,results\figures\eis_fits\Stack1\Cell_24\0.3Acm2\528Cycles_condition_3_Real_Ageing_EIS-3-0_3.png
Stack1,528Cycles,528,3,0.7,data\Stack1\EIS\528Cycles\Real_Ageing_EIS-3-0_7.xlsx,Sheet1,Whole Stack,ok,0.0085698,0.0,0.01573918709615697,0.04395338480787885,0.05969257190403582,0.0004907831131559159,0.0002168828963388128,0.004940154176080715,0.008307982345135655,0.007869593548078485,0.03033739312109703,-0.009693009897652097,0.024019355734352044,results\figures\eis_fits\Stack1\Whole_Stack\0.7Acm2\528Cycles_condition_3_Real_Ageing_EIS-3-0_7.png
Stack1,528Cycles,528,3,0.7,data\Stack1\EIS\528Cycles\Real_Ageing_EIS-3-0_7.xlsx,Sheet2,Cell 01,ok,0.00036845,0.0003107990964357284,7.454487020816885e-05,0.001736376974938644,0.0018109218451468128,1.233115149174963e-05,7.148490671249699e-06,0.0003480715315398128,1.874897999272269e-05,4.172240009102665e-05,0.00121609036876738,-0.0003262905366767929,0.0009274787135557875,results\figures\eis_fits\Stack1\Cell_01\0.7Acm2\528Cycles_condition_3_Real_Ageing_EIS-3-0_7.png
Stack1,528Cycles,528,3,0.7,data\Stack1\EIS\528Cycles\Real_Ageing_EIS-3-0_7.xlsx,Sheet3,Cell 03,ok,0.00032626,0.00027573738945027023,5.332169497429996e-05,0.0018756875444749452,0.0019290092394492451,6.986357048799664e-06,1.0862891096338064e-05,0.0003023982369374202,-7.38514893950874e-06,2.766480098594238e-05,0.0012726091439974755,-0.00042012592565614264,0.001027646210781241,results\figures\eis_fits\Stack1\Cell_03\0.7Acm2\528Cycles_condition_3_Real_Ageing_EIS-3-0_7.png
Stack1,528Cycles,528,3,0.7,data\Stack1\EIS\528Cycles\Real_Ageing_EIS-3-0_7.xlsx,Sheet4,Cell 05,ok,0.00041686,0.00033950990098096474,0.00019706372547271042,0.001563653971797965,0.0017607176972706754,8.706070035657316e-06,4.042923452133403e-06,0.0004380417637173199,-4.062630738766083e-06,9.861558164314355e-05,0.0011649653318548598,-0.0002627119169032212,0.0008247854188592647,results\figures\eis_fits\Stack1\Cell_05\0.7Acm2\528Cycles_condition_3_Real_Ageing_EIS-3-0_7.png
Stack1,528Cycles,528,3,0.7,data\Stack1\EIS\528Cycles\Real_Ageing_EIS-3-0_7.xlsx,Sheet5,Cell 10,ok,0.00035034,0.00030800738787590447,7.061238497381888e-05,0.00184904999315251,0.001919662378126329,1.2255243370248325e-05,1.0070777580311028e-05,0.0003433135803628139,-4.431420286445774e-05,5.665929582544258e-05,0.0012774564172283117,-0.00038925532355899565,0.0010031281953037422,results\figures\eis_fits\Stack1\Cell_10\0.7Acm2\528Cycles_condition_3_Real_Ageing_EIS-3-0_7.png
Stack1,528Cycles,528,3,0.7,data\Stack1\EIS\528Cycles\Real_Ageing_EIS-3-0_7.xlsx,Sheet6,Cell 15,ok,0.00046023,0.00034378479859742487,0.00023066794387121666,0.0017851313743173739,0.0020157993181885905,1.502599197064292e-05,4.4208551311444524e-06,0.0004591187705330332,2.200460225560075e-05,0.00011741434155532654,0.001271552796124847,-0.0003224049178213625,0.0009490091869568274,results\figures\eis_fits\Stack1\Cell_15\0.7Acm2\528Cycles_condition_3_Real_Ageing_EIS-3-0_7.png
Stack1,528Cycles,528,3,0.7,data\Stack1\EIS\528Cycles\Real_Ageing_EIS-3-0_7.xlsx,Sheet7,Cell 20,ok,0.00043364,0.0003428079891405694,0.00018769253684249577,0.001703009855891507,0.0018907023927340028,1.1944545526677005e-05,4.362676546758116e-06,0.0004366542575618173,6.271979283522799e-06,9.40556208885245e-05,0.001247221825720598,-0.00024608646588139603,0.00088635161815495,results\figures\eis_fits\Stack1\Cell_20\0.7Acm2\528Cycles_condition_3_Real_Ageing_EIS-3-0_7.png
Stack1,528Cycles,528,3,0.7,data\Stack1\EIS\528Cycles\Real_Ageing_EIS-3-0_7.xlsx,Sheet8,Cell 22,ok,0.00037185,0.00030923823166005543,9.983147818984375e-05,0.0018129527492114809,0.0019127842274013246,1.735138347277392e-05,1.0845250437305356e-05,0.0003591539707549773,-9.235608976401787e-06,5.076295383995404e-05,0.0012559971620039949,-0.00042333961913967356,0.0010004578206259825,results\figures\eis_fits\Stack1\Cell_22\0.7Acm2\528Cycles_condition_3_Real_Ageing_EIS-3-0_7.png
Stack1,528Cycles,528,3,0.7,data\Stack1\EIS\528Cycles\Real_Ageing_EIS-3-0_7.xlsx,Sheet9,Cell 24,ok,0.00037595,0.0003179027670045505,0.00011834197080179076,0.0017622678316062824,0.0018806098024080732,1.4470772008634136e-05,1.1386230656064594e-05,0.00037707375240544585,-1.69434724513298e-05,6.154905987926985e-05,0.0012354063526930897,-0.00040065439018099154,0.0009679467536749525,results\figures\eis_fits\Stack1\Cell_24\0.7Acm2\528Cycles_condition_3_Real_Ageing_EIS-3-0_7.png
Stack1,528Cycles,528,3B,0.7,data\Stack1\EIS\528Cycles\Real_Ageing_EIS-3B-0_7.xlsx,Sheet1,Whole Stack,ok,0.00855,0.0,0.03232432100091578,0.03854309112354914,0.07086741212446492,0.00024532657831309655,0.000199219661603138,0.006593495070362487,0.017024268933437125,0.01616216050045789,0.027552116456304867,-0.009766769905925662,0.021605144358111755,results\figures\eis_fits\Stack1\Whole_Stack\0.7Acm2\528Cycles_condition_3B_Real_Ageing_EIS-3B-0_7.png
Stack1,528Cycles,528,3B,0.7,data\Stack1\EIS\528Cycles\Real_Ageing_EIS-3B-0_7.xlsx,Sheet2,Cell 01,ok,0.00032578,0.000258557473699064,6.229052198532748e-05,0.001607696653845324,0.0016699871758306516,3.870688916425461e-06,9.1887391525242e-06,0.00028970273469172773,9.51602348525359e-06,3.256657773351446e-05,0.0011311310792077888,-0.00039774494978276844,0.0008968685398507743,results\figures\eis_fits\Stack1\Cell_01\0.7Acm2\528Cycles_condition_3B_Real_Ageing_EIS-3B-0_7.png
Stack1,528Cycles,528,3B,0.7,data\Stack1\EIS\528Cycles\Real_Ageing_EIS-3B-0_7.xlsx,Sheet3,Cell 03,ok,0.00034181,0.0003167565002770261,3.330356997182051e-05,0.0015476818605416837,0.0015809854305135042,5.769873395068224e-06,9.382440729137338e-06,0.00033340828526293636,-1.0544911678461959e-05,1.9709822564486713e-05,0.001116966370160256,-0.0003729346489459171,0.0008590169018982434,results\figures\eis_fits\Stack1\Cell_03\0.7Acm2\528Cycles_condition_3B_Real_Ageing_EIS-3B-0_7.png
Stack1,528Cycles,528,3B,0.7,data\Stack1\EIS\528Cycles\Real_Ageing_EIS-3B-0_7.xlsx,Sheet4,Cell 05,ok,0.00035753,0.00033922468624650223,0.00010860510458049338,0.0015527516278630146,0.001661356732443508,5.647003772588773e-06,1.0211966792619973e-05,0.0003935272385367489,-4.19664088168401e-05,6.862905109512392e-05,0.0011384249455419421,-0.00035857560736897556,0.0008551817763831501,results\figures\eis_fits\Stack1\Cell_05\0.7Acm2\528Cycles_condition_3B_Real_Ageing_EIS-3B-0_7.png
Stack1,528Cycles,528,3B,0.7,data\Stack1\EIS\528Cycles\Real_Ageing_EIS-3B-0_7.xlsx,Sheet5,Cell 10,ok,0.0003469,0.00027133524971295484,7.075571468221144e-05,0.0016646004341270794,0.0017353561488092908,8.088333073914848e-06,7.68632574525928e-06,0.00030671310705406057,-7.235511769809304e-06,3.61101844445397e-05,0.0011865637778687003,-0.0004063841975843241,0.0009262136726318988,results\figures\eis_fits\Stack1\Cell_10\0.7Acm2\528Cycles_condition_3B_Real_Ageing_EIS-3B-0_7.png
Stack1,528Cycles,528,3B,0.7,data\Stack1\EIS\528Cycles\Real_Ageing_EIS-3B-0_7.xlsx,Sheet6,Cell 15,ok,0.00041802,0.00034485997795441427,0.00013523252316963183,0.0016662385814366482,0.00180147110460628,1.0410418248003294e-05,1.2970600338777803e-05,0.0004124762395392302,2.1334529087483514e-05,7.090219292864595e-05,0.0011802563922928032,-0.00043783035138470877,0.0009411605437759602,results\figures\eis_fits\Stack1\Cell_15\0.7Acm2\528Cycles_condition_3B_Real_Ageing_EIS-3B-0_7.png
Stack1,528Cycles,528,3B,0.7,data\Stack1\EIS\528Cycles\Real_Ageing_EIS-3B-0_7.xlsx,Sheet7,Cell 20,ok,0.00043869,0.00035550799546560363,0.00024101221917338585,0.0015790133757004785,0.0018200255948738644,8.244805255222411e-06,4.9176471994260685e-06,0.00047601410505229653,-5.1080266836256825e-06,0.0001206143208094324,0.0011811632847388925,-0.0002875625502451695,0.0008402458154991078,results\figures\eis_fits\Stack1\Cell_20\0.7Acm2\528Cycles_condition_3B_Real_Ageing_EIS-3B-0_7.png
Stack1,528Cycles,528,3B,0.7,data\Stack1\EIS\528Cycles\Real_Ageing_EIS-3B-0_7.xlsx,Sheet8,Cell 22,ok,0.00040825,0.0003368263489440193,0.00017834889976308865,0.0015752858002643585,0.0017536347000274473,1.1918786892455618e-05,1.01895061437141e-05,0.00042600079882556364,-9.980521119299787e-06,8.97312281955889e-05,0.0011400070703127675,-0.0003989053893831715,0.0008828968500383099,results\figures\eis_fits\Stack1\Cell_22\0.7Acm2\528Cycles_condition_3B_Real_Ageing_EIS-3B-0_7.png
Stack1,528Cycles,528,3B,0.7,data\Stack1\EIS\528Cycles\Real_Ageing_EIS-3B-0_7.xlsx,Sheet9,Cell 24,ok,0.0007764,0.0003438929265670564,0.001574038419689973,0.002048172088637819,0.003622210508327792,7.307304979462334e-06,1.1305061732145187e-05,0.0011309121364120429,-0.0004117894002436648,0.0008882396899587768,0.0011022435867104729,-0.000922028837355532,0.0013780019604789921,results\figures\eis_fits\Stack1\Cell_24\0.7Acm2\528Cycles_condition_3B_Real_Ageing_EIS-3B-0_7.png
Stack1,528Cycles,528,4,0.3,data\Stack1\EIS\528Cycles\Real_Ageing_EIS-4-0_3.xlsx,Sheet1,Whole Stack,ok,0.012578,0.0,0.006672458537291756,0.04426918283148973,0.05094164136878149,0.0005999937489686884,5.0057887770449234e-05,0.0020933822955483843,0.009642217599778631,0.010203077279647067,0.03155887527287105,-0.0059811237005045524,0.022928453455536495,results\figures\eis_fits\Stack1\Whole_Stack\0.3Acm2\528Cycles_condition_4_Real_Ageing_EIS-4-0_3.png
Stack1,528Cycles,528,4,0.3,data\Stack1\EIS\528Cycles\Real_Ageing_EIS-4-0_3.xlsx,Sheet2,Cell 01,ok,0.00031407,0.00024793171434445144,5.358021664363872e-05,0.001646532342423841,0.0017001125590674797,1.0881852664219167e-05,2.8389885027508316e-05,0.0002747218226662708,1.930937264216287e-05,3.302365479060007e-05,0.0011635982343451998,-0.0001874760066384533,0.0008443426092096955,results\figures\eis_fits\Stack1\Cell_01\0.3Acm2\528Cycles_condition_4_Real_Ageing_EIS-4-0_3.png
Stack1,528Cycles,528,4,0.3,data\Stack1\EIS\528Cycles\Real_Ageing_EIS-4-0_3.xlsx,Sheet3,Cell 03,ok,0.00033266,0.0001690411599813598,0.00016944339540317054,0.0018925898328309646,0.002062033228234135,1.961255849231714e-05,1.7717142189106036e-05,0.00025376285768294505,-5.6423347995451986e-05,0.00010179076706879989,0.0012920798915196726,-0.0002977127835178486,0.000992021658182789,results\figures\eis_fits\Stack1\Cell_03\0.3Acm2\528Cycles_condition_4_Real_Ageing_EIS-4-0_3.png
Stack1,528Cycles,528,4,0.3,data\Stack1\EIS\528Cycles\Real_Ageing_EIS-4-0_3.xlsx,Sheet4,Cell 05,ok,0.00034749,0.00023672794037141718,0.00013594775682910536,0.0016352940684326502,0.0017712418252617556,1.9074417569214104e-05,3.1972314081484905e-05,0.00030470181878596985,-6.23637342510666e-05,9.224794575736659e-05,0.0011971866339171597,-0.00016081298977335668,0.0008333111605172452,results\figures\eis_fits\Stack1\Cell_05\0.3Acm2\528Cycles_condition_4_Real_Ageing_EIS-4-0_3.png
Stack1,528Cycles,528,4,0.3,data\Stack1\EIS\528Cycles\Real_Ageing_EIS-4-0_3.xlsx,Sheet5,Cell 10,ok,0.00033884,0.0002708544992535291,3.918614695456418e-05,0.0019384409632800914,0.0019776271102346556,1.1596069654067325e-05,1.6440741379254166e-05,0.0002904475727308112,3.806747672632028e-05,4.2813798156611975e-05,0.0013230354722184336,-0.00031871319392119625,0.0010202776298684649,results\figures\eis_fits\Stack1\Cell_10\0.3Acm2\528Cycles_condition_4_Real_Ageing_EIS-4-0_3.png
Stack1,528Cycles,528,4,0.3,data\Stack1\EIS\528Cycles\Real_Ageing_EIS-4-0_3.xlsx,Sheet6,Cell 15,ok,0.00043595,0.0003166150366339177,0.00021389541777606523,0.0020709583795997834,0.0022848537973758484,1.9994496572731928e-05,3.7419493668650843e-06,0.0004235627455219503,1.6843153520354335e-05,0.00010826589609341252,0.0014044425045675257,-0.00036005541296908126,0.0010962924121405637,results\figures\eis_fits\Stack1\Cell_15\0.3Acm2\528Cycles_condition_4_Real_Ageing_EIS-4-0_3.png
Stack1,528Cycles,528,4,0.3,data\Stack1\EIS\528Cycles\Real_Ageing_EIS-4-0_3.xlsx,Sheet7,Cell 20,ok,0.00040137,0.00031510166485063644,0.00020979759318074512,0.0019445732658379489,0.002154370859018694,1.3760268613194247e-05,8.844723921458298e-06,0.000420000461441009,-1.2181054839695851e-05,0.00010560367239407934,0.0013536544239125888,-0.0002809681046731136,0.0010120693515745442,results\figures\eis_fits\Stack1\Cell_20\0.3Acm2\528Cycles_condition_4_Real_Ageing_EIS-4-0_3.png
Stack1,528Cycles,528,4,0.3,data\Stack1\EIS\528Cycles\Real_Ageing_EIS-4-0_3.xlsx,Sheet8,Cell 22,ok,0.00041419,0.0003113689941489171,0.00019939709066519101,0.001892585349701898,0.002091982440367089,1.8007449312444447e-05,5.48690468182271e-06,0.0004110675394815126,3.1463633470177477e-06,9.974818065381972e-05,0.0013147362640027012,-0.0003249370238372318,0.0010005268092044119,results\figures\eis_fits\Stack1\Cell_22\0.3Acm2\528Cycles_condition_4_Real_Ageing_EIS-4-0_3.png
Stack1,528Cycles,528,4,0.3,data\Stack1\EIS\528Cycles\Real_Ageing_EIS-4-0_3.xlsx,Sheet9,Cell 24,ok,0.00046845,0.000307966291452922,0.00031429004451121573,0.0015494157587733245,0.0018637058032845402,2.964557725863529e-05,2.7154870351985657e-05,0.00046511131370852984,-1.4710713055589487e-05,0.00015783207246412048,0.001250606073996139,-8.865674012070251e-06,0.0007747586066378789,results\figures\eis_fits\Stack1\Cell_24\0.3Acm2\528Cycles_condition_4_Real_Ageing_EIS-4-0_3.png
Stack1,528Cycles,528,4,0.7,data\Stack1\EIS\528Cycles\Real_Ageing_EIS-4-0_7.xlsx,Sheet1,Whole Stack,ok,0.0080592,0.0,0.019970329076248378,0.04563655477449147,0.06560688385073984,0.0003906164634457825,0.00019196069246118485,0.005382756494675749,0.010684153653587861,0.009985164538124189,0.030650824916837845,-0.01142563893944457,0.0255189930854617,results\figures\eis_fits\Stack1\Whole_Stack\0.7Acm2\528Cycles_condition_4_Real_Ageing_EIS-4-0_7.png
Stack1,528Cycles,528,4,0.7,data\Stack1\EIS\528Cycles\Real_Ageing_EIS-4-0_7.xlsx,Sheet2,Cell 01,ok,0.00036717,0.00029328224591282967,0.00017361786554338717,0.0015853849527736339,0.001759002818317021,9.258020471122268e-06,5.1020763375518545e-06,0.0003800911786845233,-7.215253536814819e-06,8.71082699435647e-05,0.0011232737717272873,-0.00032380794364460604,0.0008562785449184236,results\figures\eis_fits\Stack1\Cell_01\0.7Acm2\528Cycles_condition_4_Real_Ageing_EIS-4-0_7.png
Stack1,528Cycles,528,4,0.7,data\Stack1\EIS\528Cycles\Real_Ageing_EIS-4-0_7.xlsx,Sheet3,Cell 03,ok,0.00037807,0.0003120619438938811,0.00014106783253193582,0.0017850437586973405,0.0019261115912292764,8.980792416141643e-06,6.724316397949344e-06,0.000382595860159849,3.177326431526365e-06,7.060544417441935e-05,0.001232825444074498,-0.00037443535467114716,0.0009678828131255302,results\figures\eis_fits\Stack1\Cell_03\0.7Acm2\528Cycles_condition_4_Real_Ageing_EIS-4-0_7.png
Stack1,528Cycles,528,4,0.7,data\Stack1\EIS\528Cycles\Real_Ageing_EIS-4-0_7.xlsx,Sheet4,Cell 05,ok,0.00039567,0.00032625343917779513,0.0001541352395833991,0.001632528113356265,0.001786663352939664,1.0647173947497814e-05,5.034876662719213e-06,0.00040332105896949465,4.746803680894937e-07,7.706908162038659e-05,0.0011721932073651172,-0.0003402005770396428,0.0008843208935916573,results\figures\eis_fits\Stack1\Cell_05\0.7Acm2\528Cycles_condition_4_Real_Ageing_EIS-4-0_7.png
Stack1,528Cycles,528,4,0.7,data\Stack1\EIS\528Cycles\Real_Ageing_EIS-4-0_7.xlsx,Sheet5,Cell 10,ok,0.00032597,0.00021550946244529258,0.0001019532529304998,0.0019137153994881841,0.002015668652418684,8.898877182240923e-06,8.099798632308995e-06,0.00026648608891054247,-1.8915834058385672e-05,5.437301926417182e-05,0.001289656475765515,-0.0004548116646251399,0.001059448114745902,results\figures\eis_fits\Stack1\Cell_10\0.7Acm2\528Cycles_condition_4_Real_Ageing_EIS-4-0_7.png
Stack1,528Cycles,528,4,0.7,data\Stack1\EIS\528Cycles\Real_Ageing_EIS-4-0_7.xlsx,Sheet6,Cell 15,ok,0.00040315,0.00032143220867535,0.00022479658853938873,0.0019256981750001992,0.002150494763539588,1.1331495077297213e-05,6.274432413910854e-06,0.0004338305029450444,-3.899252826944012e-06,0.00011246590917849391,0.0013121698421079595,-0.0004167523738124112,0.0010491715333433586,results\figures\eis_fits\Stack1\Cell_15\0.7Acm2\528Cycles_condition_4_Real_Ageing_EIS-4-0_7.png
Stack1,528Cycles,528,4,0.7,data\Stack1\EIS\528Cycles\Real_Ageing_EIS-4-0_7.xlsx,Sheet7,Cell 20,ok,0.00044494,0.0003322433416606299,0.00017460573876726875,0.0016898559756188432,0.0018644617143861119,1.8294273629534448e-05,2.0846850357890867e-06,0.00041954621104426423,2.509256928766666e-05,9.083737136262958e-05,0.001226553017428365,-0.00025410152513830053,0.0008823099736834489,results\figures\eis_fits\Stack1\Cell_20\0.7Acm2\528Cycles_condition_4_Real_Ageing_EIS-4-0_7.png
Stack1,528Cycles,528,4,0.7,data\Stack1\EIS\528Cycles\Real_Ageing_EIS-4-0_7.xlsx,Sheet8,Cell 22,ok,0.00041737,0.00031938357360562525,0.00040618818011958313,0.0018626460293478895,0.002268834209467473,6.911105904402458e-06,1.5640758876482934e-05,0.0005224776636654168,-5.9559164107865626e-05,0.00021164712009957138,0.0012763840824008444,-0.0004453333404957128,0.0010323198834752895,results\figures\eis_fits\Stack1\Cell_22\0.7Acm2\528Cycles_condition_4_Real_Ageing_EIS-4-0_7.png
Stack1,528Cycles,528,4,0.7,data\Stack1\EIS\528Cycles\Real_Ageing_EIS-4-0_7.xlsx,Sheet9,Cell 24,ok,0.00036361,0.0003011198599426338,0.00011178801729414582,0.0019695538944958695,0.0020813419117900155,1.739118271574359e-05,1.2128552668116214e-05,0.0003570138685897067,-2.044635999456377e-05,5.951633254549846e-05,0.0013184745750022362,-0.0005190661422816822,0.0011132004742606559,results\figures\eis_fits\Stack1\Cell_24\0.7Acm2\528Cycles_condition_4_Real_Ageing_EIS-4-0_7.png
Stack1,528Cycles,528,5,0.3,data\Stack1\EIS\528Cycles\Real_Ageing_EIS-5-0_3.xlsx,Sheet1,Whole Stack,ok,0.011967,0.0008266731603920894,0.005023509654663863,0.05379600798357217,0.05881951763823603,0.0004103191393254118,5.301181234267627e-05,0.0033384279877240208,0.008169285982821772,0.008546703796303786,0.03668826816732081,-0.006975338934265657,0.027787730601652638,results\figures\eis_fits\Stack1\Whole_Stack\0.3Acm2\528Cycles_condition_5_Real_Ageing_EIS-5-0_3.png
Stack1,528Cycles,528,5,0.3,data\Stack1\EIS\528Cycles\Real_Ageing_EIS-5-0_3.xlsx,Sheet2,Cell 01,ok,0.00033192,0.00019165118831314956,0.00014054718898420828,0.0024617207659914085,0.002602267954975617,1.833022629017387e-05,1.5995775548547365e-05,0.0002619247828052537,-1.531507008022195e-05,7.192308012316213e-05,0.0015775197135206246,-0.0004018510387575837,0.0012947978760327345,results\figures\eis_fits\Stack1\Cell_01\0.3Acm2\528Cycles_condition_5_Real_Ageing_EIS-5-0_3.png
Stack1,528Cycles,528,5,0.3,data\Stack1\EIS\528Cycles\Real_Ageing_EIS-5-0_3.xlsx,Sheet3,Cell 03,ok,0.0003519,0.00018744711150375838,0.00014589217413500086,0.002455787489364548,0.002601679663499549,1.2954471792945674e-05,1.1323588984263545e-05,0.0002603931985712588,3.6998002578146356e-05,8.179232123635982e-05,0.0015839504399289945,-0.00042459444248851814,0.0012992318841615583,results\figures\eis_fits\Stack1\Cell_03\0.3Acm2\528Cycles_condition_5_Real_Ageing_EIS-5-0_3.png
Stack1,528Cycles,528,5,0.3,data\Stack1\EIS\528Cycles\Real_Ageing_EIS-5-0_3.xlsx,Sheet4,Cell 05,ok,0.00036061,0.00029894907659239276,3.62223672710408e-05,0.002254893806173803,0.0022911161734448437,7.730527509037852e-06,1.700740677459747e-05,0.00031706026022791314,3.084362665754494e-05,3.5767922473489554e-05,0.0015047409019662119,-0.0003209830764093169,0.001172248546436051,results\figures\eis_fits\Stack1\Cell_05\0.3Acm2\528Cycles_condition_5_Real_Ageing_EIS-5-0_3.png
Stack1,528Cycles,528,5,0.3,data\Stack1\EIS\528Cycles\Real_Ageing_EIS-5-0_3.xlsx,Sheet5,Cell 10,ok,0.00033975,0.0002777728991232187,0.00011632484947521992,0.002822383433253104,0.0029387082827283238,1.9142127810629617e-05,1.1904667206887085e-05,0.00033593532386082866,-8.430086922206645e-05,0.00010241828060924521,0.0017641977287451236,-0.0005826904092087066,0.0015267580600930863,results\figures\eis_fits\Stack1\Cell_10\0.3Acm2\528Cycles_condition_5_Real_Ageing_EIS-5-0_3.png
Stack1,528Cycles,528,5,0.3,data\Stack1\EIS\528Cycles\Real_Ageing_EIS-5-0_3.xlsx,Sheet6,Cell 15,ok,0.0003798,0.0003157447084464422,0.00027981321739591313,0.0024327840521673498,0.002712597269563263,1.33409765894046e-05,1.742304444720089e-05,0.00045565131714439875,-5.899359370871487e-05,0.00015183577725961711,0.0016008296350291172,-0.00035446694736509447,0.0012669871261754306,results\figures\eis_fits\Stack1\Cell_15\0.3Acm2\528Cycles_condition_5_Real_Ageing_EIS-5-0_3.png
Stack1,528Cycles,528,5,0.3,data\Stack1\EIS\528Cycles\Real_Ageing_EIS-5-0_3.xlsx,Sheet7,Cell 20,ok,0.00036641,0.00010689984437031783,0.0002435312308803637,0.002307437595806313,0.002550968826686677,1.81455793379287e-05,2.0115987224095444e-05,0.00022866545981049967,4.088138426027013e-06,0.00012183422335007766,0.0015420031307345154,-0.00029580079101908404,0.0011910353364206372,results\figures\eis_fits\Stack1\Cell_20\0.3Acm2\528Cycles_condition_5_Real_Ageing_EIS-5-0_3.png
Stack1,528Cycles,528,5,0.3,data\Stack1\EIS\528Cycles\Real_Ageing_EIS-5-0_3.xlsx,Sheet8,Cell 22,ok,0.00036453,0.00026524292500177467,0.00014098653036150827,0.0018114644771906135,0.0019524510075521217,2.357187339360902e-05,3.131571893789027e-05,0.0003357361901825288,-6.894236972968134e-05,9.86019816220151e-05,0.0012990017292524839,-0.0001753908296615427,0.0009225577657579118,results\figures\eis_fits\Stack1\Cell_22\0.3Acm2\528Cycles_condition_5_Real_Ageing_EIS-5-0_3.png
Stack1,528Cycles,528,5,0.3,data\Stack1\EIS\528Cycles\Real_Ageing_EIS-5-0_3.xlsx,Sheet9,Cell 24,ok,0.00045607,0.0003263697623026471,0.0002949958860927567,0.0019184063194294778,0.0022134022055222344,2.156599163601918e-05,1.4231159780173668e-05,0.00047386770534902544,-2.607573066082126e-05,0.00014978513588606972,0.0013977653713661557,-0.0001730329216955294,0.0009746851253595851,results\figures\eis_fits\Stack1\Cell_24\0.3Acm2\528Cycles_condition_5_Real_Ageing_EIS-5-0_3.png
Stack1,528Cycles,528,5,0.7,data\Stack1\EIS\528Cycles\Real_Ageing_EIS-5-0_7.xlsx,Sheet1,Whole Stack,ok,0.0084412,0.0,0.02030184434732679,0.04992005095484105,0.07022189530216784,0.00038936606018759936,0.0002801891765425704,0.005720921459564752,0.010806606203588837,0.010150922173663394,0.03343249528242024,-0.010313715150111868,0.02700695451233124,results\figures\eis_fits\Stack1\Whole_Stack\0.7Acm2\528Cycles_condition_5_Real_Ageing_EIS-5-0_7.png
Stack1,528Cycles,528,5,0.7,data\Stack1\EIS\528Cycles\Real_Ageing_EIS-5-0_7.xlsx,Sheet2,Cell 01,ok,0.00039078,0.00032290925960453375,0.00011108372581489468,0.0017811892974026185,0.001892273023217513,1.0310538693468372e-05,7.705166948661404e-06,0.0003784511225119811,2.0949897381038858e-05,5.9361576255232086e-05,0.0012691708774929386,-0.00022848357511676327,0.0009194365515866476,results\figures\eis_fits\Stack1\Cell_01\0.7Acm2\528Cycles_condition_5_Real_Ageing_EIS-5-0_7.png
Stack1,528Cycles,528,5,0.7,data\Stack1\EIS\528Cycles\Real_Ageing_EIS-5-0_7.xlsx,Sheet3,Cell 03,ok,0.00042328,0.0003300579719348677,0.00022618771398641216,0.001761607592336813,0.001987795306323225,8.899665087604638e-06,2.777483646523811e-06,0.0004431518289280738,-4.94793485367102e-06,0.0001132020430421462,0.001267506290644414,-0.00023411915856729279,0.0009113874630215916,results\figures\eis_fits\Stack1\Cell_03\0.7Acm2\528Cycles_condition_5_Real_Ageing_EIS-5-0_7.png
Stack1,528Cycles,528,5,0.7,data\Stack1\EIS\528Cycles\Real_Ageing_EIS-5-0_7.xlsx,Sheet4,Cell 05,ok,0.00042387,0.0003442470711524237,0.00022298528625182274,0.0017285204555717972,0.00195150574182362,7.785571299965928e-06,4.1486591069959205e-06,0.00045573971427833503,-6.9117759346182855e-06,0.00011170667893090457,0.0012589538589391665,-0.0002445881107693049,0.0008982032538697636,results\figures\eis_fits\Stack1\Cell_05\0.7Acm2\528Cycles_condition_5_Real_Ageing_EIS-5-0_7.png
Stack1,528Cycles,528,5,0.7,data\Stack1\EIS\528Cycles\Real_Ageing_EIS-5-0_7.xlsx,Sheet5,Cell 10,ok,0.00034209,0.00015102291013661923,0.00018769882819624444,0.0024022320032537907,0.002589930831450035,2.685063164330877e-06,1.0225911813685599e-05,0.00024487232423474147,-2.1801139827795873e-06,9.387473261500527e-05,0.001552069769693962,-0.0005388418471860029,0.0013164460435745188,results\figures\eis_fits\Stack1\Cell_10\0.7Acm2\528Cycles_condition_5_Real_Ageing_EIS-5-0_7.png
Stack1,528Cycles,528,5,0.7,data\Stack1\EIS\528Cycles\Real_Ageing_EIS-5-0_7.xlsx,Sheet6,Cell 15,ok,0.00041072,0.0003340623255633804,0.00013731078625778633,0.001987415973117643,0.0021247267593754292,1.2498547543059737e-05,7.0878584095699945e-06,0.0004027177186922736,1.7811546053282414e-05,7.092823259105694e-05,0.0013728589592624752,-0.00032886605536952134,0.001046713162678819,results\figures\eis_fits\Stack1\Cell_15\0.7Acm2\528Cycles_condition_5_Real_Ageing_EIS-5-0_7.png
Stack1,528Cycles,528,5,0.7,data\Stack1\EIS\528Cycles\Real_Ageing_EIS-5-0_7.xlsx,Sheet7,Cell 20,ok,0.0004385,0.00034245773639671835,0.00022366854966846182,0.002005230456320263,0.002228899005988725,1.1366716094536832e-05,4.166577034891317e-06,0.00045429201123094924,-5.9336589007985895e-06,0.00011199157707456984,0.0014058306048236055,-0.00026352115564522985,0.0010366680737879362,results\figures\eis_fits\Stack1\Cell_20\0.7Acm2\528Cycles_condition_5_Real_Ageing_EIS-5-0_7.png
Stack1,528Cycles,528,5,0.7,data\Stack1\EIS\528Cycles\Real_Ageing_EIS-5-0_7.xlsx,Sheet8,Cell 22,ok,0.00047219,0.00033287244417595264,0.0005594166099882733,0.001702195779280811,0.0022616123892690845,7.64405908459364e-06,2.421517628183317e-06,0.0006125807491700893,-0.00010053276278244576,0.0002972264663103952,0.0012563174487176037,-0.00022461490095098782,0.0008802383038016318,results\figures\eis_fits\Stack1\Cell_22\0.7Acm2\528Cycles_condition_5_Real_Ageing_EIS-5-0_7.png
Stack1,528Cycles,528,5,0.7,data\Stack1\EIS\528Cycles\Real_Ageing_EIS-5-0_7.xlsx,Sheet9,Cell 24,ok,0.00045157,0.000342509455389132,0.0003095857055079649,0.0016824882338298422,0.001992073939337807,1.0017638074582982e-05,3.7177938978304603e-06,0.0004973023081431145,-2.4450071556437673e-05,0.00015671194358705086,0.0012464334399498248,-0.00023956141096454452,0.0008746892784682391,results\figures\eis_fits\Stack1\Cell_24\0.7Acm2\528Cycles_condition_5_Real_Ageing_EIS-5-0_7.png
Stack1,528Cycles,528,6,0.3,data\Stack1\EIS\528Cycles\Real_Ageing_EIS-6-0_3.xlsx,Sheet1,Whole Stack,ok,0.012289,0.0009335134801882572,0.004727599427113201,0.040550012180255515,0.04527761160736871,0.0005463513560962481,4.9469594651296943e-05,0.0032973131937448575,0.008200237288418115,0.008534133856002796,0.030016372571566422,-0.005088617095364171,0.0209038249107179,results\figures\eis_fits\Stack1\Whole_Stack\0.3Acm2\528Cycles_condition_6_Real_Ageing_EIS-6-0_3.png
Stack1,528Cycles,528,6,0.3,data\Stack1\EIS\528Cycles\Real_Ageing_EIS-6-0_3.xlsx,Sheet2,Cell 01,ok,0.00033079,0.0002453480559542863,9.76520349065986e-05,0.0016146845049056814,0.00171233653981228,1.1921750515268593e-05,1.8136883030276775e-05,0.0002941740734075856,-1.498217469694281e-05,5.107294331639407e-05,0.0011525249005986267,-0.00024912495432981074,0.0008449051754282587,results\figures\eis_fits\Stack1\Cell_01\0.3Acm2\528Cycles_condition_6_Real_Ageing_EIS-6-0_3.png
Stack1,528Cycles,528,6,0.3,data\Stack1\EIS\528Cycles\Real_Ageing_EIS-6-0_3.xlsx,Sheet3,Cell 03,ok,0.00031832,0.00015823394922309322,0.00015102103126382878,0.0020024381698066107,0.0021534592010704393,1.3053962345788472e-05,1.1398964066255189e-05,0.0002337444648550076,9.071254289412948e-06,7.605343927384732e-05,0.0013272140947546765,-0.0004363050446249794,0.001092154635543803,results\figures\eis_fits\Stack1\Cell_03\0.3Acm2\528Cycles_condition_6_Real_Ageing_EIS-6-0_3.png
Stack1,528Cycles,528,6,0.3,data\Stack1\EIS\528Cycles\Real_Ageing_EIS-6-0_3.xlsx,Sheet4,Cell 05,ok,0.00032836,0.00017408140870224737,0.00015464952413717664,0.0019479167953659966,0.002102566319503173,7.591999092882032e-06,1.1149368674651215e-05,0.0002514061707708357,-3.410140463386544e-05,8.45105000989014e-05,0.0013137229094904582,-0.0004289811096319142,0.001064246095993902,results\figures\eis_fits\Stack1\Cell_05\0.3Acm2\528Cycles_condition_6_Real_Ageing_EIS-6-0_3.png
Stack1,528Cycles,528,6,0.3,data\Stack1\EIS\528Cycles\Real_Ageing_EIS-6-0_3.xlsx,Sheet5,Cell 10,ok,0.00032139,0.0001571498935065959,0.00015793828504051595,0.0019274199247977888,0.0020853582098383045,2.0904144982821323e-05,1.8050607770520148e-05,0.00023611903602685386,-1.5918514206971283e-05,8.055758539667362e-05,0.0013108142580342268,-0.00037779957754523213,0.001035118066898764,results\figures\eis_fits\Stack1\Cell_10\0.3Acm2\528Cycles_condition_6_Real_Ageing_EIS-6-0_3.png
Stack1,528Cycles,528,6,0.3,data\Stack1\EIS\528Cycles\Real_Ageing_EIS-6-0_3.xlsx,Sheet6,Cell 15,ok,0.00049045,0.0003398946249497936,0.00022270921453860736,0.0018456410995181494,0.0020683503140567568,2.2556466974040412e-05,3.842523905160195e-06,0.0004512492322190973,4.524536165907549e-05,0.00012019563765695242,0.0013226293923899765,-0.00026335019115660485,0.0009596619666527694,results\figures\eis_fits\Stack1\Cell_15\0.3Acm2\528Cycles_condition_6_Real_Ageing_EIS-6-0_3.png
Stack1,528Cycles,528,6,0.3,data\Stack1\EIS\528Cycles\Real_Ageing_EIS-6-0_3.xlsx,Sheet7,Cell 20,ok,0.00046935,0.0003264116079663086,0.000281230099810154,0.001472485842363569,0.001753715942173723,2.1438112262381256e-05,1.977451105350234e-05,0.0004670266578713856,3.979484729681631e-06,0.0001406713494586622,0.0012042559772143394,-4.36575942321057e-05,0.0007375361852305435,results\figures\eis_fits\Stack1\Cell_20\0.3Acm2\528Cycles_condition_6_Real_Ageing_EIS-6-0_3.png
Stack1,528Cycles,528,6,0.3,data\Stack1\EIS\528Cycles\Real_Ageing_EIS-6-0_3.xlsx,Sheet8,Cell 22,ok,0.00033915,0.00023759701939166062,0.0001051398102178483,0.0017185414475880693,0.0018236812578059176,1.3552248504106346e-05,2.4418981922841667e-05,0.00029016692450058477,-2.5050958496824827e-05,5.8233542265355364e-05,0.0012222789647007672,-0.0002646825771892199,0.0008991123641887323,results\figures\eis_fits\Stack1\Cell_22\0.3Acm2\528Cycles_condition_6_Real_Ageing_EIS-6-0_3.png
Stack1,528Cycles,528,6,0.3,data\Stack1\EIS\528Cycles\Real_Ageing_EIS-6-0_3.xlsx,Sheet9,Cell 24,ok,0.00049106,0.0003281515565235813,0.0003231466884642026,0.0012383105202890166,0.0015614572087532192,2.3129208393495817e-05,3.646699468644885e-05,0.0004897249007556826,2.551002823951441e-07,0.00016157354561468031,0.0011433571772964542,5.3959530138925986e-05,0.0006215021054328194,results\figures\eis_fits\Stack1\Cell_24\0.3Acm2\528Cycles_condition_6_Real_Ageing_EIS-6-0_3.png
Stack1,528Cycles,528,6,0.7,data\Stack1\EIS\528Cycles\Real_Ageing_EIS-6-0_7.xlsx,Sheet1,Whole Stack,ok,0.0081632,0.0,0.021554373538805006,0.04742488061609406,0.06897925415489907,0.00037267925402638126,0.0002719107212295356,0.005655196282988518,0.011502668271647743,0.010777186769402503,0.03151322539953704,-0.013968732703330591,0.027520997778056503,results\figures\eis_fits\Stack1\Whole_Stack\0.7Acm2\528Cycles_condition_6_Real_Ageing_EIS-6-0_7.png
Stack1,528Cycles,528,6,0.7,data\Stack1\EIS\528Cycles\Real_Ageing_EIS-6-0_7.xlsx,Sheet2,Cell 01,ok,0.00034812,0.0003012437174698294,6.802176115603098e-05,0.0017417053251747605,0.0018097270863307914,1.0850206558349656e-05,1.0763762512301501e-05,0.0003352545980478449,1.1845915119260925e-05,3.601479838489681e-05,0.0011881155016499063,-0.0004776975769963241,0.0009932670008631558,results\figures\eis_fits\Stack1\Cell_01\0.7Acm2\528Cycles_condition_6_Real_Ageing_EIS-6-0_7.png
Stack1,528Cycles,528,6,0.7,data\Stack1\EIS\528Cycles\Real_Ageing_EIS-6-0_7.xlsx,Sheet3,Cell 03,ok,0.00032729,0.0002487508290751118,7.426393743209797e-05,0.0018469464195355494,0.0019212103569676475,6.726622229385771e-06,8.436020275839496e-06,0.00028588279779116077,2.8291294774786984e-06,3.723959014718045e-05,0.001249328484408313,-0.0004840796425537573,0.0010426580788991998,results\figures\eis_fits\Stack1\Cell_03\0.7Acm2\528Cycles_condition_6_Real_Ageing_EIS-6-0_7.png
Stack1,528Cycles,528,6,0.7,data\Stack1\EIS\528Cycles\Real_Ageing_EIS-6-0_7.xlsx,Sheet4,Cell 05,ok,0.00035801,0.00032654817425190584,8.152499356456176e-05,0.0016668484921502026,0.0017483734857147643,7.862647422260773e-06,8.751404521873609e-06,0.00036731067103418675,-5.114453761765077e-06,4.1082098062376176e-05,0.0011723782282063039,-0.0004607925757797965,0.0009523265048499021,results\figures\eis_fits\Stack1\Cell_05\0.7Acm2\528Cycles_condition_6_Real_Ageing_EIS-6-0_7.png
Stack1,528Cycles,528,6,0.7,data\Stack1\EIS\528Cycles\Real_Ageing_EIS-6-0_7.xlsx,Sheet5,Cell 10,ok,0.00033106,0.0002816840075092548,4.377162138124427e-05,0.0017588034600494959,0.00180257508143074,5.721030925968884e-06,7.662865725737834e-06,0.00030356981819987694,5.142650486251803e-06,2.248189412859815e-05,0.0012173711928543762,-0.00045409321938632473,0.0009897212004717068,results\figures\eis_fits\Stack1\Cell_10\0.7Acm2\528Cycles_condition_6_Real_Ageing_EIS-6-0_7.png
Stack1,528Cycles,528,6,0.7,data\Stack1\EIS\528Cycles\Real_Ageing_EIS-6-0_7.xlsx,Sheet6,Cell 15,ok,0.00039969,0.00033141639315615993,0.00019817813932616516,0.002093421208879229,0.002291599348205394,8.546511659921122e-06,1.788077989616991e-05,0.0004305054628192425,5.840600632333427e-06,9.9261051487689e-05,0.0013900459420803915,-0.0005550416189409571,0.0011847676093660485,results\figures\eis_fits\Stack1\Cell_15\0.7Acm2\528Cycles_condition_6_Real_Ageing_EIS-6-0_7.png
Stack1,528Cycles,528,6,0.7,data\Stack1\EIS\528Cycles\Real_Ageing_EIS-6-0_7.xlsx,Sheet7,Cell 20,ok,0.00038665,0.00033349804676614797,0.00012769130196340866,0.001798112461621186,0.0019258037635845947,8.960236078697134e-06,7.601762382517568e-06,0.0003973436977478523,5.251525495692846e-06,6.406126496807189e-05,0.0012612854863151555,-0.00038022351007277764,0.0009761516397422145,results\figures\eis_fits\Stack1\Cell_20\0.7Acm2\528Cycles_condition_6_Real_Ageing_EIS-6-0_7.png
Stack1,528Cycles,528,6,0.7,data\Stack1\EIS\528Cycles\Real_Ageing_EIS-6-0_7.xlsx,Sheet8,Cell 22,ok,0.00032697,0.00027854925331120085,4.388989892479285e-05,0.0018124972166278393,0.001856387115552632,8.014736284483989e-06,1.5725774533987364e-05,0.0003004942027735973,-2.096902501239461e-05,3.0352608073731718e-05,0.0012418617625915096,-0.0004749064472743285,0.001023143525480976,results\figures\eis_fits\Stack1\Cell_22\0.7Acm2\528Cycles_condition_6_Real_Ageing_EIS-6-0_7.png
Stack1,528Cycles,528,6,0.7,data\Stack1\EIS\528Cycles\Real_Ageing_EIS-6-0_7.xlsx,Sheet9,Cell 24,ok,0.00032497,0.00027113751478597607,4.2383321878533434e-05,0.0017649746906511006,0.001807358012529634,4.107958402813675e-06,1.168416673863801e-05,0.0002923291757252428,-2.3008746211649835e-05,3.128080714426904e-05,0.0012149499558351518,-0.0005086698905613544,0.001018591661179021,results\figures\eis_fits\Stack1\Cell_24\0.7Acm2\528Cycles_condition_6_Real_Ageing_EIS-6-0_7.png
Stack1,528Cycles,528,6,1.0,data\Stack1\EIS\528Cycles\Real_Ageing_EIS-6-1_0.xlsx,Sheet1,Whole Stack,ok,0.0084512,0.0,0.01959201238255991,0.06377234531619612,0.08336435769875603,0.00042784546251293864,0.00016243774572219393,0.005921283272997633,0.010455856550934345,0.009796006191279955,0.0398647695993821,-0.020738122312974012,0.03803679434245098,results\figures\eis_fits\Stack1\Whole_Stack\1Acm2\528Cycles_condition_6_Real_Ageing_EIS-6-1_0.png
Stack1,528Cycles,528,6,1.0,data\Stack1\EIS\528Cycles\Real_Ageing_EIS-6-1_0.xlsx,Sheet2,Cell 01,ok,0.00038475,0.00031957636060457004,0.0001520354936865209,0.002164433668691493,0.002316469162378014,6.30204009402182e-06,5.858338222757543e-06,0.0003955941074478305,5.964935606135699e-06,7.625141501579744e-05,0.0014177665669575458,-0.0006097528496020473,0.0012421722159745587,results\figures\eis_fits\Stack1\Cell_01\1Acm2\528Cycles_condition_6_Real_Ageing_EIS-6-1_0.png
Stack1,528Cycles,528,6,1.0,data\Stack1\EIS\528Cycles\Real_Ageing_EIS-6-1_0.xlsx,Sheet3,Cell 03,ok,0.00033781,0.00028679038960856143,4.9693458482763595e-05,0.0027266380034389106,0.002776331461921674,6.058609458888258e-06,6.75716001594354e-06,0.00031163711884994326,-3.6381970103397853e-07,2.484939272435843e-05,0.0016942129676250101,-0.0008527930688256952,0.0016080717392848115,results\figures\eis_fits\Stack1\Cell_03\1Acm2\528Cycles_condition_6_Real_Ageing_EIS-6-1_0.png
Stack1,528Cycles,528,6,1.0,data\Stack1\EIS\528Cycles\Real_Ageing_EIS-6-1_0.xlsx,Sheet4,Cell 05,ok,0.00041256,0.0003475529255582888,0.00020209902344709037,0.0020865212580631113,0.0022886202815102018,6.7684391782023315e-06,5.735474931423124e-06,0.000448602437281834,-1.0301223474899044e-05,0.00010157322001712217,0.0014034743336931832,-0.0005897436986329452,0.001198411602983125,results\figures\eis_fits\Stack1\Cell_05\1Acm2\528Cycles_condition_6_Real_Ageing_EIS-6-1_0.png
Stack1,528Cycles,528,6,1.0,data\Stack1\EIS\528Cycles\Real_Ageing_EIS-6-1_0.xlsx,Sheet5,Cell 10,ok,0.00035119,0.00034107632475496765,1.4180163128506125e-05,0.0023171900508983847,0.002331370214026891,1.0073864004100105e-05,6.631901195617397e-06,0.00034816640631922074,-3.98652388430567e-05,4.0490820251036134e-05,0.0015065890530365658,-0.0006611440198670815,0.0013339617115950585,results\figures\eis_fits\Stack1\Cell_10\1Acm2\528Cycles_condition_6_Real_Ageing_EIS-6-1_0.png
Stack1,528Cycles,528,6,1.0,data\Stack1\EIS\528Cycles\Real_Ageing_EIS-6-1_0.xlsx,Sheet6,Cell 15,ok,0.00041786,0.000338940442227011,0.00015695814633658351,0.0027792377597089827,0.002936195906045566,8.194050914990133e-06,9.0112633829725e-06,0.00041741951539530275,1.558333210243461e-05,8.001128148435606e-05,0.0017342736873874958,-0.000840241126538145,0.0016238983287060007,results\figures\eis_fits\Stack1\Cell_15\1Acm2\528Cycles_condition_6_Real_Ageing_EIS-6-1_0.png
Stack1,528Cycles,528,6,1.0,data\Stack1\EIS\528Cycles\Real_Ageing_EIS-6-1_0.xlsx,Sheet7,Cell 20,ok,0.00041239,0.0003440670054886555,0.00015567198694786075,0.0022205370408831405,0.002376209027831001,8.413266655243099e-06,5.3495261340974794e-06,0.0004219029989625859,5.080029265357762e-06,7.800159342866416e-05,0.0014843008403427154,-0.0005151303960930959,0.0012239507802450813,results\figures\eis_fits\Stack1\Cell_20\1Acm2\528Cycles_condition_6_Real_Ageing_EIS-6-1_0.png
Stack1,528Cycles,528,6,1.0,data\Stack1\EIS\528Cycles\Real_Ageing_EIS-6-1_0.xlsx,Sheet8,Cell 22,ok,0.00036952,0.00033117455100285987,0.00014092338699307294,0.0022862826173268456,0.0024272060043199184,6.5102911827786805e-06,1.0809372818676736e-05,0.00040163624449939634,-1.550010469811343e-05,7.21464032093931e-05,0.0014890024606134707,-0.0006562914593836439,0.0013181390409333288,results\figures\eis_fits\Stack1\Cell_22\1Acm2\528Cycles_condition_6_Real_Ageing_EIS-6-1_0.png
Stack1,528Cycles,528,6,1.0,data\Stack1\EIS\528Cycles\Real_Ageing_EIS-6-1_0.xlsx,Sheet9,Cell 24,ok,0.00035333,0.00033102049422883577,8.318685087375608e-05,0.002836666724500413,0.0029198535753741693,1.1621956986860426e-05,7.909534618635704e-06,0.0003726139196657138,-4.359953950714389e-05,6.02572226775192e-05,0.0017538947690127634,-0.0009439185844671974,0.0017037170600115892,results\figures\eis_fits\Stack1\Cell_24\1Acm2\528Cycles_condition_6_Real_Ageing_EIS-6-1_0.png
Stack1,528Cycles,528,7,0.3,data\Stack1\EIS\528Cycles\Real_Ageing_EIS-7-0_3.xlsx,Sheet1,Whole Stack,ok,0.0075665,0.0,0.009344173155150824,0.04255219487532505,0.05189636803047587,0.00074151222235723,0.00032140281802353165,0.0023160224570580867,-0.005088042217235525,0.00690771790048865,0.029236590468506907,-0.009830138574750909,0.023437234192107987,results\figures\eis_fits\Stack1\Whole_Stack\0.3Acm2\528Cycles_condition_7_Real_Ageing_EIS-7-0_3.png
Stack1,528Cycles,528,7,0.3,data\Stack1\EIS\528Cycles\Real_Ageing_EIS-7-0_3.xlsx,Sheet2,Cell 01,ok,0.00043822,0.0003052808411555798,0.0003653405924661121,0.0015113206753320186,0.0018766612677981308,1.7307565770077013e-05,2.8863352380993544e-06,0.00048795113738863587,-4.320526376070108e-05,0.00018771023398446928,0.0011324412546202078,-0.00020527042926469166,0.0007830443761703534,results\figures\eis_fits\Stack1\Cell_01\0.3Acm2\528Cycles_condition_7_Real_Ageing_EIS-7-0_3.png
Stack1,528Cycles,528,7,0.3,data\Stack1\EIS\528Cycles\Real_Ageing_EIS-7-0_3.xlsx,Sheet3,Cell 03,ok,0.00034229,0.0002594997044829859,7.805219895543473e-05,0.0015686305263873073,0.001646682725342742,1.0845515512239339e-05,1.930727063787878e-05,0.00029852580396070325,7.601417767318245e-06,3.975950191486299e-05,0.0011385777903519748,-0.00026344401227003405,0.000827377289801614,results\figures\eis_fits\Stack1\Cell_03\0.3Acm2\528Cycles_condition_7_Real_Ageing_EIS-7-0_3.png
Stack1,528Cycles,528,7,0.3,data\Stack1\EIS\528Cycles\Real_Ageing_EIS-7-0_3.xlsx,Sheet4,Cell 05,ok,0.00034117,0.0,0.0003289657876502138,0.0017150493993135262,0.0020440151869637402,1.4319393423967837e-05,1.2507088134022852e-05,0.00015959055398111262,6.172072998045195e-05,0.00017568173174920963,0.0012066381204772975,-0.00035894527410412113,0.0009296183734861873,results\figures\eis_fits\Stack1\Cell_05\0.3Acm2\528Cycles_condition_7_Real_Ageing_EIS-7-0_3.png
Stack1,528Cycles,528,7,0.3,data\Stack1\EIS\528Cycles\Real_Ageing_EIS-7-0_3.xlsx,Sheet5,Cell 10,ok,0.00040342,0.000232297769052083,7.70546182516978e-05,0.001567672272384926,0.001644726890636624,1.0913348618936908e-05,1.0994996421408467e-05,0.0002708250781779319,0.0001138964762267751,0.00012023627092252598,0.0011753733043804997,-0.0002254022061085311,0.0008156011543148539,results\figures\eis_fits\Stack1\Cell_10\0.3Acm2\528Cycles_condition_7_Real_Ageing_EIS-7-0_3.png
Stack1,528Cycles,528,7,0.3,data\Stack1\EIS\528Cycles\Real_Ageing_EIS-7-0_3.xlsx,Sheet6,Cell 15,ok,0.00034091,0.0002348735208528104,0.00012069086865368667,0.0016768851602155703,0.001797576028869257,1.6163470847215446e-05,2.056696111635443e-05,0.0002952189551796537,-4.202061711609768e-05,7.353437092212758e-05,0.0011908178334964442,-0.0003201409596294242,0.0008974832556489555,results\figures\eis_fits\Stack1\Cell_15\0.3Acm2\528Cycles_condition_7_Real_Ageing_EIS-7-0_3.png
Stack1,528Cycles,528,7,0.3,data\Stack1\EIS\528Cycles\Real_Ageing_EIS-7-0_3.xlsx,Sheet7,Cell 20,ok,0.00034254,0.00026801122225077027,7.782690518665999e-05,0.0017751872329849084,0.0018530141381715684,6.451600004307825e-06,1.427964317677052e-05,0.0003069246748441003,-1.886299809281352e-05,4.324430008432126e-05,0.0012383407424291796,-0.00036628539514265497,0.000960201759388601,results\figures\eis_fits\Stack1\Cell_20\0.3Acm2\528Cycles_condition_7_Real_Ageing_EIS-7-0_3.png
Stack1,528Cycles,528,7,0.3,data\Stack1\EIS\528Cycles\Real_Ageing_EIS-7-0_3.xlsx,Sheet8,Cell 22,ok,0.00032678,0.0001569180203132239,0.0001587171864920218,0.0017414500347315324,0.0019001672212235541,1.4596932387158196e-05,1.2797580035538615e-05,0.0002362766135592348,-2.8015871476629662e-05,8.415863221667067e-05,0.0012093102699741772,-0.00039219613119232896,0.0009549763668221556,results\figures\eis_fits\Stack1\Cell_22\0.3Acm2\528Cycles_condition_7_Real_Ageing_EIS-7-0_3.png
Stack1,528Cycles,528,7,0.3,data\Stack1\EIS\528Cycles\Real_Ageing_EIS-7-0_3.xlsx,Sheet9,Cell 24,ok,0.00032734,0.000114652230161852,0.00020786421708452954,0.001713697357448461,0.0019215615745329904,3.095641792708654e-05,1.2063276020986843e-05,0.00021858433870411678,-5.0200990363967966e-05,0.0001154210666194188,0.0011991514062284333,-0.00038117124195003333,0.00093780657596393,results\figures\eis_fits\Stack1\Cell_24\0.3Acm2\528Cycles_condition_7_Real_Ageing_EIS-7-0_3.png
Stack1,528Cycles,528,7,0.7,data\Stack1\EIS\528Cycles\Real_Ageing_EIS-7-0_7.xlsx,Sheet1,Whole Stack,ok,0.0079484,0.0,0.011834214635553201,0.038310994732902365,0.05014520936845557,0.0003901861545486775,0.0001690107837080628,0.0024650495286105806,-0.007416291435719896,0.00948754645151304,0.02696275115786895,-0.011408086692283298,0.022295235395365744,results\figures\eis_fits\Stack1\Whole_Stack\0.7Acm2\528Cycles_condition_7_Real_Ageing_EIS-7-0_7.png
Stack1,528Cycles,528,7,0.7,data\Stack1\EIS\528Cycles\Real_Ageing_EIS-7-0_7.xlsx,Sheet2,Cell 01,ok,0.00037579,0.0003143212861577885,0.00010711797992857555,0.0014388828364420884,0.0015460008163706638,9.501355922058528e-06,6.856303441695749e-06,0.0003678802761220763,1.6007818247457103e-05,5.5900050545936885e-05,0.001045547505158939,-0.0003771469049818444,0.0008123027404787526,results\figures\eis_fits\Stack1\Cell_01\0.7Acm2\528Cycles_condition_7_Real_Ageing_EIS-7-0_7.png
Stack1,528Cycles,528,7,0.7,data\Stack1\EIS\528Cycles\Real_Ageing_EIS-7-0_7.xlsx,Sheet3,Cell 03,ok,0.0003312,0.0002554663421216883,7.705160623588828e-05,0.00151614744461659,0.0015931990508524785,6.052945539269985e-06,7.220567134415763e-06,0.0002939921452396324,-1.8166278967155988e-05,4.259402771980044e-05,0.0010866372398872079,-0.0004200589626306227,0.0008666748528373654,results\figures\eis_fits\Stack1\Cell_03\0.7Acm2\528Cycles_condition_7_Real_Ageing_EIS-7-0_7.png
Stack1,528Cycles,528,7,0.7,data\Stack1\EIS\528Cycles\Real_Ageing_EIS-7-0_7.xlsx,Sheet4,Cell 05,ok,0.00035805,0.00031836281050500695,7.020824882423803e-05,0.0014518881072708204,0.0015220963560950585,1.1089673383724312e-05,9.25690814590408e-06,0.00035346693491712596,-1.767463635403049e-05,3.930257397408911e-05,0.0010748053818819539,-0.0003798549186876218,0.0008193195519818815,results\figures\eis_fits\Stack1\Cell_05\0.7Acm2\528Cycles_condition_7_Real_Ageing_EIS-7-0_7.png
Stack1,528Cycles,528,7,0.7,data\Stack1\EIS\528Cycles\Real_Ageing_EIS-7-0_7.xlsx,Sheet5,Cell 10,ok,0.00034228,0.0002622315463725417,7.651506043132747e-05,0.0015641455788939886,0.0016406606393253162,5.265790643898193e-06,6.722545601973823e-06,0.0003004890765882054,-1.787722404047291e-05,4.2228352532341185e-05,0.0011243088276270212,-0.000424418688501762,0.0008898140654895034,results\figures\eis_fits\Stack1\Cell_10\0.7Acm2\528Cycles_condition_7_Real_Ageing_EIS-7-0_7.png
Stack1,528Cycles,528,7,0.7,data\Stack1\EIS\528Cycles\Real_Ageing_EIS-7-0_7.xlsx,Sheet6,Cell 15,ok,0.00045884,0.00034394331466947503,0.00021063482664640697,0.001671266871044194,0.001881901697690601,1.1539159485922769e-05,1.1288020557586494e-05,0.0004492607279926785,2.4342543534792585e-05,0.00010809401914460277,0.0011648003013163286,-0.0004971072388172252,0.0009723162270819861,results\figures\eis_fits\Stack1\Cell_15\0.7Acm2\528Cycles_condition_7_Real_Ageing_EIS-7-0_7.png
Stack1,528Cycles,528,7,0.7,data\Stack1\EIS\528Cycles\Real_Ageing_EIS-7-0_7.xlsx,Sheet7,Cell 20,ok,0.000396,0.0003403348592169573,0.0001556467783068065,0.0016442097354783787,0.0017998565137851853,6.090657142317985e-06,7.825821475877792e-06,0.0004181582483703606,1.6788889638185364e-07,7.782357024708884e-05,0.0011761789838839968,-0.0004182463462294402,0.0009223808430874672,results\figures\eis_fits\Stack1\Cell_20\0.7Acm2\528Cycles_condition_7_Real_Ageing_EIS-7-0_7.png
Stack1,528Cycles,528,7,0.7,data\Stack1\EIS\528Cycles\Real_Ageing_EIS-7-0_7.xlsx,Sheet8,Cell 22,ok,0.00048239,0.00033504470035384534,0.000546628024408569,0.0015585198346539486,0.0021051478590625177,6.075029795002299e-06,9.783529415089514e-06,0.0006083587125581298,-8.677113646034957e-05,0.00028675735280864965,0.0011125300800432913,-0.00044652615669375935,0.0008981267323513661,results\figures\eis_fits\Stack1\Cell_22\0.7Acm2\528Cycles_condition_7_Real_Ageing_EIS-7-0_7.png
Stack1,528Cycles,528,7,0.7,data\Stack1\EIS\528Cycles\Real_Ageing_EIS-7-0_7.xlsx,Sheet9,Cell 24,ok,0.00033291,0.0003093375230224827,1.4363143754984102e-05,0.0015132763689079851,0.0015276395126629693,9.001560596667214e-06,1.221158680823998e-05,0.0003165190948999748,-3.179633776883064e-05,3.2597270900201915e-05,0.001095234159450531,-0.0004337588203379481,0.0008721513953407415,results\figures\eis_fits\Stack1\Cell_24\0.7Acm2\528Cycles_condition_7_Real_Ageing_EIS-7-0_7.png
Stack1,528Cycles,528,7,1.0,data\Stack1\EIS\528Cycles\Real_Ageing_EIS-7-1_0.xlsx,Sheet1,Whole Stack,ok,0.0082097,0.0,0.011547550877263947,0.04370471488225509,0.05525226575951903,0.0006502483812143912,0.0001259288486014523,0.0022529501369003327,-0.004439356124167967,0.007283156294693769,0.02994598970049324,-0.013768707243130889,0.02582833376123685,results\figures\eis_fits\Stack1\Whole_Stack\1Acm2\528Cycles_condition_7_Real_Ageing_EIS-7-1_0.png
Stack1,528Cycles,528,7,1.0,data\Stack1\EIS\528Cycles\Real_Ageing_EIS-7-1_0.xlsx,Sheet2,Cell 01,ok,0.00040773,0.0003273142340625391,0.0001666976109307433,0.001688996133291459,0.0018556937442222021,8.168533854435485e-06,3.806438151987951e-06,0.00041066303952791075,5.723733001165587e-06,8.354510453625036e-05,0.001190042887234707,-0.00045346087626963854,0.0009585425138592463,results\figures\eis_fits\Stack1\Cell_01\1Acm2\528Cycles_condition_7_Real_Ageing_EIS-7-1_0.png
Stack1,528Cycles,528,7,1.0,data\Stack1\EIS\528Cycles\Real_Ageing_EIS-7-1_0.xlsx,Sheet3,Cell 03,ok,0.00034311,0.00029233465082576773,4.985374924452612e-05,0.0017236678110288772,0.0017735215602734033,8.341526510204642e-06,7.902257811854786e-06,0.0003172615254480308,-1.4750169899343434e-05,2.8964056872156553e-05,0.0012058714793981905,-0.0004886915874568559,0.000990745753634792,results\figures\eis_fits\Stack1\Cell_03\1Acm2\528Cycles_condition_7_Real_Ageing_EIS-7-1_0.png
Stack1,528Cycles,528,7,1.0,data\Stack1\EIS\528Cycles\Real_Ageing_EIS-7-1_0.xlsx,Sheet4,Cell 05,ok,0.00045298,0.000359421321833752,0.00023271025419434782,0.0016028555312083428,0.0018355657854026905,1.0884189114836578e-05,3.905450455340336e-06,0.0004757764489309259,-9.206967748285394e-06,0.00011671882391849852,0.0011742164953402834,-0.0004281987548890517,0.0009086476969485086,results\figures\eis_fits\Stack1\Cell_05\1Acm2\528Cycles_condition_7_Real_Ageing_EIS-7-1_0.png
Stack1,528Cycles,528,7,1.0,data\Stack1\EIS\528Cycles\Real_Ageing_EIS-7-1_0.xlsx,Sheet5,Cell 10,ok,0.00035232,0.0003018838893439771,6.418316382637539e-05,0.0017524926694753554,0.0018166758333017308,9.57277412492933e-06,5.176720293629778e-06,0.00033397547125716483,-3.627523839428117e-05,3.2091581913187695e-05,0.0012324004072722479,-0.0004986278596999588,0.0010081851921200668,results\figures\eis_fits\Stack1\Cell_10\1Acm2\528Cycles_condition_7_Real_Ageing_EIS-7-1_0.png
Stack1,528Cycles,528,7,1.0,data\Stack1\EIS\528Cycles\Real_Ageing_EIS-7-1_0.xlsx,Sheet6,Cell 15,ok,0.00039497,0.0003484475456242848,0.00013794704873539145,0.0018471339066414667,0.001985080955376858,6.527973120022882e-06,4.762363308696391e-06,0.00041742106999198054,1.3260777642695421e-05,7.023670897322943e-05,0.0012643397442907579,-0.0005705620321592358,0.0010855952053172575,results\figures\eis_fits\Stack1\Cell_15\1Acm2\528Cycles_condition_7_Real_Ageing_EIS-7-1_0.png
Stack1,528Cycles,528,7,1.0,data\Stack1\EIS\528Cycles\Real_Ageing_EIS-7-1_0.xlsx,Sheet7,Cell 20,ok,0.00043931,0.00035682702874410854,0.00016087874269793133,0.001862707172529966,0.0020235859152278974,8.796807073791255e-06,4.247109673520223e-06,0.0004372664000930742,1.2041846198309955e-05,8.133571492819467e-05,0.0013074355775866422,-0.0004697154604826302,0.0010430973667232865,results\figures\eis_fits\Stack1\Cell_20\1Acm2\528Cycles_condition_7_Real_Ageing_EIS-7-1_0.png
Stack1,528Cycles,528,7,1.0,data\Stack1\EIS\528Cycles\Real_Ageing_EIS-7-1_0.xlsx,Sheet8,Cell 22,ok,0.00045066,0.0003469504237875435,0.0003835290043321825,0.0017437872639070257,0.0021273162682392084,7.660886659506404e-06,4.941071602594779e-06,0.0005387149259536348,-4.4753587895341475e-05,0.0001969175155249397,0.0012245768087033424,-0.0005064666934354753,0.0010083189063984426,results\figures\eis_fits\Stack1\Cell_22\1Acm2\528Cycles_condition_7_Real_Ageing_EIS-7-1_0.png
Stack1,528Cycles,528,7,1.0,data\Stack1\EIS\528Cycles\Real_Ageing_EIS-7-1_0.xlsx,Sheet9,Cell 24,ok,0.0004513,0.00034377541397516106,0.00046971800587592566,0.0018197590232507466,0.0022894770291266723,5.967111724636274e-06,6.8279636794657535e-06,0.0005786344169131239,-8.62756729937561e-05,0.0002502044024623459,0.0012592520259666216,-0.0005599913799976483,0.001068396495383291,results\figures\eis_fits\Stack1\Cell_24\1Acm2\528Cycles_condition_7_Real_Ageing_EIS-7-1_0.png
Stack1,58Cycles,58,1,0.3,data\Stack1\EIS\58Cycles\Real_Ageing_EIS-1-0_3.xlsx,Sheet1,Whole Stack,ok,0.0080725,0.00036652675057371065,0.008028171418573298,0.03842520235580861,0.04645337377438191,0.0008559449303366704,0.00031627316573282097,0.00438061245986036,-0.0072180114029096595,0.008259090306688333,0.027387847276365427,-0.007412862603835663,0.020593071067826554,results\figures\eis_fits\Stack1\Whole_Stack\0.3Acm2\58Cycles_condition_1_Real_Ageing_EIS-1-0_3.png
Stack1,58Cycles,58,1,0.3,data\Stack1\EIS\58Cycles\Real_Ageing_EIS-1-0_3.xlsx,Sheet2,Cell 01,ok,0.00033705,0.00024688075066382363,7.289163844786192e-05,0.0014361130348565791,0.001509004673304441,1.4212294408795142e-05,1.559078849352005e-05,0.0002833265698877546,2.2299480620362916e-05,4.2726626064333666e-05,0.0010657276327332565,-0.00021072776764802942,0.0007483390637132111,results\figures\eis_fits\Stack1\Cell_01\0.3Acm2\58Cycles_condition_1_Real_Ageing_EIS-1-0_3.png
Stack1,58Cycles,58,1,0.3,data\Stack1\EIS\58Cycles\Real_Ageing_EIS-1-0_3.xlsx,Sheet3,Cell 03,ok,0.0003379,0.00020327129750470253,0.00010354920765828707,0.0014671128218733556,0.0015706620295316428,9.481586542231491e-06,2.413153768024508e-05,0.00025504590133384607,7.04575772544009e-05,8.743500325513025e-05,0.001091266833904834,-0.0002056076717977483,0.0007618264387171074,results\figures\eis_fits\Stack1\Cell_03\0.3Acm2\58Cycles_condition_1_Real_Ageing_EIS-1-0_3.png
Stack1,58Cycles,58,1,0.3,data\Stack1\EIS\58Cycles\Real_Ageing_EIS-1-0_3.xlsx,Sheet4,Cell 05,ok,0.00034445,0.00026710148654660005,5.9894296770384423e-05,0.0015149656109106323,0.0015748599076810168,8.735888585275681e-06,1.4120440435926879e-05,0.00029704863493179226,3.508315731159946e-05,4.612656093136746e-05,0.0011084624616985444,-0.00026638917941278114,0.0008029591493150018,results\figures\eis_fits\Stack1\Cell_05\0.3Acm2\58Cycles_condition_1_Real_Ageing_EIS-1-0_3.png
Stack1,58Cycles,58,1,0.3,data\Stack1\EIS\58Cycles\Real_Ageing_EIS-1-0_3.xlsx,Sheet5,Cell 10,ok,0.00033066,0.00018641030560047892,0.00013251769691786374,0.001597894903234745,0.0017304126001526086,1.753212013319747e-05,1.1831921822361652e-05,0.0002526691540594108,-5.641841768669795e-07,6.626125038730499e-05,0.0011439269464704057,-0.00030203817402725704,0.000854133531138787,results\figures\eis_fits\Stack1\Cell_10\0.3Acm2\58Cycles_condition_1_Real_Ageing_EIS-1-0_3.png
Stack1,58Cycles,58,1,0.3,data\Stack1\EIS\58Cycles\Real_Ageing_EIS-1-0_3.xlsx,Sheet6,Cell 15,ok,0.00033908,0.00027912328266333343,6.440933871971639e-05,0.0016186121202372912,0.0016830214589570076,1.2696099400479625e-05,1.446334889758973e-05,0.00031132795202319164,3.980888934336997e-06,3.244977974170728e-05,0.0011557859597749781,-0.0003005683299706929,0.0008633177977582392,results\figures\eis_fits\Stack1\Cell_15\0.3Acm2\58Cycles_condition_1_Real_Ageing_EIS-1-0_3.png
Stack1,58Cycles,58,1,0.3,data\Stack1\EIS\58Cycles\Real_Ageing_EIS-1-0_3.xlsx,Sheet7,Cell 20,ok,0.00035208,0.0003026786218982157,6.330051259902503e-05,0.0015513793965977205,0.0016146799091967454,9.736434557697248e-06,1.645357573367055e-05,0.00033432887819772824,2.1548075283331286e-06,3.172352312258197e-05,0.0011409263839824225,-0.00023759019597759,0.0008112605064168022,results\figures\eis_fits\Stack1\Cell_20\0.3Acm2\58Cycles_condition_1_Real_Ageing_EIS-1-0_3.png
Stack1,58Cycles,58,1,0.3,data\Stack1\EIS\58Cycles\Real_Ageing_EIS-1-0_3.xlsx,Sheet8,Cell 22,ok,0.00033104,5.963464652307762e-05,0.0002586010305386985,0.0015652618728601382,0.0018238629033988367,1.4991127470911262e-05,2.0055194981681476e-05,0.00018893516179242686,-8.154131253767328e-05,0.000152864675119158,0.0011287712790656308,-0.00028384879062259936,0.0008325150560772575,results\figures\eis_fits\Stack1\Cell_22\0.3Acm2\58Cycles_condition_1_Real_Ageing_EIS-1-0_3.png
Stack1,58Cycles,58,1,0.3,data\Stack1\EIS\58Cycles\Real_Ageing_EIS-1-0_3.xlsx,Sheet9,Cell 24,ok,0.00032857,0.00018794729510941314,0.0001375634672696926,0.0016453213055426404,0.001782884772812333,2.3842794549908082e-05,1.4263112355664835e-05,0.00025672902874425944,-3.280376025112597e-05,7.6203763479426e-05,0.0011658376704189277,-0.0003364243688126344,0.0008887923860773753,results\figures\eis_fits\Stack1\Cell_24\0.3Acm2\58Cycles_condition_1_Real_Ageing_EIS-1-0_3.png
Stack1,58Cycles,58,1,0.7,data\Stack1\EIS\58Cycles\Real_Ageing_EIS-1-0_7.xlsx,Sheet1,Whole Stack,ok,0.0072386,0.0,0.01145162288326096,0.040094770566909285,0.051546393450170244,0.00025357081540187433,0.00047261421760801396,0.0020146324936082495,-0.007431919308449011,0.009381809061817648,0.027420754271607325,-0.013669518814525633,0.024264241206432648,results\figures\eis_fits\Stack1\Whole_Stack\0.7Acm2\58Cycles_condition_1_Real_Ageing_EIS-1-0_7.png
Stack1,58Cycles,58,1,0.7,data\Stack1\EIS\58Cycles\Real_Ageing_EIS-1-0_7.xlsx,Sheet2,Cell 01,ok,0.00081428,0.00030840240482245013,0.0012523045524611646,0.0014461411546394089,0.0026984457071005732,1.0976164526901566e-05,2.8101404619433222e-05,0.0009345546810530324,-0.00029146454826611346,0.0006906650823117591,0.0011042791743766226,0.0011122594574068702,0.0007230705773197044,results\figures\eis_fits\Stack1\Cell_01\0.7Acm2\58Cycles_condition_1_Real_Ageing_EIS-1-0_7.png
Stack1,58Cycles,58,1,0.7,data\Stack1\EIS\58Cycles\Real_Ageing_EIS-1-0_7.xlsx,Sheet3,Cell 03,ok,0.00082773,0.000321815904262553,0.0012592681853178822,0.0014762012227587803,0.0027354694080766627,1.103044061821358e-05,2.7103798268078143e-05,0.0009514499969214941,-0.00029554907209629577,0.0006955489520195034,0.0011238054461685453,0.001123518663333506,0.0007381006113793901,results\figures\eis_fits\Stack1\Cell_03\0.7Acm2\58Cycles_condition_1_Real_Ageing_EIS-1-0_7.png
Stack1,58Cycles,58,1,0.7,data\Stack1\EIS\58Cycles\Real_Ageing_EIS-1-0_7.xlsx,Sheet4,Cell 05,ok,0.00064536,0.00033753497585752143,0.0009596806379723569,0.0017321794606287696,0.0026918600986011263,8.550451523960605e-06,2.394154623996782e-05,0.0008173752948436999,-0.00019732508214488837,0.0005188293744269347,0.0010765600385650796,-0.0007721050412745951,0.001160283420426961,results\figures\eis_fits\Stack1\Cell_05\0.7Acm2\58Cycles_condition_1_Real_Ageing_EIS-1-0_7.png
Stack1,58Cycles,58,1,0.7,data\Stack1\EIS\58Cycles\Real_Ageing_EIS-1-0_7.xlsx,Sheet5,Cell 10,ok,0.00084802,0.000331043518944175,0.0014088626045545643,0.0012728246443757133,0.0026816872489302777,8.058488296795965e-06,3.202298025806852e-05,0.0010354748212214571,-0.0003671770246489918,0.0007943817892286769,0.001171394040506705,0.0010096270400350713,0.0006364123221878566,results\figures\eis_fits\Stack1\Cell_10\0.7Acm2\58Cycles_condition_1_Real_Ageing_EIS-1-0_7.png
Stack1,58Cycles,58,1,0.7,data\Stack1\EIS\58Cycles\Real_Ageing_EIS-1-0_7.xlsx,Sheet6,Cell 15,ok,0.00043012,0.0003287223691556011,0.0002120692711792605,0.0016858339221924397,0.0018979031933717002,1.1235581899022821e-05,3.607881739766291e-05,0.00043475700474523136,1.1265569550704098e-05,0.00010663140720222833,0.0011710549028097462,-0.0005217106788311344,0.000991307740164541,results\figures\eis_fits\Stack1\Cell_15\0.7Acm2\58Cycles_condition_1_Real_Ageing_EIS-1-0_7.png
Stack1,58Cycles,58,1,0.7,data\Stack1\EIS\58Cycles\Real_Ageing_EIS-1-0_7.xlsx,Sheet7,Cell 20,ok,0.00037616,0.0003265716014744412,0.00014457523384402423,0.0015223057799145046,0.0016668810137585289,8.500921216980484e-06,2.0906636647696312e-05,0.0003988592183964533,-3.862170273051674e-06,7.239071708086345e-05,0.001097270279428818,-0.0004199219735129657,0.0008693032760373683,results\figures\eis_fits\Stack1\Cell_20\0.7Acm2\58Cycles_condition_1_Real_Ageing_EIS-1-0_7.png
Stack1,58Cycles,58,1,0.7,data\Stack1\EIS\58Cycles\Real_Ageing_EIS-1-0_7.xlsx,Sheet8,Cell 22,ok,0.00084268,0.000332043121787602,0.0010818785221453785,0.001564559942707492,0.0026464384648528707,1.4403111783337041e-05,2.2516989647492427e-05,0.0008729823828602912,-0.00021886723079531784,0.000583539329339401,0.00113385523719962,0.001156291985928038,0.000782279971353746,results\figures\eis_fits\Stack1\Cell_22\0.7Acm2\58Cycles_condition_1_Real_Ageing_EIS-1-0_7.png
Stack1,58Cycles,58,1,0.7,data\Stack1\EIS\58Cycles\Real_Ageing_EIS-1-0_7.xlsx,Sheet9,Cell 24,ok,0.00084798,0.0003333203873367459,0.001219848524562761,0.0015122311993514043,0.0027320797239141653,1.2205466793618345e-05,2.2599383423200807e-05,0.0009432446496181264,-0.00028429542397988516,0.0006729275546560632,0.0011351623752956796,0.001135664836151008,0.0007561155996757021,results\figures\eis_fits\Stack1\Cell_24\0.7Acm2\58Cycles_condition_1_Real_Ageing_EIS-1-0_7.png
Stack1,58Cycles,58,2,0.7,data\Stack1\EIS\58Cycles\Real_Ageing_EIS-2-0_7.xlsx,Sheet1,Whole Stack,ok,0.01245,0.0,0.014862429573035319,0.03014715372103625,0.04500958329407157,0.00048256671098293835,0.0013495887600992384,0.004834049030980525,0.0079780897986994,0.007431214786517659,0.0249547102638248,-0.006774657140468177,0.016526000688032297,results\figures\eis_fits\Stack1\Whole_Stack\0.7Acm2\58Cycles_condition_2_Real_Ageing_EIS-2-0_7.png
Stack1,58Cycles,58,2,0.7,data\Stack1\EIS\58Cycles\Real_Ageing_EIS-2-0_7.xlsx,Sheet2,Cell 01,ok,0.00081399,0.0003087686365053951,0.0010430471829270406,0.0010161087343695653,0.002059155917296606,1.3615074758989305e-05,3.972808680131413e-05,0.0008302922279689154,-0.00022057332200474134,0.0005662503393669765,0.001163123956415232,0.0008111320359382241,0.0005080543671847827,results\figures\eis_fits\Stack1\Cell_01\0.7Acm2\58Cycles_condition_2_Real_Ageing_EIS-2-0_7.png
Stack1,58Cycles,58,2,0.7,data\Stack1\EIS\58Cycles\Real_Ageing_EIS-2-0_7.xlsx,Sheet3,Cell 03,ok,0.00039577,0.00031628032350648197,0.0002028691345175796,0.0014424522872458923,0.001645321421763472,1.0197860175922318e-05,3.118309321126781e-05,0.0004177148907652718,-9.449724683417687e-06,0.00010187378824589938,0.0010264481060824656,-0.00048571103271452336,0.0008695299635698791,results\figures\eis_fits\Stack1\Cell_03\0.7Acm2\58Cycles_condition_2_Real_Ageing_EIS-2-0_7.png
Stack1,58Cycles,58,2,0.7,data\Stack1\EIS\58Cycles\Real_Ageing_EIS-2-0_7.xlsx,Sheet4,Cell 05,ok,0.0011376,0.00034235106983159923,0.0010187765776230114,0.0005409248137367229,0.0015597013913597343,1.6764344418468173e-05,8.276244091199654e-06,0.0008517393586431049,-0.00020397104895745246,0.0005487081351603213,0.0013062481587264205,5.3195856402798105e-05,0.0002756441776411289,results\figures\eis_fits\Stack1\Cell_05\0.7Acm2\58Cycles_condition_2_Real_Ageing_EIS-2-0_7.png
Stack1,58Cycles,58,2,0.7,data\Stack1\EIS\58Cycles\Real_Ageing_EIS-2-0_7.xlsx,Sheet5,Cell 10,ok,0.00084573,0.00033047005966326394,0.0012050401507053997,0.0009968881671843794,0.0022019283178897793,9.393336571921774e-06,3.971328367767853e-05,0.0009329901350159638,-0.00030268483896124065,0.0006742763179439237,0.0012018817924999703,0.0007973889835507469,0.0004984440835921897,results\figures\eis_fits\Stack1\Cell_10\0.7Acm2\58Cycles_condition_2_Real_Ageing_EIS-2-0_7.png
Stack1,58Cycles,58,2,0.7,data\Stack1\EIS\58Cycles\Real_Ageing_EIS-2-0_7.xlsx,Sheet6,Cell 15,ok,0.00043121,0.00032737776808325494,0.00016600418072572129,0.0015136873337754288,0.00167969151450115,1.426349181480538e-05,3.6316588291309915e-05,0.00041037985844611557,2.340402502937361e-05,8.623859572244918e-05,0.0010650316060100643,-0.0005310519184864173,0.0009245693463641037,results\figures\eis_fits\Stack1\Cell_15\0.7Acm2\58Cycles_condition_2_Real_Ageing_EIS-2-0_7.png
Stack1,58Cycles,58,2,0.7,data\Stack1\EIS\58Cycles\Real_Ageing_EIS-2-0_7.xlsx,Sheet7,Cell 20,ok,0.00084312,0.0003345579986367345,0.0010798459064284632,0.0008727447354112141,0.0019525906418396773,1.2293225155022128e-05,4.882271307395167e-05,0.0008744809518509661,-0.00023107372253397817,0.0005872919722363718,0.001205231191060868,0.00073322438689423,0.00043637236770560704,results\figures\eis_fits\Stack1\Cell_20\0.7Acm2\58Cycles_condition_2_Real_Ageing_EIS-2-0_7.png
Stack1,58Cycles,58,2,0.7,data\Stack1\EIS\58Cycles\Real_Ageing_EIS-2-0_7.xlsx,Sheet8,Cell 22,ok,0.0010504,0.00032871651604646375,0.001113110684537839,0.000681595722483388,0.0017947064070212271,8.99084869646794e-06,2.399123809457691e-05,0.0008852718583153833,-0.00026268067298593434,0.000615430731251225,0.0013167517775378355,3.890146496908099e-05,0.00034301094181330945,results\figures\eis_fits\Stack1\Cell_22\0.7Acm2\58Cycles_condition_2_Real_Ageing_EIS-2-0_7.png
Stack1,58Cycles,58,2,0.7,data\Stack1\EIS\58Cycles\Real_Ageing_EIS-2-0_7.xlsx,Sheet9,Cell 24,ok,0.00098562,0.0003305514838389872,0.0010382487642183545,0.0006851886965470781,0.0017234374607654327,1.7314853931237903e-05,4.142945175514112e-05,0.0008496758659481645,-0.0002305406240199973,0.0005680132951118,0.0012832813257178466,4.0233357152827846e-05,0.0003449487070518717,results\figures\eis_fits\Stack1\Cell_24\0.7Acm2\58Cycles_condition_2_Real_Ageing_EIS-2-0_7.png
Stack1,58Cycles,58,3,0.3,data\Stack1\EIS\58Cycles\Real_Ageing_EIS-3-0_3.xlsx,Sheet1,Whole Stack,ok,0.012841,0.0,0.00611302071732891,0.035235760076004284,0.04134878079333319,0.0005307710092438459,0.0004170786352925009,0.002898490847605413,0.009125571961107425,0.009623841186863649,0.027136308520776187,-0.005412288816614178,0.018430479301089302,results\figures\eis_fits\Stack1\Whole_Stack\0.3Acm2\58Cycles_condition_3_Real_Ageing_EIS-3-0_3.png
Stack1,58Cycles,58,3,0.3,data\Stack1\EIS\58Cycles\Real_Ageing_EIS-3-0_3.xlsx,Sheet2,Cell 01,ok,0.00032303,0.00022728780592754563,9.865129722607897e-05,0.0014835428670295873,0.0015821941642556662,1.2769109155979385e-05,1.332911979208483e-05,0.0002766134545405851,-8.776330924741618e-06,5.010033528428348e-05,0.0010737681018190596,-0.00027482353256069384,0.0007910454055411299,results\figures\eis_fits\Stack1\Cell_01\0.3Acm2\58Cycles_condition_3_Real_Ageing_EIS-3-0_3.png
Stack1,58Cycles,58,3,0.3,data\Stack1\EIS\58Cycles\Real_Ageing_EIS-3-0_3.xlsx,Sheet3,Cell 03,ok,0.00037602,0.00021977627239290698,9.737375502484723e-05,0.0014308837969999506,0.001528257552024798,1.3297919129345098e-05,1.1140100160045561e-05,0.0002684631499053306,7.482222987605399e-05,8.926801289115159e-05,0.0010872572096691036,-0.00021188318313594134,0.0007461578877322599,results\figures\eis_fits\Stack1\Cell_03\0.3Acm2\58Cycles_condition_3_Real_Ageing_EIS-3-0_3.png
Stack1,58Cycles,58,3,0.3,data\Stack1\EIS\58Cycles\Real_Ageing_EIS-3-0_3.xlsx,Sheet4,Cell 05,ok,0.00045559,0.00033002944360365773,0.0002783838621903269,0.0014211580412307925,0.0016995419034211193,2.2702971061850576e-05,4.320740875442225e-06,0.00046922137469882115,-1.9490595369512637e-05,0.00014054990924884582,0.0011111533394777755,-0.00019701906563653255,0.0007373866399406949,results\figures\eis_fits\Stack1\Cell_05\0.3Acm2\58Cycles_condition_3_Real_Ageing_EIS-3-0_3.png
Stack1,58Cycles,58,3,0.3,data\Stack1\EIS\58Cycles\Real_Ageing_EIS-3-0_3.xlsx,Sheet5,Cell 10,ok,0.00034161,0.00017028169662253813,0.00016492040223942649,0.00150995567505279,0.0016748760772922165,3.7426267450947264e-05,1.9435077736285758e-05,0.00025274189774225137,-6.923917400246676e-05,0.00010767426798101498,0.0011124744660975362,-0.00027146100552453647,0.0008022983314680544,results\figures\eis_fits\Stack1\Cell_10\0.3Acm2\58Cycles_condition_3_Real_Ageing_EIS-3-0_3.png
Stack1,58Cycles,58,3,0.3,data\Stack1\EIS\58Cycles\Real_Ageing_EIS-3-0_3.xlsx,Sheet6,Cell 15,ok,0.00033418,0.00025211220656435007,7.987591527963482e-05,0.0016073672037891942,0.001687243119068829,6.209954804473635e-06,1.8644884883239816e-05,0.0002920501642041675,3.5387837644380358e-06,4.0094431670386596e-05,0.001144366263449906,-0.00033901272935955656,0.000872259687605755,results\figures\eis_fits\Stack1\Cell_15\0.3Acm2\58Cycles_condition_3_Real_Ageing_EIS-3-0_3.png
Stack1,58Cycles,58,3,0.3,data\Stack1\EIS\58Cycles\Real_Ageing_EIS-3-0_3.xlsx,Sheet7,Cell 20,ok,0.00035247,0.00023446158231504687,0.00011930007004714628,0.0015371539088752325,0.001656453978922379,1.4814582484170829e-05,1.6366426106170624e-05,0.00029411161733862,-2.005578228305274e-05,6.293139980406216e-05,0.0011312260426486606,-0.00027470803765668314,0.0008161954673028926,results\figures\eis_fits\Stack1\Cell_20\0.3Acm2\58Cycles_condition_3_Real_Ageing_EIS-3-0_3.png
Stack1,58Cycles,58,3,0.3,data\Stack1\EIS\58Cycles\Real_Ageing_EIS-3-0_3.xlsx,Sheet8,Cell 22,ok,0.00032844,0.00023328636279443602,8.928595164758316e-05,0.0016109589774517554,0.0017002449290993385,1.713859642838833e-05,1.3539267466905849e-05,0.0002779293386182276,-1.2286484152211248e-05,4.630283990454773e-05,0.0011475007387726907,-0.0003650881121883357,0.0008843565663347245,results\figures\eis_fits\Stack1\Cell_22\0.3Acm2\58Cycles_condition_3_Real_Ageing_EIS-3-0_3.png
Stack1,58Cycles,58,3,0.3,data\Stack1\EIS\58Cycles\Real_Ageing_EIS-3-0_3.xlsx,Sheet9,Cell 24,ok,0.00045114,0.0003314348460591081,0.00027683354697057347,0.0014597435824799606,0.001736577129450534,1.8432643664923074e-05,1.350907769298286e-05,0.0004698516195443948,-1.5163878947480173e-05,0.0001392449151919416,0.0011221000692057117,-0.0002396998935912779,0.0007682244923429136,results\figures\eis_fits\Stack1\Cell_24\0.3Acm2\58Cycles_condition_3_Real_Ageing_EIS-3-0_3.png
Stack1,58Cycles,58,3,0.7,data\Stack1\EIS\58Cycles\Real_Ageing_EIS-3-0_7.xlsx,Sheet1,Whole Stack,ok,0.0082904,0.0,0.027615455598185235,0.03949351939607381,0.06710897499425905,0.00024683282420123243,0.0005300582379434025,0.006261853131551153,0.014627634735852964,0.013807727799092617,0.027183438837784814,-0.014404005404558419,0.02444196985241907,results\figures\eis_fits\Stack1\Whole_Stack\0.7Acm2\58Cycles_condition_3_Real_Ageing_EIS-3-0_7.png
Stack1,58Cycles,58,3,0.7,data\Stack1\EIS\58Cycles\Real_Ageing_EIS-3-0_7.xlsx,Sheet2,Cell 01,ok,0.00082739,0.0003142310359498784,0.0011460990294996473,0.0016228498950149662,0.0027689489245146135,1.109734010524159e-05,1.7425502123268576e-05,0.000887280550699702,-0.0002611887376832523,0.0006297660700987146,0.0011103148087728367,0.0011671182765845387,0.0008114249475074831,results\figures\eis_fits\Stack1\Cell_01\0.7Acm2\58Cycles_condition_3_Real_Ageing_EIS-3-0_7.png
Stack1,58Cycles,58,3,0.7,data\Stack1\EIS\58Cycles\Real_Ageing_EIS-3-0_7.xlsx,Sheet3,Cell 03,ok,0.00047031,0.00033308283128043273,0.0003702141046084186,0.001713727262080248,0.0020839413666886666,9.28688095546172e-06,2.7575489716062365e-05,0.000518189883584642,-2.3460339253128915e-05,0.00018658780327402214,0.0011232280354446,-0.0006988458571377895,0.0011057128082092192,results\figures\eis_fits\Stack1\Cell_03\0.7Acm2\58Cycles_condition_3_Real_Ageing_EIS-3-0_7.png
Stack1,58Cycles,58,3,0.7,data\Stack1\EIS\58Cycles\Real_Ageing_EIS-3-0_7.xlsx,Sheet4,Cell 05,ok,0.0011877,0.00034387720299637495,0.0011597295774448831,0.000620901751924414,0.001780631329369297,1.0737014285777984e-05,5.9089142605309846e-06,0.0009237419917188165,-0.00027157774347276415,0.0006403105839745899,0.0013561345007071573,5.459353368989492e-05,0.0003152145306080469,results\figures\eis_fits\Stack1\Cell_05\0.7Acm2\58Cycles_condition_3_Real_Ageing_EIS-3-0_7.png
Stack1,58Cycles,58,3,0.7,data\Stack1\EIS\58Cycles\Real_Ageing_EIS-3-0_7.xlsx,Sheet5,Cell 10,ok,0.00086316,0.0003346440956189054,0.0012968428578663134,0.0015146035655846989,0.0028114464234510125,1.2413454231448539e-05,2.0728781819165775e-05,0.0009830655245520621,-0.0003406518758519952,0.0007324575414460554,0.0011610600494640756,0.001117541947037389,0.0007573017827923494,results\figures\eis_fits\Stack1\Cell_10\0.7Acm2\58Cycles_condition_3_Real_Ageing_EIS-3-0_7.png
Stack1,58Cycles,58,3,0.7,data\Stack1\EIS\58Cycles\Real_Ageing_EIS-3-0_7.xlsx,Sheet6,Cell 15,ok,0.00040911,0.00032963637013622854,0.00018208245882863223,0.0017839868818766043,0.0019660693407052366,1.0176546301604505e-05,2.957476429255327e-05,0.0004206775995505447,9.070183266279512e-06,9.14919323096525e-05,0.001188380121726445,-0.0006985828496981437,0.0011329917460287746,results\figures\eis_fits\Stack1\Cell_15\0.7Acm2\58Cycles_condition_3_Real_Ageing_EIS-3-0_7.png
Stack1,58Cycles,58,3,0.7,data\Stack1\EIS\58Cycles\Real_Ageing_EIS-3-0_7.xlsx,Sheet7,Cell 20,ok,0.00043103,0.00034051837171069233,0.0001375360405821553,0.001539671129735844,0.0016772071703179993,1.4734824725730088e-05,2.5751672900236648e-05,0.00040928639200177,2.1797123518183432e-05,7.213983094255913e-05,0.0010994344365580484,-0.0004927778633929666,0.0009140442109578999,results\figures\eis_fits\Stack1\Cell_20\0.7Acm2\58Cycles_condition_3_Real_Ageing_EIS-3-0_7.png
Stack1,58Cycles,58,3,0.7,data\Stack1\EIS\58Cycles\Real_Ageing_EIS-3-0_7.xlsx,Sheet8,Cell 22,ok,0.00048596,0.0003377835328317488,0.0003961643846810866,0.0017572264257508935,0.00215339081043198,8.87681541876175e-06,2.7740365867278577e-05,0.0005358657251722921,-2.6368780405835948e-05,0.00019982959616264852,0.0011502141454342054,-0.0007385318512275725,0.0011477763166736542,results\figures\eis_fits\Stack1\Cell_22\0.7Acm2\58Cycles_condition_3_Real_Ageing_EIS-3-0_7.png
Stack1,58Cycles,58,3,0.7,data\Stack1\EIS\58Cycles\Real_Ageing_EIS-3-0_7.xlsx,Sheet9,Cell 24,ok,0.00034755,0.00027838276035712446,6.777365313642941e-05,0.0016528899039255306,0.00172066355706196,1.2797528312276003e-05,2.3314780505088926e-05,0.00031226958692533917,-5.305674215325422e-06,3.429966754566917e-05,0.0011426426544334917,-0.0006079600842095354,0.0010259759853996598,results\figures\eis_fits\Stack1\Cell_24\0.7Acm2\58Cycles_condition_3_Real_Ageing_EIS-3-0_7.png
Stack1,58Cycles,58,5,0.3,data\Stack1\EIS\58Cycles\Real_Ageing_EIS-5-0_3.xlsx,Sheet1,Whole Stack,ok,0.013546,0.0,0.00777289914827962,0.03707513243887387,0.04484803158715349,0.0007056024253920933,6.446943493900064e-05,0.00251583504950037,0.009323628551413235,0.010101214761456147,0.02871097494293997,-0.004444689009953255,0.019062964662801236,results\figures\eis_fits\Stack1\Whole_Stack\0.3Acm2\58Cycles_condition_5_Real_Ageing_EIS-5-0_3.png
Stack1,58Cycles,58,5,0.3,data\Stack1\EIS\58Cycles\Real_Ageing_EIS-5-0_3.xlsx,Sheet2,Cell 01,ok,0.00033742,0.000292322952208949,7.917474603007642e-05,0.0016728432883990334,0.0017520180344291099,9.088919832344797e-06,1.8495749209143504e-05,0.00033191032522398716,-4.459385145580297e-06,3.98377486576287e-05,0.0011868135471214763,-0.00027020017616786405,0.0008789819691475859,results\figures\eis_fits\Stack1\Cell_01\0.3Acm2\58Cycles_condition_5_Real_Ageing_EIS-5-0_3.png
Stack1,58Cycles,58,5,0.3,data\Stack1\EIS\58Cycles\Real_Ageing_EIS-5-0_3.xlsx,Sheet3,Cell 03,ok,0.00044397,0.00032548231436083173,0.00036744466292935207,0.0015772366234565224,0.0019446812863858744,1.5961712515857918e-05,4.2384119093187485e-06,0.0005092046458255077,-5.668835785278729e-05,0.00019226925129843815,0.0011846599273098138,-0.00020974982596870536,0.0008160354349457106,results\figures\eis_fits\Stack1\Cell_03\0.3Acm2\58Cycles_condition_5_Real_Ageing_EIS-5-0_3.png
Stack1,58Cycles,58,5,0.3,data\Stack1\EIS\58Cycles\Real_Ageing_EIS-5-0_3.xlsx,Sheet4,Cell 05,ok,0.00035609,0.00016689475955647122,0.00017897320253724893,0.0016722414786685502,0.0018512146812057991,1.662805439936847e-05,1.4345744681711363e-05,0.0002563813608250957,1.165180649589204e-06,8.949418669699144e-05,0.0012023613915649782,-0.00029284304907646554,0.0008859203926636388,results\figures\eis_fits\Stack1\Cell_05\0.3Acm2\58Cycles_condition_5_Real_Ageing_EIS-5-0_3.png
Stack1,58Cycles,58,5,0.3,data\Stack1\EIS\58Cycles\Real_Ageing_EIS-5-0_3.xlsx,Sheet5,Cell 10,ok,0.00035406,0.0002692820786813309,9.064649987911975e-05,0.0017035003046875195,0.0017941468045666392,1.3115906214294556e-05,1.7294099472141005e-05,0.0003146053286208908,-1.9617110852951447e-05,4.9386516614363475e-05,0.001214910145078122,-0.0003005527938924125,0.0009032221786106412,results\figures\eis_fits\Stack1\Cell_10\0.3Acm2\58Cycles_condition_5_Real_Ageing_EIS-5-0_3.png
Stack1,58Cycles,58,5,0.3,data\Stack1\EIS\58Cycles\Real_Ageing_EIS-5-0_3.xlsx,Sheet6,Cell 15,ok,0.00046603,0.00033537278738755876,0.00019045863387405246,0.0016206332303402582,0.0018110918642143107,2.5344938093132122e-05,5.826234439784077e-06,0.000430602104324585,2.9099575414295754e-05,9.95761421907119e-05,0.001211634431406456,-0.00024305557976252604,0.0008459840611231825,results\figures\eis_fits\Stack1\Cell_15\0.3Acm2\58Cycles_condition_5_Real_Ageing_EIS-5-0_3.png
Stack1,58Cycles,58,5,0.3,data\Stack1\EIS\58Cycles\Real_Ageing_EIS-5-0_3.xlsx,Sheet7,Cell 20,ok,0.00036333,0.0002317590451307894,0.00014584704547072113,0.0015757042556713496,0.0017215513011420707,1.8312243916212637e-05,2.6384319253145774e-05,0.00030468256786614996,-6.525138547950848e-05,9.785491032712695e-05,0.0011757549792743634,-0.00020126565168403882,0.0008131536373176974,results\figures\eis_fits\Stack1\Cell_20\0.3Acm2\58Cycles_condition_5_Real_Ageing_EIS-5-0_3.png
Stack1,58Cycles,58,5,0.3,data\Stack1\EIS\58Cycles\Real_Ageing_EIS-5-0_3.xlsx,Sheet8,Cell 22,ok,0.00037862,8.700298947516969e-05,0.000268456915521536,0.00157648933728954,0.001844946252811076,1.9100869549017917e-05,2.1899702269744895e-05,0.0002212314472359377,2.1227841574432035e-05,0.00013589665238976075,0.0011795141648998546,-0.00022211521664153137,0.0008189412842875963,results\figures\eis_fits\Stack1\Cell_22\0.3Acm2\58Cycles_condition_5_Real_Ageing_EIS-5-0_3.png
Stack1,58Cycles,58,5,0.3,data\Stack1\EIS\58Cycles\Real_Ageing_EIS-5-0_3.xlsx,Sheet9,Cell 24,ok,0.00047966,0.0003376449878684975,0.00035961729153210164,0.0016108161419624049,0.0019704334334945065,1.8556367377981755e-05,5.392644140705317e-06,0.0005174536336345483,-3.329548974888983e-05,0.00018286535683348986,0.0012195525530404078,-0.00024101607905666685,0.0008406966820236125,results\figures\eis_fits\Stack1\Cell_24\0.3Acm2\58Cycles_condition_5_Real_Ageing_EIS-5-0_3.png
Stack1,58Cycles,58,5,0.7,data\Stack1\EIS\58Cycles\Real_Ageing_EIS-5-0_7.xlsx,Sheet1,Whole Stack,ok,0.0083393,0.0,0.01959973653095819,0.0409483981337554,0.06054813466471359,0.00016463734152624235,0.00039760623739376296,0.006678331230776641,0.010589990157846955,0.009799868265479095,0.028437353904429304,-0.011381337695105909,0.02342493703641857,results\figures\eis_fits\Stack1\Whole_Stack\0.7Acm2\58Cycles_condition_5_Real_Ageing_EIS-5-0_7.png
Stack1,58Cycles,58,5,0.7,data\Stack1\EIS\58Cycles\Real_Ageing_EIS-5-0_7.xlsx,Sheet2,Cell 01,ok,0.00042195,0.00031944244266016457,0.00023894697260370916,0.0013929361897349714,0.0016318831623386807,9.397966546860787e-06,1.800909703587292e-05,0.00043891592896201913,-1.6571813271848593e-07,0.00011947360123315503,0.0010807724835210672,-0.00019550559950610275,0.000723388033220474,results\figures\eis_fits\Stack1\Cell_01\0.7Acm2\58Cycles_condition_5_Real_Ageing_EIS-5-0_7.png
Stack1,58Cycles,58,5,0.7,data\Stack1\EIS\58Cycles\Real_Ageing_EIS-5-0_7.xlsx,Sheet3,Cell 03,ok,0.00033871,0.0003072950917700158,3.1612756884308736e-05,0.001535625079082672,0.0015672378359669807,6.014763885318932e-06,1.2575466575496186e-05,0.0003231014702121702,8.029872352466236e-06,1.7729084845346758e-05,0.0011082787424269358,-0.0003469032313144298,0.0008425425495328461,results\figures\eis_fits\Stack1\Cell_03\0.7Acm2\58Cycles_condition_5_Real_Ageing_EIS-5-0_7.png
Stack1,58Cycles,58,5,0.7,data\Stack1\EIS\58Cycles\Real_Ageing_EIS-5-0_7.xlsx,Sheet4,Cell 05,ok,0.00046293,0.000349914763760413,0.0001780303558864866,0.0015085592339646999,0.0016865895898511864,1.712936294136562e-05,2.174503782457405e-05,0.0004389299417036563,2.9342308539020977e-05,9.372658627447374e-05,0.0011185051127988845,-0.0003414645965892689,0.0008279709000435418,results\figures\eis_fits\Stack1\Cell_05\0.7Acm2\58Cycles_condition_5_Real_Ageing_EIS-5-0_7.png
Stack1,58Cycles,58,5,0.7,data\Stack1\EIS\58Cycles\Real_Ageing_EIS-5-0_7.xlsx,Sheet5,Cell 10,ok,0.00034335,0.0003232037423108211,2.3671054137708982e-05,0.0015663880941571764,0.0015900591482948853,7.743735851012417e-06,1.2755169373326971e-05,0.0003350392693796756,-4.762705820497178e-05,4.907561893911636e-05,0.001132221648404025,-0.00035740348932840994,0.000860889173798498,results\figures\eis_fits\Stack1\Cell_10\0.7Acm2\58Cycles_condition_5_Real_Ageing_EIS-5-0_7.png
Stack1,58Cycles,58,5,0.7,data\Stack1\EIS\58Cycles\Real_Ageing_EIS-5-0_7.xlsx,Sheet6,Cell 15,ok,0.00052329,0.00033834838401896163,0.0004553095841485961,0.0012060773305229524,0.0016613869146715485,1.3724270021366214e-05,5.073733601316781e-05,0.0005660031760932597,-2.211609417478162e-05,0.00022872653098392345,0.0011016202752706554,-6.834635532487854e-05,0.0006068993788813244,results\figures\eis_fits\Stack1\Cell_15\0.7Acm2\58Cycles_condition_5_Real_Ageing_EIS-5-0_7.png
Stack1,58Cycles,58,5,0.7,data\Stack1\EIS\58Cycles\Real_Ageing_EIS-5-0_7.xlsx,Sheet7,Cell 20,ok,0.00039177,0.00033705922936382677,9.952543470012966e-05,0.0015685300731285027,0.0016680555078286323,1.091225864060813e-05,1.1481663067218723e-05,0.0003868219467138916,1.2467834588253957e-05,5.1300827843052444e-05,0.0011461014531910882,-0.000339988001387936,0.0008547885637190578,results\figures\eis_fits\Stack1\Cell_20\0.7Acm2\58Cycles_condition_5_Real_Ageing_EIS-5-0_7.png
Stack1,58Cycles,58,5,0.7,data\Stack1\EIS\58Cycles\Real_Ageing_EIS-5-0_7.xlsx,Sheet8,Cell 22,ok,0.00045978,0.0003363771859195788,0.0003907363296551881,0.0013408681100957668,0.001731604439750955,7.201386002246299e-06,3.645027674208661e-05,0.0005317453507471729,-3.5049198157080374e-05,0.00019848719384271685,0.0010966011500371583,-0.00017886088232492705,0.0006938825818494076,results\figures\eis_fits\Stack1\Cell_22\0.7Acm2\58Cycles_condition_5_Real_Ageing_EIS-5-0_7.png
Stack1,58Cycles,58,5,0.7,data\Stack1\EIS\58Cycles\Real_Ageing_EIS-5-0_7.xlsx,Sheet9,Cell 24,ok,0.00046531,0.00033781237855700643,0.00022528453805578625,0.0016294245668115246,0.0018547091048673108,1.827465989054638e-05,2.3871293031974115e-05,0.0004504546475848996,8.362738289374882e-06,0.00011295227383036088,0.0011746918716397856,-0.00041661894832764135,0.000915055983444653,results\figures\eis_fits\Stack1\Cell_24\0.7Acm2\58Cycles_condition_5_Real_Ageing_EIS-5-0_7.png
Stack2,0_AfterBreakIn,0,1,0.3,data\Stack2\EIS\0_AfterBreakIn\Real_Ageing_EIS-1-0_3.xlsx,Sheet1,Whole Stack,ok,0.0119,0.002541847068397737,0.0025594714569500904,0.034047664885736476,0.036607136342686565,0.00041017466697312134,8.452244364128972e-05,0.003821582796872782,0.007943207367261137,0.008045636507700753,0.026819244096446884,-0.0037210620764673913,0.01742576179166285,results\figures\eis_fits\Stack2\Whole_Stack\0.3Acm2\0_AfterBreakIn_condition_1_Real_Ageing_EIS-1-0_3.png
Stack2,0_AfterBreakIn,0,1,0.3,data\Stack2\EIS\0_AfterBreakIn\Real_Ageing_EIS-1-0_3.xlsx,Sheet2,Cell 01,ok,0.00036507,0.00022492454760056753,0.00011550808017443626,0.0014744632599285026,0.0015899713401029388,2.5452556274331614e-05,1.5441612640498587e-05,0.00028267858768778566,3.619797679033249e-05,6.816027193394586e-05,0.0011083663736725857,-0.0002078386219923235,0.0007659682558771053,results\figures\eis_fits\Stack2\Cell_01\0.3Acm2\0_AfterBreakIn_condition_1_Real_Ageing_EIS-1-0_3.png
Stack2,0_AfterBreakIn,0,1,0.3,data\Stack2\EIS\0_AfterBreakIn\Real_Ageing_EIS-1-0_3.xlsx,Sheet3,Cell 03,ok,0.00034317,0.00021420799931617007,0.00011930812280612401,0.0015160700744006955,0.0016353781972068195,1.4947512067868437e-05,1.3136046814044626e-05,0.0002738620607192321,5.998771556169459e-06,5.9954918914659536e-05,0.0011054724368297077,-0.0002563211653067862,0.000800198511250528,results\figures\eis_fits\Stack2\Cell_03\0.3Acm2\0_AfterBreakIn_condition_1_Real_Ageing_EIS-1-0_3.png
Stack2,0_AfterBreakIn,0,1,0.3,data\Stack2\EIS\0_AfterBreakIn\Real_Ageing_EIS-1-0_3.xlsx,Sheet4,Cell 05,ok,0.00034604,0.0002316134426939347,0.0001147715878405081,0.001481740104061704,0.001596511691902212,8.815762345190411e-06,1.979783000856908e-05,0.00028899923661418876,-1.3323741840899547e-05,5.891223506624752e-05,0.0011009309034029871,-0.00022093452676620864,0.0007731109229040849,results\figures\eis_fits\Stack2\Cell_05\0.3Acm2\0_AfterBreakIn_condition_1_Real_Ageing_EIS-1-0_3.png
Stack2,0_AfterBreakIn,0,1,0.3,data\Stack2\EIS\0_AfterBreakIn\Real_Ageing_EIS-1-0_3.xlsx,Sheet5,Cell 10,ok,0.00033164,0.00010902954432951785,0.000219951927627327,0.001583442524894368,0.001803394452521695,3.725754849604706e-05,1.41235460792543e-05,0.00021900550814318135,8.192251708890795e-06,0.00011028066741186348,0.0011382353265446607,-0.00028964726908054075,0.0008430409823352469,results\figures\eis_fits\Stack2\Cell_10\0.3Acm2\0_AfterBreakIn_condition_1_Real_Ageing_EIS-1-0_3.png
Stack2,0_AfterBreakIn,0,1,0.3,data\Stack2\EIS\0_AfterBreakIn\Real_Ageing_EIS-1-0_3.xlsx,Sheet6,Cell 15,ok,0.00040229,0.000325427530436324,0.00022264610555903402,0.0014504894788825084,0.0016731355844415425,1.4516911301240088e-05,1.0746208410217808e-05,0.000436750583215841,-2.069884238331848e-05,0.00011323102117423737,0.001119282633244551,-0.00017823424570164015,0.0007468248646289472,results\figures\eis_fits\Stack2\Cell_15\0.3Acm2\0_AfterBreakIn_condition_1_Real_Ageing_EIS-1-0_3.png
Stack2,0_AfterBreakIn,0,1,0.3,data\Stack2\EIS\0_AfterBreakIn\Real_Ageing_EIS-1-0_3.xlsx,Sheet7,Cell 20,ok,0.00034738,0.00023059374067267298,0.0001157313734222165,0.0015097484563376558,0.0016254798297598723,1.668492503023957e-05,1.6799833840450524e-05,0.0002884594273837812,-9.496687186242705e-06,5.863978825048293e-05,0.0011170216062831135,-0.00022428524301402157,0.0007874890288679217,results\figures\eis_fits\Stack2\Cell_20\0.3Acm2\0_AfterBreakIn_condition_1_Real_Ageing_EIS-1-0_3.png
Stack2,0_AfterBreakIn,0,1,0.3,data\Stack2\EIS\0_AfterBreakIn\Real_Ageing_EIS-1-0_3.xlsx,Sheet8,Cell 22,ok,0.00035511,0.0001601744291526361,0.00017262588245400005,0.0014504893338912195,0.0016231152163452196,1.8511528767122728e-05,2.4003673489258947e-05,0.00024648737037963613,3.1441887552479e-05,9.186139622343161e-05,0.0010969678340939394,-0.00018540915342586515,0.000748569556625932,results\figures\eis_fits\Stack2\Cell_22\0.3Acm2\0_AfterBreakIn_condition_1_Real_Ageing_EIS-1-0_3.png
Stack2,0_AfterBreakIn,0,1,0.3,data\Stack2\EIS\0_AfterBreakIn\Real_Ageing_EIS-1-0_3.xlsx,Sheet9,Cell 24,ok,0.00035004,0.00021835327427589747,0.00011488337291505775,0.0016169534681423111,0.0017318368410573688,1.7416325384971927e-05,1.3437138356346952e-05,0.00027579496073342635,1.4259901736066444e-06,5.7459383838153705e-05,0.0011748234021603358,-0.00029741061602524775,0.0008614451253903984,results\figures\eis_fits\Stack2\Cell_24\0.3Acm2\0_AfterBreakIn_condition_1_Real_Ageing_EIS-1-0_3.png
Stack2,0_AfterBreakIn,0,1,0.7,data\Stack2\EIS\0_AfterBreakIn\Real_Ageing_EIS-1-0_7.xlsx,Sheet1,Whole Stack,ok,0.012434,0.0,0.014149773937322342,0.04105600554832194,0.055205779485644285,0.00044507350260512694,0.0007954195766368841,0.0050318864355961,0.007574578623083792,0.007074886968661171,0.026920734957768096,-0.016185992035627435,0.026141637976097736,results\figures\eis_fits\Stack2\Whole_Stack\0.7Acm2\0_AfterBreakIn_condition_1_Real_Ageing_EIS-1-0_7.png
Stack2,0_AfterBreakIn,0,1,0.7,data\Stack2\EIS\0_AfterBreakIn\Real_Ageing_EIS-1-0_7.xlsx,Sheet2,Cell 01,ok,0.00084307,0.0003297958600338223,0.001076060871764349,0.0013785197129493364,0.0024545805847136855,1.4904139826729649e-05,2.1496961198659466e-05,0.0008678262959159968,-0.00021141553659373744,0.0005780772258520315,0.0011346165682966955,0.001053534665450201,0.0006892598564746682,results\figures\eis_fits\Stack2\Cell_01\0.7Acm2\0_AfterBreakIn_condition_1_Real_Ageing_EIS-1-0_7.png
Stack2,0_AfterBreakIn,0,1,0.7,data\Stack2\EIS\0_AfterBreakIn\Real_Ageing_EIS-1-0_7.xlsx,Sheet3,Cell 03,ok,0.00054291,0.0003297962285577977,0.0005847191435830452,0.001572574994491093,0.002157294138074138,1.316362845378768e-05,3.840481780916521e-05,0.0006221558003493203,-6.592668217297218e-05,0.0002997005949951694,0.0010776662486411894,-0.000564384102314485,0.0009678726379384802,results\figures\eis_fits\Stack2\Cell_03\0.7Acm2\0_AfterBreakIn_condition_1_Real_Ageing_EIS-1-0_7.png
Stack2,0_AfterBreakIn,0,1,0.7,data\Stack2\EIS\0_AfterBreakIn\Real_Ageing_EIS-1-0_7.xlsx,Sheet4,Cell 05,ok,0.00084251,0.000338065567538278,0.0010569184641304333,0.0012842437806579053,0.002341162244788339,1.1906561393404748e-05,2.249040322550592e-05,0.0008665247996034947,-0.00020160925875045227,0.000565610690465505,0.0011466161026904996,0.0009869635947174094,0.0006421218903289527,results\figures\eis_fits\Stack2\Cell_05\0.7Acm2\0_AfterBreakIn_condition_1_Real_Ageing_EIS-1-0_7.png
Stack2,0_AfterBreakIn,0,1,0.7,data\Stack2\EIS\0_AfterBreakIn\Real_Ageing_EIS-1-0_7.xlsx,Sheet5,Cell 10,ok,0.00084556,0.00033140551967338245,0.0013008212928387111,0.001378413884642687,0.002679235177481398,8.258954681348941e-06,2.2144615706648206e-05,0.000981816166092738,-0.0003318384479489641,0.0007301717363146983,0.0011427504877666887,0.0010419860666754407,0.0006892069423213435,results\figures\eis_fits\Stack2\Cell_10\0.7Acm2\0_AfterBreakIn_condition_1_Real_Ageing_EIS-1-0_7.png
Stack2,0_AfterBreakIn,0,1,0.7,data\Stack2\EIS\0_AfterBreakIn\Real_Ageing_EIS-1-0_7.xlsx,Sheet6,Cell 15,ok,0.00047466,0.00034604582847632564,0.0002193613326429064,0.0014724607241436323,0.0016918220567865387,1.4171461132121378e-05,3.1939215381758497e-05,0.00045572649479777886,2.6332209465207662e-05,0.00011279731300007784,0.0010627006027596386,-0.0004431283535400334,0.000859300810978029,results\figures\eis_fits\Stack2\Cell_15\0.7Acm2\0_AfterBreakIn_condition_1_Real_Ageing_EIS-1-0_7.png
Stack2,0_AfterBreakIn,0,1,0.7,data\Stack2\EIS\0_AfterBreakIn\Real_Ageing_EIS-1-0_7.xlsx,Sheet7,Cell 20,ok,0.0008442,0.00033199572790863893,0.0011621712886480337,0.001533777270653084,0.0026959485593011177,1.1099100402915201e-05,2.0211246636387698e-05,0.0009130813722326558,-0.00024995569194510023,0.0006325649168071303,0.001163602624195049,0.001124849156029573,0.000766888635326542,results\figures\eis_fits\Stack2\Cell_20\0.7Acm2\0_AfterBreakIn_condition_1_Real_Ageing_EIS-1-0_7.png
Stack2,0_AfterBreakIn,0,1,0.7,data\Stack2\EIS\0_AfterBreakIn\Real_Ageing_EIS-1-0_7.xlsx,Sheet8,Cell 22,ok,0.00084091,0.0003271756888533758,0.0012603230678032385,0.0013296067531275695,0.002589929820930808,8.823738214646806e-06,2.150151406096885e-05,0.0009573372227549951,-0.0003113324903094055,0.0007028737285825227,0.0011379563493854013,0.0010131608629229182,0.0006648033765637848,results\figures\eis_fits\Stack2\Cell_22\0.7Acm2\0_AfterBreakIn_condition_1_Real_Ageing_EIS-1-0_7.png
Stack2,0_AfterBreakIn,0,1,0.7,data\Stack2\EIS\0_AfterBreakIn\Real_Ageing_EIS-1-0_7.xlsx,Sheet9,Cell 24,ok,0.00087142,0.0003531444797090624,0.0012684193658216369,0.0013260936935834788,0.002594513059405116,9.318184093748752e-06,2.4162531796927228e-05,0.0009873541626198809,-0.00029480139387218023,0.000699378140727047,0.0011506563322884508,0.00104197643362996,0.0006630468467917394,results\figures\eis_fits\Stack2\Cell_24\0.7Acm2\0_AfterBreakIn_condition_1_Real_Ageing_EIS-1-0_7.png
Stack2,0_AfterBreakIn,0,2,0.3,data\Stack2\EIS\0_AfterBreakIn\Real_Ageing_EIS-2-0_3.xlsx,Sheet1,Whole Stack,ok,0.0072439,0.0,0.007668099120985688,0.036512108793403955,0.044180207914389646,0.0013219049188547486,0.0003588390806768357,0.0023740038490509827,-0.0008483614143545856,0.003926786615246757,0.026260804651902503,-0.0074813121389521765,0.01972950971148991,results\figures\eis_fits\Stack2\Whole_Stack\0.3Acm2\0_AfterBreakIn_condition_2_Real_Ageing_EIS-2-0_3.png
Stack2,0_AfterBreakIn,0,2,0.3,data\Stack2\EIS\0_AfterBreakIn\Real_Ageing_EIS-2-0_3.xlsx,Sheet2,Cell 01,ok,0.00035036,0.00025847541551219326,9.113452641041862e-05,0.001456810321142041,0.0015479448475524595,2.2545673405902755e-05,1.6178061427409227e-05,0.00030404267871740257,1.1646936371311133e-05,4.703218688143463e-05,0.0010854566840153845,-0.00023671532531692463,0.0007659035338646712,results\figures\eis_fits\Stack2\Cell_01\0.3Acm2\0_AfterBreakIn_condition_2_Real_Ageing_EIS-2-0_3.png
Stack2,0_AfterBreakIn,0,2,0.3,data\Stack2\EIS\0_AfterBreakIn\Real_Ageing_EIS-2-0_3.xlsx,Sheet3,Cell 03,ok,0.00034174,0.00026559190855948874,7.402995516790298e-05,0.0014230606225041334,0.0014970905776720365,1.204750885677873e-05,1.2557643184220597e-05,0.0003026068861434402,8.947024381484632e-06,3.808093763056933e-05,0.0010586019655215752,-0.00024188330694315977,0.0007515204042527533,results\figures\eis_fits\Stack2\Cell_03\0.3Acm2\0_AfterBreakIn_condition_2_Real_Ageing_EIS-2-0_3.png
Stack2,0_AfterBreakIn,0,2,0.3,data\Stack2\EIS\0_AfterBreakIn\Real_Ageing_EIS-2-0_3.xlsx,Sheet4,Cell 05,ok,0.00036527,0.0002833634256727388,4.796768671343974e-05,0.0014019659056762918,0.0014499335923897315,1.1159853490459008e-05,1.1233670847989361e-05,0.0003073472690294586,3.9696733556000754e-05,4.6379471721611836e-05,0.0010660594095225845,-0.00021812441126142727,0.0007341357905441136,results\figures\eis_fits\Stack2\Cell_05\0.3Acm2\0_AfterBreakIn_condition_2_Real_Ageing_EIS-2-0_3.png
Stack2,0_AfterBreakIn,0,2,0.3,data\Stack2\EIS\0_AfterBreakIn\Real_Ageing_EIS-2-0_3.xlsx,Sheet5,Cell 10,ok,0.00033993,0.00018918144551195265,0.00014639169361148742,0.001501431690926537,0.0016478233845380243,1.2936960781435914e-05,1.1038285243523248e-05,0.00026237729231769636,-1.2088568436431235e-05,7.418736736434433e-05,0.0010969820555856921,-0.0002877754841403602,0.0008039832149378796,results\figures\eis_fits\Stack2\Cell_10\0.3Acm2\0_AfterBreakIn_condition_2_Real_Ageing_EIS-2-0_3.png
Stack2,0_AfterBreakIn,0,2,0.3,data\Stack2\EIS\0_AfterBreakIn\Real_Ageing_EIS-2-0_3.xlsx,Sheet6,Cell 15,ok,0.00033784,0.00023198285244825775,0.00010866395140448129,0.001462222064077497,0.0015708860154819782,1.568319572930621e-05,1.6444604595859106e-05,0.0002863148281504984,-1.7454802271184872e-05,5.7066923046849376e-05,0.0010823971349965531,-0.0002594297568963763,0.0007757751864632414,results\figures\eis_fits\Stack2\Cell_15\0.3Acm2\0_AfterBreakIn_condition_2_Real_Ageing_EIS-2-0_3.png
Stack2,0_AfterBreakIn,0,2,0.3,data\Stack2\EIS\0_AfterBreakIn\Real_Ageing_EIS-2-0_3.xlsx,Sheet7,Cell 20,ok,0.00033409,0.00028243715250286474,0.00014265040297067,0.0014354214727298738,0.0015780718757005437,6.6357085350516444e-06,2.2907200042421646e-05,0.00035376235398819973,-7.53122405829493e-05,0.00010372665013653756,0.0010689136934327438,-0.0002306986115706695,0.0007538770128304315,results\figures\eis_fits\Stack2\Cell_20\0.3Acm2\0_AfterBreakIn_condition_2_Real_Ageing_EIS-2-0_3.png
Stack2,0_AfterBreakIn,0,2,0.3,data\Stack2\EIS\0_AfterBreakIn\Real_Ageing_EIS-2-0_3.xlsx,Sheet8,Cell 22,ok,0.00035801,0.00011735192052253773,0.00021726984832293674,0.0014085200467139586,0.0016257898950368954,1.643359869387459e-05,1.2314099904737846e-05,0.0002259868446840061,3.8142512565744055e-05,0.00011513643216808453,0.0010664379899015441,-0.0002122652869441044,0.0007355533512534872,results\figures\eis_fits\Stack2\Cell_22\0.3Acm2\0_AfterBreakIn_condition_2_Real_Ageing_EIS-2-0_3.png
Stack2,0_AfterBreakIn,0,2,0.3,data\Stack2\EIS\0_AfterBreakIn\Real_Ageing_EIS-2-0_3.xlsx,Sheet9,Cell 24,ok,0.00035613,0.0001461551031981387,0.0002023999922001558,0.0015636391868422042,0.00176603917904236,2.6443990937161944e-05,1.0856859345702229e-05,0.0002473550992982166,-8.557341496749909e-05,0.00013253017980767844,0.0011437235406728708,-0.00030881388509001404,0.0008405997217948182,results\figures\eis_fits\Stack2\Cell_24\0.3Acm2\0_AfterBreakIn_condition_2_Real_Ageing_EIS-2-0_3.png
Stack2,0_AfterBreakIn,0,2,0.7,data\Stack2\EIS\0_AfterBreakIn\Real_Ageing_EIS-2-0_7.xlsx,Sheet1,Whole Stack,ok,0.0081851,0.0,0.0365293169457615,0.03481852499357688,0.07134784193933838,0.00019961640499257532,0.0006192012517372978,0.007050857878214671,0.01914606490286086,0.01826465847288075,0.024954704457674042,-0.011480489081896568,0.020853873746659892,results\figures\eis_fits\Stack2\Whole_Stack\0.7Acm2\0_AfterBreakIn_condition_2_Real_Ageing_EIS-2-0_7.png
Stack2,0_AfterBreakIn,0,2,0.7,data\Stack2\EIS\0_AfterBreakIn\Real_Ageing_EIS-2-0_7.xlsx,Sheet2,Cell 01,ok,0.00083645,0.000322306558464289,0.001182137187946368,0.0012102718893430592,0.0023924090772894273,8.833829639444065e-06,3.28976581435086e-05,0.000913375152437473,-0.0002886474703315661,0.0006577837371889404,0.001188573615550182,0.0009230074438869917,0.0006051359446715296,results\figures\eis_fits\Stack2\Cell_01\0.7Acm2\0_AfterBreakIn_condition_2_Real_Ageing_EIS-2-0_7.png
Stack2,0_AfterBreakIn,0,2,0.7,data\Stack2\EIS\0_AfterBreakIn\Real_Ageing_EIS-2-0_7.xlsx,Sheet3,Cell 03,ok,0.00082648,0.0003244934992842175,0.0011137709164422735,0.001088607129999094,0.0022023780464413677,9.496580190833304e-06,3.108551955491559e-05,0.0008813789575053542,-0.00025972543896829497,0.0006144743422026984,0.001175421853245788,0.0008370216924495864,0.000544303564999547,results\figures\eis_fits\Stack2\Cell_03\0.7Acm2\0_AfterBreakIn_condition_2_Real_Ageing_EIS-2-0_7.png
Stack2,0_AfterBreakIn,0,2,0.7,data\Stack2\EIS\0_AfterBreakIn\Real_Ageing_EIS-2-0_7.xlsx,Sheet4,Cell 05,ok,0.00083065,0.00033979805894899265,0.0009115588492936878,0.0010002678516618183,0.001911826700955506,1.5277180467933853e-05,3.690819998126913e-05,0.0007955774835958366,-0.0001466245143262687,0.0004787834919176122,0.0011722808494631155,0.0007964871029031569,0.0005001339258309092,results\figures\eis_fits\Stack2\Cell_05\0.7Acm2\0_AfterBreakIn_condition_2_Real_Ageing_EIS-2-0_7.png
Stack2,0_AfterBreakIn,0,2,0.7,data\Stack2\EIS\0_AfterBreakIn\Real_Ageing_EIS-2-0_7.xlsx,Sheet5,Cell 10,ok,0.00083518,0.00032748397896668413,0.0012371849152643477,0.000966494370091289,0.0022036792853556367,8.319041905579914e-06,3.896308816527003e-05,0.000946076436598858,-0.0003298259291210673,0.0007010290808233194,0.0011780299405426476,0.000780056788478163,0.0004832471850456445,results\figures\eis_fits\Stack2\Cell_10\0.7Acm2\0_AfterBreakIn_condition_2_Real_Ageing_EIS-2-0_7.png
Stack2,0_AfterBreakIn,0,2,0.7,data\Stack2\EIS\0_AfterBreakIn\Real_Ageing_EIS-2-0_7.xlsx,Sheet6,Cell 15,ok,0.00092458,0.00034104474139337083,0.0010373623160408636,0.0008372005196748651,0.0018745628357157286,1.256675331946018e-05,3.576952017378301e-05,0.0008597258994138026,-0.00019965666041278196,0.0005557813650461853,0.0012355984782568535,0.0007114700524771942,0.00041860025983743253,results\figures\eis_fits\Stack2\Cell_15\0.7Acm2\0_AfterBreakIn_condition_2_Real_Ageing_EIS-2-0_7.png
Stack2,0_AfterBreakIn,0,2,0.7,data\Stack2\EIS\0_AfterBreakIn\Real_Ageing_EIS-2-0_7.xlsx,Sheet7,Cell 20,ok,0.0009136,0.00033456530830021424,0.0010099064599552769,0.0008359682466147586,0.0018458747065700355,1.5297309113165334e-05,3.814813551674084e-05,0.0008395185382778527,-0.000182428950632107,0.0005368967186466886,0.0012316661934827363,0.0007153246792677936,0.0004179841233073793,results\figures\eis_fits\Stack2\Cell_20\0.7Acm2\0_AfterBreakIn_condition_2_Real_Ageing_EIS-2-0_7.png
Stack2,0_AfterBreakIn,0,2,0.7,data\Stack2\EIS\0_AfterBreakIn\Real_Ageing_EIS-2-0_7.xlsx,Sheet8,Cell 22,ok,0.00090615,0.00032883459567057945,0.0010260037017900735,0.0006885581743277437,0.001714561876117817,1.483185586798624e-05,4.5545431339409576e-05,0.0008418364465656162,-0.00020529462448102005,0.0005525547772506691,0.0012043353112377781,0.0006309827450693464,0.00034427908716387184,results\figures\eis_fits\Stack2\Cell_22\0.7Acm2\0_AfterBreakIn_condition_2_Real_Ageing_EIS-2-0_7.png
Stack2,0_AfterBreakIn,0,2,0.7,data\Stack2\EIS\0_AfterBreakIn\Real_Ageing_EIS-2-0_7.xlsx,Sheet9,Cell 24,ok,0.00086246,0.0003510026017001283,0.0011456274004189397,0.0010281209745524307,0.0021737483749713704,1.3268838518198057e-05,1.788890491659199e-05,0.0009238163019095982,-0.00025369729152619977,0.0006264805271318447,0.001120277763167676,0.0008638447806165486,0.0005140604872762154,results\figures\eis_fits\Stack2\Cell_24\0.7Acm2\0_AfterBreakIn_condition_2_Real_Ageing_EIS-2-0_7.png
Stack2,0_AfterBreakIn,0,3,0.3,data\Stack2\EIS\0_AfterBreakIn\Real_Ageing_EIS-3-0_3.xlsx,Sheet1,Whole Stack,ok,0.012127,0.000538714709639853,0.006407963887049695,0.033933352535268406,0.0403413164223181,0.000617325990077593,7.524836510528588e-05,0.0037426966531647005,0.006677261139181796,0.007406167471456518,0.02690115382252743,-0.003902793057783047,0.017409764421800235,results\figures\eis_fits\Stack2\Whole_Stack\0.3Acm2\0_AfterBreakIn_condition_3_Real_Ageing_EIS-3-0_3.png
Stack2,0_AfterBreakIn,0,3,0.3,data\Stack2\EIS\0_AfterBreakIn\Real_Ageing_EIS-3-0_3.xlsx,Sheet2,Cell 01,ok,0.00035154,0.00021375950316046278,0.00013785698393844537,0.0014856281920715912,0.0016234851760100364,2.0188158604067173e-05,1.861518157628767e-05,0.00028268799512968547,-8.248326408293565e-06,6.94202556440766e-05,0.0011072470348778489,-0.00024058424155801457,0.0007808031496834021,results\figures\eis_fits\Stack2\Cell_01\0.3Acm2\0_AfterBreakIn_condition_3_Real_Ageing_EIS-3-0_3.png
Stack2,0_AfterBreakIn,0,3,0.3,data\Stack2\EIS\0_AfterBreakIn\Real_Ageing_EIS-3-0_3.xlsx,Sheet3,Cell 03,ok,0.0004407,0.00031952168394319485,0.0003176573553642863,0.001404058512138498,0.0017217158675027842,1.9482857002611916e-05,4.823398091473457e-06,0.00047835036162533796,-3.835335120296612e-05,0.00016339378324390489,0.0010983679413054013,-0.0001734596603323167,0.0007231412933443545,results\figures\eis_fits\Stack2\Cell_03\0.3Acm2\0_AfterBreakIn_condition_3_Real_Ageing_EIS-3-0_3.png
Stack2,0_AfterBreakIn,0,3,0.3,data\Stack2\EIS\0_AfterBreakIn\Real_Ageing_EIS-3-0_3.xlsx,Sheet4,Cell 05,ok,0.00036301,0.00021278501331152222,0.0001200032334306757,0.0014243819108412563,0.001544385144271932,1.0832320186152683e-05,2.6978347363165004e-05,0.00027278663002686007,4.7808290440136893e-05,7.67191413094724e-05,0.0010915138273578625,-0.00018365901450614997,0.000735490714144181,results\figures\eis_fits\Stack2\Cell_05\0.3Acm2\0_AfterBreakIn_condition_3_Real_Ageing_EIS-3-0_3.png
Stack2,0_AfterBreakIn,0,3,0.3,data\Stack2\EIS\0_AfterBreakIn\Real_Ageing_EIS-3-0_3.xlsx,Sheet5,Cell 10,ok,0.00035764,0.00022708567677129574,0.00013192740363921369,0.00144956922679796,0.0015814966304371735,1.7896920875837254e-05,2.6432652171345855e-05,0.0002930493785909026,-2.2042543708862973e-05,6.954914586753124e-05,0.001105859666630139,-0.00019119104809593157,0.0007495777162455736,results\figures\eis_fits\Stack2\Cell_10\0.3Acm2\0_AfterBreakIn_condition_3_Real_Ageing_EIS-3-0_3.png
Stack2,0_AfterBreakIn,0,3,0.3,data\Stack2\EIS\0_AfterBreakIn\Real_Ageing_EIS-3-0_3.xlsx,Sheet6,Cell 15,ok,0.00048868,0.0003572593239304273,0.00023199516992250413,0.0014148375609294391,0.0016468327308519432,1.8237900964197848e-05,3.920629140560202e-06,0.0004732569088916794,3.2995736507222064e-05,0.00012059916394609425,0.0011227188149907307,-0.00016501009644193985,0.0007264087436711987,results\figures\eis_fits\Stack2\Cell_15\0.3Acm2\0_AfterBreakIn_condition_3_Real_Ageing_EIS-3-0_3.png
Stack2,0_AfterBreakIn,0,3,0.3,data\Stack2\EIS\0_AfterBreakIn\Real_Ageing_EIS-3-0_3.xlsx,Sheet7,Cell 20,ok,0.00045835,0.00033134031107050254,0.0002674881798399705,0.001270582856233557,0.0015380710360735276,2.0376391685259838e-05,2.9819027020069372e-05,0.0004650844009904878,-1.8559988104392902e-06,0.00013375696737033722,0.0010960360116057184,-4.893749670625224e-05,0.0006371735063721109,results\figures\eis_fits\Stack2\Cell_20\0.3Acm2\0_AfterBreakIn_condition_3_Real_Ageing_EIS-3-0_3.png
Stack2,0_AfterBreakIn,0,3,0.3,data\Stack2\EIS\0_AfterBreakIn\Real_Ageing_EIS-3-0_3.xlsx,Sheet8,Cell 22,ok,0.00039004,0.00024099088944008827,0.00012871154126238097,0.001409980523277295,0.001538692064539676,1.1657135986335753e-05,1.9363021594811914e-05,0.00030534666007127874,6.454118585022139e-05,6.435577063119048e-05,0.0011023606658890704,-0.00015433461838663148,0.0007216858343059505,results\figures\eis_fits\Stack2\Cell_22\0.3Acm2\0_AfterBreakIn_condition_3_Real_Ageing_EIS-3-0_3.png
Stack2,0_AfterBreakIn,0,3,0.3,data\Stack2\EIS\0_AfterBreakIn\Real_Ageing_EIS-3-0_3.xlsx,Sheet9,Cell 24,ok,0.00037855,0.00027245004335412696,0.00010937215086279908,0.0013533759021868692,0.0014627480530496682,1.9583522977821197e-05,4.549189907766463e-05,0.0003271361187855265,-4.414750593769105e-06,5.486398517145747e-05,0.0010978698278950939,-9.244958957993532e-05,0.0006829740183700468,results\figures\eis_fits\Stack2\Cell_24\0.3Acm2\0_AfterBreakIn_condition_3_Real_Ageing_EIS-3-0_3.png
Stack2,0_AfterBreakIn,0,3,0.7,data\Stack2\EIS\0_AfterBreakIn\Real_Ageing_EIS-3-0_7.xlsx,Sheet1,Whole Stack,ok,0.012617,0.0,0.015241447723997804,0.039858503332251376,0.05509995105624918,0.0003991497295836695,0.0008301712048395178,0.004786857255199545,0.008017095118581822,0.007620723861998902,0.02662233341793167,-0.015277533114786213,0.025111313984838842,results\figures\eis_fits\Stack2\Whole_Stack\0.7Acm2\0_AfterBreakIn_condition_3_Real_Ageing_EIS-3-0_7.png
Stack2,0_AfterBreakIn,0,3,0.7,data\Stack2\EIS\0_AfterBreakIn\Real_Ageing_EIS-3-0_7.xlsx,Sheet2,Cell 01,ok,0.00084863,0.0003291048636512381,0.0011635310903139228,0.0012198348072966,0.0023833658976105225,1.1912111471682928e-05,2.398697198366415e-05,0.0009108704088081995,-0.00025928305407938904,0.0006369292359944799,0.0011380440641940088,0.0009669500308617321,0.0006099174036483,results\figures\eis_fits\Stack2\Cell_01\0.7Acm2\0_AfterBreakIn_condition_3_Real_Ageing_EIS-3-0_7.png
Stack2,0_AfterBreakIn,0,3,0.7,data\Stack2\EIS\0_AfterBreakIn\Real_Ageing_EIS-3-0_7.xlsx,Sheet3,Cell 03,ok,0.00051705,0.00033183477693177096,0.0004653997259102025,0.0016116616022835552,0.0020770613281937576,1.3683999835123409e-05,3.42699628578366e-05,0.0005645346398868722,-3.7304610976758946e-05,0.00023567108481833369,0.0010797569669900781,-0.000614733273043342,0.0010135384931295797,results\figures\eis_fits\Stack2\Cell_03\0.7Acm2\0_AfterBreakIn_condition_3_Real_Ageing_EIS-3-0_7.png
Stack2,0_AfterBreakIn,0,3,0.7,data\Stack2\EIS\0_AfterBreakIn\Real_Ageing_EIS-3-0_7.xlsx,Sheet4,Cell 05,ok,0.00055655,0.00033580654222041274,0.000726870807289096,0.0016301534016563452,0.0023570242089454413,8.993716245991092e-06,3.561935231750274e-05,0.0006992419458649608,-0.00012688630261606382,0.0003849486023014642,0.0010961257124499104,-0.0006223596247031156,0.0010255152513217642,results\figures\eis_fits\Stack2\Cell_05\0.7Acm2\0_AfterBreakIn_condition_3_Real_Ageing_EIS-3-0_7.png
Stack2,0_AfterBreakIn,0,3,0.7,data\Stack2\EIS\0_AfterBreakIn\Real_Ageing_EIS-3-0_7.xlsx,Sheet5,Cell 10,ok,0.00032689,0.000287134418105145,2.0758615225495345e-05,0.0015350652526176024,0.0015558238678430977,5.935763077963048e-06,2.1562374834516823e-05,0.0002975137257178927,-3.280143976912407e-05,3.440442525965978e-05,0.0010948388127648583,-0.0004980025832412897,0.0009149387440498317,results\figures\eis_fits\Stack2\Cell_10\0.7Acm2\0_AfterBreakIn_condition_3_Real_Ageing_EIS-3-0_7.png
Stack2,0_AfterBreakIn,0,3,0.7,data\Stack2\EIS\0_AfterBreakIn\Real_Ageing_EIS-3-0_7.xlsx,Sheet6,Cell 15,ok,0.00044437,0.00034247158265980295,0.00022802085702589006,0.0015621128823604703,0.0017901337393863605,1.0359254192542346e-05,2.9948206758365978e-05,0.000456482011172748,8.516920538185217e-06,0.00011432810566592587,0.0010917931744111385,-0.0005425809342241558,0.0009510222050471229,results\figures\eis_fits\Stack2\Cell_15\0.7Acm2\0_AfterBreakIn_condition_3_Real_Ageing_EIS-3-0_7.png
Stack2,0_AfterBreakIn,0,3,0.7,data\Stack2\EIS\0_AfterBreakIn\Real_Ageing_EIS-3-0_7.xlsx,Sheet7,Cell 20,ok,0.00047551,0.0003331742630551148,0.0003655053355610012,0.0016153070820905566,0.0019808124176515576,1.2817065628067586e-05,2.9487329581413048e-05,0.0005159269308356154,-2.5376771454382115e-05,0.00018450614653809765,0.0010947353944139866,-0.0005946498649169163,0.0010029519949671989,results\figures\eis_fits\Stack2\Cell_20\0.7Acm2\0_AfterBreakIn_condition_3_Real_Ageing_EIS-3-0_7.png
Stack2,0_AfterBreakIn,0,3,0.7,data\Stack2\EIS\0_AfterBreakIn\Real_Ageing_EIS-3-0_7.xlsx,Sheet8,Cell 22,ok,0.00033946,0.0002450882671188008,8.844220176488502e-05,0.0014802644685454817,0.0015687066703103667,9.446751046871104e-06,2.8343856513901816e-05,0.0002893093680012433,-4.960249775374188e-06,4.44984251529114e-05,0.0010707182105797388,-0.00044344254041957254,0.0008628076325944988,results\figures\eis_fits\Stack2\Cell_22\0.7Acm2\0_AfterBreakIn_condition_3_Real_Ageing_EIS-3-0_7.png
Stack2,0_AfterBreakIn,0,3,0.7,data\Stack2\EIS\0_AfterBreakIn\Real_Ageing_EIS-3-0_7.xlsx,Sheet9,Cell 24,ok,0.00087675,0.00035212401566408775,0.0013658537936321012,0.0012537437790202173,0.0026195975726523183,8.176755349776089e-06,2.588447310914063e-05,0.0010350509124801384,-0.00034020696592602527,0.0007629743941046726,0.00115801621904401,0.0010085283588134326,0.0006268718895101087,results\figures\eis_fits\Stack2\Cell_24\0.7Acm2\0_AfterBreakIn_condition_3_Real_Ageing_EIS-3-0_7.png
Stack2,0_AfterBreakIn,0,4,0.3,data\Stack2\EIS\0_AfterBreakIn\Real_Ageing_EIS-4-0_3.xlsx,Sheet1,Whole Stack,ok,0.012133,0.0,0.005963533260467968,0.03389430325817528,0.03985783651864325,0.00047977311404500376,0.00014685542648912306,0.002702530003136755,0.008674763047269156,0.00917291917349343,0.02619983157983595,-0.004504411487665665,0.017535554487654568,results\figures\eis_fits\Stack2\Whole_Stack\0.3Acm2\0_AfterBreakIn_condition_4_Real_Ageing_EIS-4-0_3.png
Stack2,0_AfterBreakIn,0,4,0.3,data\Stack2\EIS\0_AfterBreakIn\Real_Ageing_EIS-4-0_3.xlsx,Sheet2,Cell 01,ok,0.00039428,0.00029712455097446414,0.00024046689093207743,0.001453580243095565,0.0016940471340276425,1.6549171051620598e-05,1.2684323400566076e-05,0.00041735799644050285,-2.8320304719551166e-05,0.00012352376721928108,0.001082210669028534,-0.00024900546517068323,0.0007682627170859645,results\figures\eis_fits\Stack2\Cell_01\0.3Acm2\0_AfterBreakIn_condition_4_Real_Ageing_EIS-4-0_3.png
Stack2,0_AfterBreakIn,0,4,0.3,data\Stack2\EIS\0_AfterBreakIn\Real_Ageing_EIS-4-0_3.xlsx,Sheet3,Cell 03,ok,0.00032189,0.00016241792031334174,0.00015359528163153124,0.0014987618862036252,0.0016523571678351565,1.3227139708700169e-05,1.1577142954953462e-05,0.00023921556112910735,-1.5221437662056714e-05,7.829156914615538e-05,0.001076503895665034,-0.0002908370518034178,0.0008038395291262218,results\figures\eis_fits\Stack2\Cell_03\0.3Acm2\0_AfterBreakIn_condition_4_Real_Ageing_EIS-4-0_3.png
Stack2,0_AfterBreakIn,0,4,0.3,data\Stack2\EIS\0_AfterBreakIn\Real_Ageing_EIS-4-0_3.xlsx,Sheet4,Cell 05,ok,0.00044049,0.0003205087650901184,0.00028534912851235604,0.0013324510677644623,0.0016178001962768183,1.5636107696056792e-05,1.3582932048542887e-05,0.0004631833293462964,-7.95860805244959e-06,0.00014289636359202,0.0010693390794585952,-0.00013695292963784736,0.0006801562812567808,results\figures\eis_fits\Stack2\Cell_05\0.3Acm2\0_AfterBreakIn_condition_4_Real_Ageing_EIS-4-0_3.png
Stack2,0_AfterBreakIn,0,4,0.3,data\Stack2\EIS\0_AfterBreakIn\Real_Ageing_EIS-4-0_3.xlsx,Sheet5,Cell 10,ok,0.00032795,0.00020958674856172337,0.00011134882345846699,0.0015496603287021033,0.0016610091521605704,1.086021230180902e-05,1.162456881513077e-05,0.00026526116029095687,-2.370055045063885e-06,5.5724835417548294e-05,0.0011102815481262326,-0.00030174275828832734,0.0008315109594994679,results\figures\eis_fits\Stack2\Cell_10\0.3Acm2\0_AfterBreakIn_condition_4_Real_Ageing_EIS-4-0_3.png
Stack2,0_AfterBreakIn,0,4,0.3,data\Stack2\EIS\0_AfterBreakIn\Real_Ageing_EIS-4-0_3.xlsx,Sheet6,Cell 15,ok,0.00034487,0.00023603778303096532,0.00010356080083402648,0.0014679106613621534,0.0015714714621961798,1.2235762129448937e-05,1.713898050877954e-05,0.00028781818344797856,1.0969991084369097e-05,5.2929675719178204e-05,0.0010891846286877587,-0.00023823298424296356,0.0007716510754327223,results\figures\eis_fits\Stack2\Cell_15\0.3Acm2\0_AfterBreakIn_condition_4_Real_Ageing_EIS-4-0_3.png
Stack2,0_AfterBreakIn,0,4,0.3,data\Stack2\EIS\0_AfterBreakIn\Real_Ageing_EIS-4-0_3.xlsx,Sheet7,Cell 20,ok,0.00032959,0.0002658714175216042,0.00012962298097690363,0.0015001766440373768,0.0016297996250142805,1.4687167287892076e-05,1.66468367624205e-05,0.00033068290801005604,-8.759969848184859e-05,0.00010896897023210537,0.0010909801336925094,-0.00025870786656364013,0.0007934495894829878,results\figures\eis_fits\Stack2\Cell_20\0.3Acm2\0_AfterBreakIn_condition_4_Real_Ageing_EIS-4-0_3.png
Stack2,0_AfterBreakIn,0,4,0.3,data\Stack2\EIS\0_AfterBreakIn\Real_Ageing_EIS-4-0_3.xlsx,Sheet8,Cell 22,ok,0.00032596,1.0029121733690668e-05,0.00029778578986175116,0.0014801710499193128,0.001777956839781064,1.1154767915627476e-05,1.7051493281469572e-05,0.00015892201666456625,6.864264503405061e-05,0.00016395397792724466,0.0010809116542741296,-0.00024087959744658783,0.0007782991486060102,results\figures\eis_fits\Stack2\Cell_22\0.3Acm2\0_AfterBreakIn_condition_4_Real_Ageing_EIS-4-0_3.png
Stack2,0_AfterBreakIn,0,4,0.3,data\Stack2\EIS\0_AfterBreakIn\Real_Ageing_EIS-4-0_3.xlsx,Sheet9,Cell 24,ok,0.00033487,7.83686333260008e-05,0.00024495692722407617,0.001606548622282713,0.001851505549506789,1.6047769957475667e-05,1.7011137899624144e-05,0.00020084709693803888,-2.655595940428893e-05,0.0001253243512995283,0.0011563176653552755,-0.0002978660762318676,0.0008567227196178408,results\figures\eis_fits\Stack2\Cell_24\0.3Acm2\0_AfterBreakIn_condition_4_Real_Ageing_EIS-4-0_3.png
Stack2,0_AfterBreakIn,0,4,0.7,data\Stack2\EIS\0_AfterBreakIn\Real_Ageing_EIS-4-0_7.xlsx,Sheet1,Whole Stack,ok,0.0077619,0.0,0.012204667665264022,0.03761206995829128,0.0498167376235553,0.00040325909338635924,0.00048549679404294015,0.002260145620901172,-0.0084586107009231,0.010430080210365405,0.02610324865475422,-0.01282316522016059,0.022761821497858766,results\figures\eis_fits\Stack2\Whole_Stack\0.7Acm2\0_AfterBreakIn_condition_4_Real_Ageing_EIS-4-0_7.png
Stack2,0_AfterBreakIn,0,4,0.7,data\Stack2\EIS\0_AfterBreakIn\Real_Ageing_EIS-4-0_7.xlsx,Sheet2,Cell 01,ok,0.0011273,0.0003118234079588305,0.0011358940968943688,0.0005858523441953414,0.00172174644108971,7.162043800002708e-06,4.214223765094794e-06,0.0008797704564060149,-0.00028985645183765335,0.0006376367402461861,0.0012573042010396252,4.198827641623721e-05,0.00029592018798351783,results\figures\eis_fits\Stack2\Cell_01\0.7Acm2\0_AfterBreakIn_condition_4_Real_Ageing_EIS-4-0_7.png
Stack2,0_AfterBreakIn,0,4,0.7,data\Stack2\EIS\0_AfterBreakIn\Real_Ageing_EIS-4-0_7.xlsx,Sheet3,Cell 03,ok,0.00089083,0.0003117254142532439,0.0012149705354782942,0.0008774770672430284,0.0020924476027213224,5.729569537624151e-06,4.118129798103671e-05,0.000919210681992391,-0.0003162821532815716,0.0006848888603302953,0.0012358535305264087,-1.943493236268522e-05,0.00043916878017488756,results\figures\eis_fits\Stack2\Cell_03\0.7Acm2\0_AfterBreakIn_condition_4_Real_Ageing_EIS-4-0_7.png
Stack2,0_AfterBreakIn,0,4,0.7,data\Stack2\EIS\0_AfterBreakIn\Real_Ageing_EIS-4-0_7.xlsx,Sheet4,Cell 05,ok,0.00082036,0.00032873083043548953,0.0009017563353805971,0.001032241655584924,0.001933997990965521,1.8908614757392215e-05,3.358853436662935e-05,0.0007796089981257881,-0.0001434922996913031,0.0004731608206207058,0.0011041161488778743,0.0008523391106480397,0.000516120827792462,results\figures\eis_fits\Stack2\Cell_05\0.7Acm2\0_AfterBreakIn_condition_4_Real_Ageing_EIS-4-0_7.png
Stack2,0_AfterBreakIn,0,4,0.7,data\Stack2\EIS\0_AfterBreakIn\Real_Ageing_EIS-4-0_7.xlsx,Sheet5,Cell 10,ok,0.00082428,0.0003185338773688247,0.0012892966900194954,0.0010381397645835603,0.0023274364546030557,7.59252713828514e-06,3.5914454017337996e-05,0.0009631822223785724,-0.00034581073168905467,0.000731543950063922,0.0011120703662712158,0.0008625536002056498,0.0005190698822917801,results\figures\eis_fits\Stack2\Cell_10\0.7Acm2\0_AfterBreakIn_condition_4_Real_Ageing_EIS-4-0_7.png
Stack2,0_AfterBreakIn,0,4,0.7,data\Stack2\EIS\0_AfterBreakIn\Real_Ageing_EIS-4-0_7.xlsx,Sheet6,Cell 15,ok,0.00083807,0.0003361959915773751,0.0009617415660004743,0.0009330145341563169,0.001894756100156791,1.439003064301851e-05,3.748415962617618e-05,0.0008170667745776122,-0.0001607880925806039,0.0005070399596274144,0.0011380248784127057,0.0007983266038957353,0.00046650726707815843,results\figures\eis_fits\Stack2\Cell_15\0.7Acm2\0_AfterBreakIn_condition_4_Real_Ageing_EIS-4-0_7.png
Stack2,0_AfterBreakIn,0,4,0.7,data\Stack2\EIS\0_AfterBreakIn\Real_Ageing_EIS-4-0_7.xlsx,Sheet7,Cell 20,ok,0.00082679,0.00032093798549075734,0.0010863078500560727,0.0012062915790209358,0.0022925994290770085,1.1274262052131104e-05,2.953305089763389e-05,0.0008640919105187937,-0.00022950512459705906,0.0005896514126920017,0.0011245036935023044,0.0009470931758474655,0.0006031457895104679,results\figures\eis_fits\Stack2\Cell_20\0.7Acm2\0_AfterBreakIn_condition_4_Real_Ageing_EIS-4-0_7.png
Stack2,0_AfterBreakIn,0,4,0.7,data\Stack2\EIS\0_AfterBreakIn\Real_Ageing_EIS-4-0_7.xlsx,Sheet8,Cell 22,ok,0.00081984,0.0003245668399033127,0.001029985222767585,0.0012657003595305976,0.0022956855822981823,1.3863542046710852e-05,2.7655410341154226e-05,0.0008395594512871052,-0.00019679806118670293,0.0005513137642638202,0.0010909161289078188,0.0009896121995044182,0.0006328501797652988,results\figures\eis_fits\Stack2\Cell_22\0.7Acm2\0_AfterBreakIn_condition_4_Real_Ageing_EIS-4-0_7.png
Stack2,0_AfterBreakIn,0,4,0.7,data\Stack2\EIS\0_AfterBreakIn\Real_Ageing_EIS-4-0_7.xlsx,Sheet9,Cell 24,ok,0.00084054,0.0003372291844200376,0.0012758774835759721,0.0013303637577918607,0.002606241241367833,9.980656961872636e-06,2.945501490478153e-05,0.0009751679262080237,-0.0003134780253743775,0.0007107983614687485,0.0010710609403053832,0.0010525096082231213,0.0006651818788959304,results\figures\eis_fits\Stack2\Cell_24\0.7Acm2\0_AfterBreakIn_condition_4_Real_Ageing_EIS-4-0_7.png
Stack2,0_AfterBreakIn,0,5,0.3,data\Stack2\EIS\0_AfterBreakIn\Real_Ageing_EIS-5-0_3.xlsx,Sheet1,Whole Stack,ok,0.012533,0.0,0.006777483468039381,0.03521721861160992,0.041994702079649296,0.0003887666830882945,6.5720839679904e-05,0.002975205339736442,0.008793652569358941,0.009424006369399369,0.027768864111883677,-0.003929863805282607,0.018041811195457936,results\figures\eis_fits\Stack2\Whole_Stack\0.3Acm2\0_AfterBreakIn_condition_5_Real_Ageing_EIS-5-0_3.png
Stack2,0_AfterBreakIn,0,5,0.3,data\Stack2\EIS\0_AfterBreakIn\Real_Ageing_EIS-5-0_3.xlsx,Sheet2,Cell 01,ok,0.00041377,0.00032813006711160294,0.0001759047468179219,0.0015302026834261855,0.0017061074302441074,1.3466713989657981e-05,1.0282553218320879e-05,0.0004160824405205639,6.268364575578755e-06,8.81754636093379e-05,0.0011617697842845782,-0.0002042821785261883,0.0007919035746570286,results\figures\eis_fits\Stack2\Cell_01\0.3Acm2\0_AfterBreakIn_condition_5_Real_Ageing_EIS-5-0_3.png
Stack2,0_AfterBreakIn,0,5,0.3,data\Stack2\EIS\0_AfterBreakIn\Real_Ageing_EIS-5-0_3.xlsx,Sheet3,Cell 03,ok,0.00033396,0.00029159864536574355,9.503382379333282e-05,0.0016542710044421887,0.0017493048282355215,1.200353524195402e-05,1.404985015149273e-05,0.00033911555726240996,-3.928263790590248e-05,6.165210910457001e-05,0.001175048597601872,-0.00032762702207006966,0.0008896587012023453,results\figures\eis_fits\Stack2\Cell_03\0.3Acm2\0_AfterBreakIn_condition_5_Real_Ageing_EIS-5-0_3.png
Stack2,0_AfterBreakIn,0,5,0.3,data\Stack2\EIS\0_AfterBreakIn\Real_Ageing_EIS-5-0_3.xlsx,Sheet4,Cell 05,ok,0.0003678,0.0003081748207118165,9.775149497657833e-05,0.001508830418374827,0.0016065819133514053,1.3955295723983292e-05,2.249385159207998e-05,0.0003570505682001057,-1.8222435256684694e-05,5.216220700107569e-05,0.0011372370155299197,-0.00021333283646408343,0.0007839982187269945,results\figures\eis_fits\Stack2\Cell_05\0.3Acm2\0_AfterBreakIn_condition_5_Real_Ageing_EIS-5-0_3.png
Stack2,0_AfterBreakIn,0,5,0.3,data\Stack2\EIS\0_AfterBreakIn\Real_Ageing_EIS-5-0_3.xlsx,Sheet5,Cell 10,ok,0.00033955,0.00023371607601257554,0.00010655028655706882,0.0016469971674257537,0.0017535474539828225,3.160091844160454e-06,1.3838557722143673e-05,0.00028699121929110996,9.398193099075552e-06,5.409775341801064e-05,0.0011803989956291248,-0.0003150818293367272,0.0008817179121211571,results\figures\eis_fits\Stack2\Cell_10\0.3Acm2\0_AfterBreakIn_condition_5_Real_Ageing_EIS-5-0_3.png
Stack2,0_AfterBreakIn,0,5,0.3,data\Stack2\EIS\0_AfterBreakIn\Real_Ageing_EIS-5-0_3.xlsx,Sheet6,Cell 15,ok,0.00041881,0.0003409873478393771,0.00013958615734737778,0.0014513314447541026,0.0015909176021014805,1.3717592478031974e-05,1.7768219315107426e-05,0.000410780426513066,1.8813164638484226e-05,7.228422369000334e-05,0.0011419393186480405,-0.00015725780141225224,0.0007425097687828915,results\figures\eis_fits\Stack2\Cell_15\0.3Acm2\0_AfterBreakIn_condition_5_Real_Ageing_EIS-5-0_3.png
Stack2,0_AfterBreakIn,0,5,0.3,data\Stack2\EIS\0_AfterBreakIn\Real_Ageing_EIS-5-0_3.xlsx,Sheet7,Cell 20,ok,0.00041197,0.00033205296185383085,0.00022706640933023122,0.00155458276215518,0.001781649171485411,9.942892883246663e-06,8.822288144324842e-06,0.00044558616651894646,-8.910653895850567e-06,0.00011388234417319775,0.0011683022066976056,-0.00022451832339647363,0.000809067592131999,results\figures\eis_fits\Stack2\Cell_20\0.3Acm2\0_AfterBreakIn_condition_5_Real_Ageing_EIS-5-0_3.png
Stack2,0_AfterBreakIn,0,5,0.3,data\Stack2\EIS\0_AfterBreakIn\Real_Ageing_EIS-5-0_3.xlsx,Sheet8,Cell 22,ok,0.00036123,0.00027375945689640606,8.269098547620141e-05,0.0015206876612213695,0.0016033786466975708,6.54014057528181e-06,2.2892215680183095e-05,0.0003151049496345068,4.628351301524026e-05,4.1345492738100706e-05,0.0011396521273306292,-0.00020956938592713037,0.0007886964360675178,results\figures\eis_fits\Stack2\Cell_22\0.3Acm2\0_AfterBreakIn_condition_5_Real_Ageing_EIS-5-0_3.png
Stack2,0_AfterBreakIn,0,5,0.3,data\Stack2\EIS\0_AfterBreakIn\Real_Ageing_EIS-5-0_3.xlsx,Sheet9,Cell 24,ok,0.00036153,5.224742741335994e-05,0.0003077557456821724,0.0019827819536402226,0.002290537699322395,5.374488835858236e-05,1.1358124848490116e-05,0.00020612530025444615,-2.989014442759596e-05,0.00015675401265677395,0.0013611172879651775,-0.00045423030176304334,0.0010904958670073354,results\figures\eis_fits\Stack2\Cell_24\0.3Acm2\0_AfterBreakIn_condition_5_Real_Ageing_EIS-5-0_3.png
Stack2,0_AfterBreakIn,0,5,0.7,data\Stack2\EIS\0_AfterBreakIn\Real_Ageing_EIS-5-0_7.xlsx,Sheet1,Whole Stack,ok,0.0082228,0.0,0.014496662121150755,0.03931488886134682,0.053811550982497576,0.00016228234332304111,0.00037961647224179845,0.0020454267142089215,-0.012912802835783032,0.01480806470270535,0.02768927360065159,-0.01057453045364245,0.02232119655977306,results\figures\eis_fits\Stack2\Whole_Stack\0.7Acm2\0_AfterBreakIn_condition_5_Real_Ageing_EIS-5-0_7.png
Stack2,0_AfterBreakIn,0,5,0.7,data\Stack2\EIS\0_AfterBreakIn\Real_Ageing_EIS-5-0_7.xlsx,Sheet2,Cell 01,ok,0.00034561,0.00028694424194043006,4.675662529372792e-05,0.0016165550703761686,0.0016633116956698965,6.232165434359931e-06,2.243593184917726e-05,0.00031032255458729403,1.8207259198332624e-05,2.9631904929143306e-05,0.0011571755523369681,-0.00037664787353052556,0.0008917265245156677,results\figures\eis_fits\Stack2\Cell_01\0.7Acm2\0_AfterBreakIn_condition_5_Real_Ageing_EIS-5-0_7.png
Stack2,0_AfterBreakIn,0,5,0.7,data\Stack2\EIS\0_AfterBreakIn\Real_Ageing_EIS-5-0_7.xlsx,Sheet3,Cell 03,ok,0.00033437,0.0002577925202793427,7.676489399451928e-05,0.0015364624953050356,0.001613227389299555,5.62234204548932e-06,1.7661446397913035e-05,0.0002961749672766023,-1.0751815374288335e-05,3.985992688578629e-05,0.0011063558796230344,-0.0003722941086225496,0.0008536873860991522,results\figures\eis_fits\Stack2\Cell_03\0.7Acm2\0_AfterBreakIn_condition_5_Real_Ageing_EIS-5-0_7.png
Stack2,0_AfterBreakIn,0,5,0.7,data\Stack2\EIS\0_AfterBreakIn\Real_Ageing_EIS-5-0_7.xlsx,Sheet4,Cell 05,ok,0.00040819,0.00033959120249357614,0.00012565478071590084,0.0015152075206732445,0.0016408623013891453,1.0803229367628258e-05,1.984253609648751e-05,0.00040241859285152653,1.7941051704907598e-05,6.533882701325797e-05,0.0011121836729775932,-0.0003504081784833185,0.0008347151305829956,results\figures\eis_fits\Stack2\Cell_05\0.7Acm2\0_AfterBreakIn_condition_5_Real_Ageing_EIS-5-0_7.png
Stack2,0_AfterBreakIn,0,5,0.7,data\Stack2\EIS\0_AfterBreakIn\Real_Ageing_EIS-5-0_7.xlsx,Sheet5,Cell 10,ok,0.00032797,0.00028001395689259046,3.755896166471293e-05,0.0016103602868643256,0.0016479192485290386,8.86812585691404e-06,1.5286461895685466e-05,0.00029879343772494694,-1.939349583797552e-05,2.699586229684871e-05,0.0011447702032297876,-0.0004284631691711756,0.0009120831928687458,results\figures\eis_fits\Stack2\Cell_10\0.7Acm2\0_AfterBreakIn_condition_5_Real_Ageing_EIS-5-0_7.png
Stack2,0_AfterBreakIn,0,5,0.7,data\Stack2\EIS\0_AfterBreakIn\Real_Ageing_EIS-5-0_7.xlsx,Sheet6,Cell 15,ok,0.00042704,0.00034568876455025435,0.00014548172513805034,0.0015270073888731992,0.0016724891140112495,1.1435643362813766e-05,2.2150197089448992e-05,0.0004184296271192795,2.161188877040455e-05,7.588350824461231e-05,0.0011259736006096798,-0.000347135964669836,0.0008387140569858086,results\figures\eis_fits\Stack2\Cell_15\0.7Acm2\0_AfterBreakIn_condition_5_Real_Ageing_EIS-5-0_7.png
Stack2,0_AfterBreakIn,0,5,0.7,data\Stack2\EIS\0_AfterBreakIn\Real_Ageing_EIS-5-0_7.xlsx,Sheet7,Cell 20,ok,0.00040707,0.00032975314623895125,0.0001668478797840988,0.0015802568178638684,0.0017471046976479671,1.1319704027321958e-05,2.1187001667684412e-05,0.00041317708613100064,1.5891783194310138e-06,8.343907498794088e-05,0.0011403049692261663,-0.00038118405084371727,0.00087727087220478,results\figures\eis_fits\Stack2\Cell_20\0.7Acm2\0_AfterBreakIn_condition_5_Real_Ageing_EIS-5-0_7.png
Stack2,0_AfterBreakIn,0,5,0.7,data\Stack2\EIS\0_AfterBreakIn\Real_Ageing_EIS-5-0_7.xlsx,Sheet8,Cell 22,ok,0.00033687,0.0003211908108458749,8.775455494208759e-05,0.001567240348005094,0.0016549949029471816,7.94259762722733e-06,1.5448742208494502e-05,0.0003650680883169187,-5.7764689176276714e-05,7.253947059293187e-05,0.0011221513237193374,-0.0003940937615294927,0.0008771376573721178,results\figures\eis_fits\Stack2\Cell_22\0.7Acm2\0_AfterBreakIn_condition_5_Real_Ageing_EIS-5-0_7.png
Stack2,0_AfterBreakIn,0,5,0.7,data\Stack2\EIS\0_AfterBreakIn\Real_Ageing_EIS-5-0_7.xlsx,Sheet9,Cell 24,ok,0.00035286,0.00031672840293943855,2.4054068578378413e-05,0.0016654645226775728,0.0016895185912559512,5.341013330812286e-06,1.0419804905447239e-05,0.0003287554372286278,-2.485144235969971e-05,2.7608762035824965e-05,0.0011956397424562617,-0.0004048733988688184,0.0009259403264714191,results\figures\eis_fits\Stack2\Cell_24\0.7Acm2\0_AfterBreakIn_condition_5_Real_Ageing_EIS-5-0_7.png
Stack2,0_AfterBreakIn,0,6,0.3,data\Stack2\EIS\0_AfterBreakIn\Real_Ageing_EIS-6-0_3.xlsx,Sheet1,Whole Stack,ok,0.0072832,0.0,0.007192185956940847,0.040570527994068094,0.047762713951008944,0.0008638368838813909,0.00037427975039136036,0.002495108779898982,-0.002584579822172335,0.0044285367297770785,0.028230381032909972,-0.00875604916045546,0.022094350688121125,results\figures\eis_fits\Stack2\Whole_Stack\0.3Acm2\0_AfterBreakIn_condition_6_Real_Ageing_EIS-6-0_3.png
Stack2,0_AfterBreakIn,0,6,0.3,data\Stack2\EIS\0_AfterBreakIn\Real_Ageing_EIS-6-0_3.xlsx,Sheet2,Cell 01,ok,0.00041778,0.0003048596327683957,0.00017936461212823384,0.0015077663767092847,0.0016871309888375186,2.1640082178473895e-05,7.479790753899861e-06,0.00039454193883251264,2.3937043472284815e-06,8.971424547684656e-05,0.001128944918354968,-0.0002308356338946464,0.0007884319574695741,results\figures\eis_fits\Stack2\Cell_01\0.3Acm2\0_AfterBreakIn_condition_6_Real_Ageing_EIS-6-0_3.png
Stack2,0_AfterBreakIn,0,6,0.3,data\Stack2\EIS\0_AfterBreakIn\Real_Ageing_EIS-6-0_3.xlsx,Sheet3,Cell 03,ok,0.00035062,0.0002587334164337909,4.85632055336253e-05,0.0015504937719305661,0.0015990569774641914,8.649864763437126e-06,1.3621273691700926e-05,0.0002830150192006036,5.2420112662444094e-05,5.777079231297261e-05,0.0011279785488694342,-0.00026431973592979427,0.0008190681638306209,results\figures\eis_fits\Stack2\Cell_03\0.3Acm2\0_AfterBreakIn_condition_6_Real_Ageing_EIS-6-0_3.png
Stack2,0_AfterBreakIn,0,6,0.3,data\Stack2\EIS\0_AfterBreakIn\Real_Ageing_EIS-6-0_3.xlsx,Sheet4,Cell 05,ok,0.00043377,0.00032172464031860013,0.0002299219917810728,0.0014670619329203672,0.00169698392470144,1.687891379051553e-05,4.7233015931293e-06,0.0004366856362091365,-2.409381048398995e-06,0.00011498624132121335,0.0011258650649257514,-0.00019132209471517655,0.000758071119804873,results\figures\eis_fits\Stack2\Cell_05\0.3Acm2\0_AfterBreakIn_condition_6_Real_Ageing_EIS-6-0_3.png
Stack2,0_AfterBreakIn,0,6,0.3,data\Stack2\EIS\0_AfterBreakIn\Real_Ageing_EIS-6-0_3.xlsx,Sheet5,Cell 10,ok,0.00032758,0.00022694452983203345,9.37071953616315e-05,0.0016340063726397764,0.001727713568001408,9.399988999747203e-06,1.3448081112534201e-05,0.0002737981275128492,-1.022117703170869e-05,4.795552184628244e-05,0.0011634265477723966,-0.000316349204935864,0.000876111309092859,results\figures\eis_fits\Stack2\Cell_10\0.3Acm2\0_AfterBreakIn_condition_6_Real_Ageing_EIS-6-0_3.png
Stack2,0_AfterBreakIn,0,6,0.3,data\Stack2\EIS\0_AfterBreakIn\Real_Ageing_EIS-6-0_3.xlsx,Sheet6,Cell 15,ok,0.00042566,0.0003309673294639513,0.00019777586705479647,0.0015222125092407418,0.0017199883762955383,1.6131120009850638e-05,6.050110318210309e-06,0.0004298552629913495,5.347955367028571e-06,9.903243925061556e-05,0.0011503618171426985,-0.00021490261307472792,0.0007908639983768355,results\figures\eis_fits\Stack2\Cell_15\0.3Acm2\0_AfterBreakIn_condition_6_Real_Ageing_EIS-6-0_3.png
Stack2,0_AfterBreakIn,0,6,0.3,data\Stack2\EIS\0_AfterBreakIn\Real_Ageing_EIS-6-0_3.xlsx,Sheet7,Cell 20,ok,0.00033751,0.0002496465680181789,8.825451666948485e-05,0.0015979010104263717,0.0016861555270958565,1.5576975905888146e-05,1.736327139389198e-05,0.0002937738263529213,-2.951610230621671e-06,4.4225862694746895e-05,0.0011517984573893006,-0.00027363630929657317,0.0008445109469662632,results\figures\eis_fits\Stack2\Cell_20\0.3Acm2\0_AfterBreakIn_condition_6_Real_Ageing_EIS-6-0_3.png
Stack2,0_AfterBreakIn,0,6,0.3,data\Stack2\EIS\0_AfterBreakIn\Real_Ageing_EIS-6-0_3.xlsx,Sheet8,Cell 22,ok,0.00031443,0.00015448076760653912,0.0001517150626991855,0.0017003779843131415,0.001852093047012327,2.005408766131654e-05,1.2971729827329188e-05,0.00023033829895613187,-1.306391166747147e-05,7.69742219870389e-05,0.0011850806276405227,-0.00035387389230693997,0.0009208952459648542,results\figures\eis_fits\Stack2\Cell_22\0.3Acm2\0_AfterBreakIn_condition_6_Real_Ageing_EIS-6-0_3.png
Stack2,0_AfterBreakIn,0,6,0.3,data\Stack2\EIS\0_AfterBreakIn\Real_Ageing_EIS-6-0_3.xlsx,Sheet9,Cell 24,ok,0.00037706,0.0002640865166268805,0.00012603871606436183,0.0014954670836788207,0.0016215057997431826,2.1100094814560718e-05,2.414383106439083e-05,0.00032710587465906144,-4.41022882806138e-05,7.691847189313222e-05,0.0011457803971594602,-0.00018156708560852867,0.0007694621863146259,results\figures\eis_fits\Stack2\Cell_24\0.3Acm2\0_AfterBreakIn_condition_6_Real_Ageing_EIS-6-0_3.png
Stack2,0_AfterBreakIn,0,6,0.7,data\Stack2\EIS\0_AfterBreakIn\Real_Ageing_EIS-6-0_7.xlsx,Sheet1,Whole Stack,ok,0.0084909,0.0,0.016992330676639404,0.04158342670637635,0.05857575738301576,0.0005745796510497286,0.00043110371985789585,0.004924492623450267,0.009015497153294213,0.008496165338319702,0.02852103511234859,-0.013121778398967929,0.02458610201948989,results\figures\eis_fits\Stack2\Whole_Stack\0.7Acm2\0_AfterBreakIn_condition_6_Real_Ageing_EIS-6-0_7.png
Stack2,0_AfterBreakIn,0,6,0.7,data\Stack2\EIS\0_AfterBreakIn\Real_Ageing_EIS-6-0_7.xlsx,Sheet2,Cell 01,ok,0.00035985,0.00031909944326351025,8.542068706775248e-05,0.0017421551925084105,0.001827575879576163,6.865717416448889e-06,1.907700765712536e-05,0.0003618097867973865,9.703598727313354e-06,4.3798781638790385e-05,0.0011879215573853408,-0.0005561767060652858,0.0010334934480032447,results\figures\eis_fits\Stack2\Cell_01\0.7Acm2\0_AfterBreakIn_condition_6_Real_Ageing_EIS-6-0_7.png
Stack2,0_AfterBreakIn,0,6,0.7,data\Stack2\EIS\0_AfterBreakIn\Real_Ageing_EIS-6-0_7.xlsx,Sheet3,Cell 03,ok,0.00075136,0.00032597960880331235,0.0013151135431042583,0.0017265787321772454,0.0030416922752815037,9.251487021659966e-06,2.4347150422687228e-05,0.0009835363803554415,-0.00032202874995496925,0.0007321771804772524,0.0010087889514561242,0.0012607394255780226,0.0008632893660886227,results\figures\eis_fits\Stack2\Cell_03\0.7Acm2\0_AfterBreakIn_condition_6_Real_Ageing_EIS-6-0_7.png
Stack2,0_AfterBreakIn,0,6,0.7,data\Stack2\EIS\0_AfterBreakIn\Real_Ageing_EIS-6-0_7.xlsx,Sheet4,Cell 05,ok,0.0007572,0.00033566453348243906,0.0012381493208171277,0.0017856677286701712,0.0030238170494872986,9.617355657033914e-06,2.4409980303426162e-05,0.0009547391938910029,-0.0002780908320838094,0.0006786662994793864,0.0010109195721338538,0.0012954331893244985,0.0008928338643350856,results\figures\eis_fits\Stack2\Cell_05\0.7Acm2\0_AfterBreakIn_condition_6_Real_Ageing_EIS-6-0_7.png
Stack2,0_AfterBreakIn,0,6,0.7,data\Stack2\EIS\0_AfterBreakIn\Real_Ageing_EIS-6-0_7.xlsx,Sheet5,Cell 10,ok,0.00032441,0.0002585180381373759,3.9535006126730586e-05,0.0017337806163087487,0.0017733156224354794,1.344075925935597e-05,1.6065427081615468e-05,0.0002782855412007412,-5.801660016563564e-05,6.12917618619288e-05,0.0011955907411403215,-0.0005387457699343775,0.0010206594980668976,results\figures\eis_fits\Stack2\Cell_10\0.7Acm2\0_AfterBreakIn_condition_6_Real_Ageing_EIS-6-0_7.png
Stack2,0_AfterBreakIn,0,6,0.7,data\Stack2\EIS\0_AfterBreakIn\Real_Ageing_EIS-6-0_7.xlsx,Sheet6,Cell 15,ok,0.00041231,0.0003374411785212447,0.00018451298010850782,0.001684142726273434,0.0018686557063819418,1.3560509459726739e-05,2.204310515302625e-05,0.0004296976685754986,3.0752272229679106e-06,9.230772979335767e-05,0.0011753829231112042,-0.0005055526841947525,0.0009821749829391135,results\figures\eis_fits\Stack2\Cell_15\0.7Acm2\0_AfterBreakIn_condition_6_Real_Ageing_EIS-6-0_7.png
Stack2,0_AfterBreakIn,0,6,0.7,data\Stack2\EIS\0_AfterBreakIn\Real_Ageing_EIS-6-0_7.xlsx,Sheet7,Cell 20,ok,0.00039181,0.000328277553548457,0.00013198817365655014,0.001712156388338771,0.001844144561995321,1.098537417872948e-05,1.9544755823928036e-05,0.0003942716403767321,9.866764576418467e-06,6.67275995335092e-05,0.0011800793792841062,-0.0005241587883372679,0.001003798938993018,results\figures\eis_fits\Stack2\Cell_20\0.7Acm2\0_AfterBreakIn_condition_6_Real_Ageing_EIS-6-0_7.png
Stack2,0_AfterBreakIn,0,6,0.7,data\Stack2\EIS\0_AfterBreakIn\Real_Ageing_EIS-6-0_7.xlsx,Sheet8,Cell 22,ok,0.00075709,0.0003335789604600229,0.0012149746746437967,0.001894427037407137,0.0031094017120509338,1.0312831359028064e-05,2.3039289894223424e-05,0.0009410662977819213,-0.0002645704789559042,0.0006625997308642726,0.001000915064865388,0.0013555555759034864,0.0009472135187035685,results\figures\eis_fits\Stack2\Cell_22\0.7Acm2\0_AfterBreakIn_condition_6_Real_Ageing_EIS-6-0_7.png
Stack2,0_AfterBreakIn,0,6,0.7,data\Stack2\EIS\0_AfterBreakIn\Real_Ageing_EIS-6-0_7.xlsx,Sheet9,Cell 24,ok,0.00077975,0.00036152154431537875,0.0008938603711058717,0.002134819800527168,0.00302868017163304,2.1943982650027923e-05,2.0782675771317423e-05,0.0008084517298683146,-0.0001147822117205988,0.0004614342281255846,0.0009574432373259488,0.0015043857359525752,0.001067409900263584,results\figures\eis_fits\Stack2\Cell_24\0.7Acm2\0_AfterBreakIn_condition_6_Real_Ageing_EIS-6-0_7.png
Stack2,0_AfterBreakIn,0,7,0.3,data\Stack2\EIS\0_AfterBreakIn\Real_Ageing_EIS-7-0_3.xlsx,Sheet1,Whole Stack,ok,0.0072903,0.0,0.008272642033691324,0.039514417456194384,0.04778705948988571,0.001403286860236208,0.0003605447276294864,0.0019067732266447991,-0.0008527219943252377,0.004223302777922174,0.02773109820683669,-0.009124917852611639,0.02176261525052792,results\figures\eis_fits\Stack2\Whole_Stack\0.3Acm2\0_AfterBreakIn_condition_7_Real_Ageing_EIS-7-0_3.png
Stack2,0_AfterBreakIn,0,7,0.3,data\Stack2\EIS\0_AfterBreakIn\Real_Ageing_EIS-7-0_3.xlsx,Sheet2,Cell 01,ok,0.0003304,0.0002752300385324781,6.47872142882266e-05,0.0015793679175440166,0.0016441551318322433,1.942400272388413e-05,1.2920339572936564e-05,0.0003076236456765914,-4.977251433750303e-05,5.9385595621194986e-05,0.0011257415692720004,-0.000340057343149577,0.0008597905276122668,results\figures\eis_fits\Stack2\Cell_01\0.3Acm2\0_AfterBreakIn_condition_7_Real_Ageing_EIS-7-0_3.png
Stack2,0_AfterBreakIn,0,7,0.3,data\Stack2\EIS\0_AfterBreakIn\Real_Ageing_EIS-7-0_3.xlsx,Sheet3,Cell 03,ok,0.00034587,0.00024895305267303607,7.92980236545314e-05,0.0015011282295503184,0.00158042625320485,6.797718557171027e-06,1.5047974316831418e-05,0.0002886020645003018,3.0097563803010063e-05,4.977858460979899e-05,0.001099693358509955,-0.00027872363840150205,0.0008006455876303757,results\figures\eis_fits\Stack2\Cell_03\0.3Acm2\0_AfterBreakIn_condition_7_Real_Ageing_EIS-7-0_3.png
Stack2,0_AfterBreakIn,0,7,0.3,data\Stack2\EIS\0_AfterBreakIn\Real_Ageing_EIS-7-0_3.xlsx,Sheet4,Cell 05,ok,0.00038755,0.00032749283273624175,6.271553886737242e-05,0.001414844506767845,0.0014775600456352176,1.7764749278106006e-05,1.6315602850932896e-05,0.000358850602169928,2.0038937017571936e-05,3.72138240530376e-05,0.0010937442543924219,-0.00019820393221765982,0.0007346638982074248,results\figures\eis_fits\Stack2\Cell_05\0.3Acm2\0_AfterBreakIn_condition_7_Real_Ageing_EIS-7-0_3.png
Stack2,0_AfterBreakIn,0,7,0.3,data\Stack2\EIS\0_AfterBreakIn\Real_Ageing_EIS-7-0_3.xlsx,Sheet5,Cell 10,ok,0.00034022,0.00028814186759082633,7.016365352841202e-05,0.001541795346123204,0.001611958999651616,1.3029217626258453e-05,1.8592088821527188e-05,0.0003232236943550323,-6.789360331080723e-05,7.642169809444838e-05,0.0011238465326764077,-0.0002914692053176172,0.0008241586740308422,results\figures\eis_fits\Stack2\Cell_10\0.3Acm2\0_AfterBreakIn_condition_7_Real_Ageing_EIS-7-0_3.png
Stack2,0_AfterBreakIn,0,7,0.3,data\Stack2\EIS\0_AfterBreakIn\Real_Ageing_EIS-7-0_3.xlsx,Sheet6,Cell 15,ok,0.0004694,0.00032546741251031884,0.0003237538321144927,0.0015069088558261293,0.001830662687940622,2.1134279270449022e-05,9.412758320057461e-06,0.0004873443285675652,-2.608658803235646e-05,0.00016396538057582356,0.0011455413355651108,-0.00024635640998130497,0.0007927074212347708,results\figures\eis_fits\Stack2\Cell_15\0.3Acm2\0_AfterBreakIn_condition_7_Real_Ageing_EIS-7-0_3.png
Stack2,0_AfterBreakIn,0,7,0.3,data\Stack2\EIS\0_AfterBreakIn\Real_Ageing_EIS-7-0_3.xlsx,Sheet7,Cell 20,ok,0.00034532,0.0002847046938589895,6.188398034125691e-05,0.0015865796446050378,0.0016484636249462948,1.0491221409087834e-05,1.1993382485340213e-05,0.000315646684029618,-4.774521994634151e-06,3.130819087709338e-05,0.0011416579208200304,-0.00031878347787460767,0.0008549454064059252,results\figures\eis_fits\Stack2\Cell_20\0.3Acm2\0_AfterBreakIn_condition_7_Real_Ageing_EIS-7-0_3.png
Stack2,0_AfterBreakIn,0,7,0.3,data\Stack2\EIS\0_AfterBreakIn\Real_Ageing_EIS-7-0_3.xlsx,Sheet8,Cell 22,ok,0.00036271,0.00017512220765113006,0.0001545365100358005,0.0014977828843579903,0.0016523193943937908,1.1085264785731975e-05,1.840647600071235e-05,0.0002523904626690303,5.7025946847687356e-05,9.603302477474366e-05,0.0011159166233668928,-0.00024909581914229594,0.0007892319806515108,results\figures\eis_fits\Stack2\Cell_22\0.3Acm2\0_AfterBreakIn_condition_7_Real_Ageing_EIS-7-0_3.png
Stack2,0_AfterBreakIn,0,7,0.3,data\Stack2\EIS\0_AfterBreakIn\Real_Ageing_EIS-7-0_3.xlsx,Sheet9,Cell 24,ok,0.00034848,0.0,0.0005008201586631615,0.0015513576451160647,0.002052177803779226,1.1874324395436782e-05,1.8271797613252967e-05,8.565774411098053e-05,2.6468316013147756e-05,0.0002518050428077651,0.0011466194573778621,-0.00028331950742015714,0.0008258011740424058,results\figures\eis_fits\Stack2\Cell_24\0.3Acm2\0_AfterBreakIn_condition_7_Real_Ageing_EIS-7-0_3.png
Stack2,0_AfterBreakIn,0,7,0.7,data\Stack2\EIS\0_AfterBreakIn\Real_Ageing_EIS-7-0_7.xlsx,Sheet1,Whole Stack,ok,0.012863,0.0,0.01504725756393726,0.026790366492155066,0.04183762405609233,0.0004179268697196536,0.0008564672119119362,0.005083625278847011,0.008085589220741781,0.00752362878196863,0.02425582503327458,-0.0034371369697556646,0.013829130296040217,results\figures\eis_fits\Stack2\Whole_Stack\0.7Acm2\0_AfterBreakIn_condition_7_Real_Ageing_EIS-7-0_7.png
Stack2,0_AfterBreakIn,0,7,0.7,data\Stack2\EIS\0_AfterBreakIn\Real_Ageing_EIS-7-0_7.xlsx,Sheet2,Cell 01,ok,0.001153,0.00032827410871089037,0.0012278011232242263,0.0005328788795010761,0.0017606800027253023,8.357660039970408e-06,1.0341580731993818e-05,0.0009421746703230035,-0.0003129602990808838,0.0006890704233592269,0.0012501216146646845,7.444100272991829e-05,0.0002766431599407733,results\figures\eis_fits\Stack2\Cell_01\0.7Acm2\0_AfterBreakIn_condition_7_Real_Ageing_EIS-7-0_7.png
Stack2,0_AfterBreakIn,0,7,0.7,data\Stack2\EIS\0_AfterBreakIn\Real_Ageing_EIS-7-0_7.xlsx,Sheet3,Cell 03,ok,0.0011369,0.0003288112290472452,0.0012189923713044478,0.0005481446202706978,0.0017671369915751457,8.605961843305555e-06,1.0740983444755716e-05,0.0009383074146994691,-0.00030462775060218904,0.0006813836413956235,0.0012426427781253141,7.332176060022165e-05,0.00028371061270323164,results\figures\eis_fits\Stack2\Cell_03\0.7Acm2\0_AfterBreakIn_condition_7_Real_Ageing_EIS-7-0_7.png
Stack2,0_AfterBreakIn,0,7,0.7,data\Stack2\EIS\0_AfterBreakIn\Real_Ageing_EIS-7-0_7.xlsx,Sheet4,Cell 05,ok,0.0011495,0.00034316509908198793,0.001152088785093491,0.0005585205031755455,0.0017106092882690363,1.4980081143060721e-05,1.051875251617723e-05,0.0009192094916287334,-0.0002483724436603714,0.0006273085468526421,0.0012550254377653874,7.35386116869631e-05,0.00028878056639204805,results\figures\eis_fits\Stack2\Cell_05\0.7Acm2\0_AfterBreakIn_condition_7_Real_Ageing_EIS-7-0_7.png
Stack2,0_AfterBreakIn,0,7,0.7,data\Stack2\EIS\0_AfterBreakIn\Real_Ageing_EIS-7-0_7.xlsx,Sheet5,Cell 10,ok,0.0012387,0.000335114785153684,0.0012928151235433929,0.0005366280858547109,0.0018294432093981037,1.0512054802641819e-05,8.933905009511267e-06,0.0009815223469253804,-0.00034183838218714284,0.0007312292495872636,0.0012859431232546436,8.002597515340228e-05,0.00027999389695362235,results\figures\eis_fits\Stack2\Cell_10\0.7Acm2\0_AfterBreakIn_condition_7_Real_Ageing_EIS-7-0_7.png
Stack2,0_AfterBreakIn,0,7,0.7,data\Stack2\EIS\0_AfterBreakIn\Real_Ageing_EIS-7-0_7.xlsx,Sheet6,Cell 15,ok,0.0012565,0.000352435458803982,0.0011829770655788613,0.000522121161230449,0.0017050982268093104,1.9479783966337802e-05,8.95405753956676e-06,0.0009439239915934127,-0.00024331858355270333,0.0006395800321488213,0.0013052688117996267,8.380630719980566e-05,0.00027418264693015553,results\figures\eis_fits\Stack2\Cell_15\0.7Acm2\0_AfterBreakIn_condition_7_Real_Ageing_EIS-7-0_7.png
Stack2,0_AfterBreakIn,0,7,0.7,data\Stack2\EIS\0_AfterBreakIn\Real_Ageing_EIS-7-0_7.xlsx,Sheet7,Cell 20,ok,0.0011665,0.00034613472674699765,0.0011452618698347802,0.0005774940724975568,0.001722755942332337,1.7901295521383413e-05,1.082585547289998e-05,0.0009187656616643878,-0.00022221191454656502,0.0006142347455092509,0.001275554359175605,7.745013081083741e-05,0.00029895379861287794,results\figures\eis_fits\Stack2\Cell_20\0.7Acm2\0_AfterBreakIn_condition_7_Real_Ageing_EIS-7-0_7.png
Stack2,0_AfterBreakIn,0,7,0.7,data\Stack2\EIS\0_AfterBreakIn\Real_Ageing_EIS-7-0_7.xlsx,Sheet8,Cell 22,ok,0.0011487,0.00033570663799578897,0.0012157818879486187,0.000568105583116673,0.0017838874710652917,9.932415674000451e-06,1.0543712444815723e-05,0.0009435975819700983,-0.0002862514350053077,0.0006719161285521987,0.001269007978973393,7.796145156964974e-05,0.0002945572547450336,results\figures\eis_fits\Stack2\Cell_22\0.7Acm2\0_AfterBreakIn_condition_7_Real_Ageing_EIS-7-0_7.png
Stack2,0_AfterBreakIn,0,7,0.7,data\Stack2\EIS\0_AfterBreakIn\Real_Ageing_EIS-7-0_7.xlsx,Sheet9,Cell 24,ok,0.0010492,0.00035632992230373464,0.0012829030492906384,0.0007446926246486221,0.0020275956739392604,9.075378494093962e-06,2.0699368088864056e-05,0.0009977814469490538,-0.0003049188532042957,0.0007102362744250869,0.0012723272413388165,5.214500792258519e-05,0.0003759798906228362,results\figures\eis_fits\Stack2\Cell_24\0.7Acm2\0_AfterBreakIn_condition_7_Real_Ageing_EIS-7-0_7.png
Stack2,120Cycles,120,1,0.3,data\Stack2\EIS\120Cycles\Real_Ageing_EIS-1-0_3.xlsx,Sheet1,Whole Stack,ok,0.0079235,0.0,0.011286971987792042,0.04135046112310873,0.05263743311090077,0.0005352890467188357,0.00031469031696673493,0.0025397737680811884,-0.007332748794102663,0.009253007026946139,0.0287769179765436,-0.007903164155187752,0.02213425314839595,results\figures\eis_fits\Stack2\Whole_Stack\0.3Acm2\120Cycles_condition_1_Real_Ageing_EIS-1-0_3.png
Stack2,120Cycles,120,1,0.3,data\Stack2\EIS\120Cycles\Real_Ageing_EIS-1-0_3.xlsx,Sheet2,Cell 01,ok,0.00035701,0.00023918062050425906,7.971688644743265e-05,0.0014863767408577334,0.001566093627305166,1.8605656160768293e-05,1.6993629274390176e-05,0.0002790390637279754,4.5349842905906764e-05,6.0376350898415846e-05,0.001109371739930824,-0.00019893932055773972,0.0007693541494036992,results\figures\eis_fits\Stack2\Cell_01\0.3Acm2\120Cycles_condition_1_Real_Ageing_EIS-1-0_3.png
Stack2,120Cycles,120,1,0.3,data\Stack2\EIS\120Cycles\Real_Ageing_EIS-1-0_3.xlsx,Sheet3,Cell 03,ok,0.00032011,0.0001651412239511765,0.00015374559172014773,0.0016586891539653024,0.0018124347456854502,1.727113896265879e-05,1.1967741130869642e-05,0.00024201401981125038,-1.853062078521809e-05,7.907471561776334e-05,0.0011604343532562757,-0.00031358988057631686,0.0008866515891658919,results\figures\eis_fits\Stack2\Cell_03\0.3Acm2\120Cycles_condition_1_Real_Ageing_EIS-1-0_3.png
Stack2,120Cycles,120,1,0.3,data\Stack2\EIS\120Cycles\Real_Ageing_EIS-1-0_3.xlsx,Sheet4,Cell 05,ok,0.0003476,0.0002727921475568411,0.00012451931032476192,0.0015520399457588918,0.0016765592560836538,2.2550003826061906e-05,1.8622728638897728e-05,0.00033505180271922204,-5.87934637107957e-05,8.563256410998821e-05,0.0011383768143230634,-0.00021915241230443586,0.0008063713648975076,results\figures\eis_fits\Stack2\Cell_05\0.3Acm2\120Cycles_condition_1_Real_Ageing_EIS-1-0_3.png
Stack2,120Cycles,120,1,0.3,data\Stack2\EIS\120Cycles\Real_Ageing_EIS-1-0_3.xlsx,Sheet5,Cell 10,ok,0.00034171,0.0002436040972214876,9.341224053157338e-05,0.0016909002947907666,0.00178431253532234,1.1000471690285052e-05,1.2808168771347192e-05,0.0002903102174872743,7.051090938163707e-06,4.723536338063236e-05,0.001192384532562708,-0.00029943814061682603,0.0008969108940061647,results\figures\eis_fits\Stack2\Cell_10\0.3Acm2\120Cycles_condition_1_Real_Ageing_EIS-1-0_3.png
Stack2,120Cycles,120,1,0.3,data\Stack2\EIS\120Cycles\Real_Ageing_EIS-1-0_3.xlsx,Sheet6,Cell 15,ok,0.0003502,0.00024476176177817843,0.00010522102148895081,0.0015523691093626863,0.001657590130851637,1.7898394396872556e-05,2.355038100752003e-05,0.0002973722725226538,2.051007357568786e-06,5.26504745655285e-05,0.0011488945932007224,-0.0001962422430462068,0.0008006081943633111,results\figures\eis_fits\Stack2\Cell_15\0.3Acm2\120Cycles_condition_1_Real_Ageing_EIS-1-0_3.png
Stack2,120Cycles,120,1,0.3,data\Stack2\EIS\120Cycles\Real_Ageing_EIS-1-0_3.xlsx,Sheet7,Cell 20,ok,0.00044471,0.0003059333868848707,0.000269700472579478,0.0013214752870906463,0.0015911757596701243,2.4340870637465206e-05,2.6079579530245254e-05,0.0004407836231746097,-1.1815043726544119e-05,0.0001353668404213476,0.0011138226792109312,-2.717605351008105e-05,0.0006612962811646601,results\figures\eis_fits\Stack2\Cell_20\0.3Acm2\120Cycles_condition_1_Real_Ageing_EIS-1-0_3.png
Stack2,120Cycles,120,1,0.3,data\Stack2\EIS\120Cycles\Real_Ageing_EIS-1-0_3.xlsx,Sheet8,Cell 22,ok,0.00038491,3.12950551349433e-05,0.0002937937559514168,0.001557503903552529,0.0018512976595039458,1.6356688832844596e-05,1.2173496618881267e-05,0.0001781919331106517,0.00010028842260359898,0.00017786641185824892,0.0011570154645292943,-0.00019301054859972706,0.0008023139499386191,results\figures\eis_fits\Stack2\Cell_22\0.3Acm2\120Cycles_condition_1_Real_Ageing_EIS-1-0_3.png
Stack2,120Cycles,120,1,0.3,data\Stack2\EIS\120Cycles\Real_Ageing_EIS-1-0_3.xlsx,Sheet9,Cell 24,ok,0.00035253,0.0001819076519270935,0.0001674728661182701,0.001754993170045456,0.0019224660361637262,1.859171826069656e-05,1.3830335498081493e-05,0.00026564408498622855,-1.4715049084131052e-05,8.50195441708281e-05,0.0012416055268125788,-0.00031462449067014823,0.0009321957020154084,results\figures\eis_fits\Stack2\Cell_24\0.3Acm2\120Cycles_condition_1_Real_Ageing_EIS-1-0_3.png
Stack2,120Cycles,120,1,0.7,data\Stack2\EIS\120Cycles\Real_Ageing_EIS-1-0_7.xlsx,Sheet1,Whole Stack,ok,0.0080067,0.0,0.01301506381177366,0.03835059625335535,0.051365660065129014,0.00014480415264293115,0.0005222611532536918,0.002533082725109125,-0.01010992010270933,0.012023246482930528,0.026726820732636464,-0.011762585812093681,0.022495565857160293,results\figures\eis_fits\Stack2\Whole_Stack\0.7Acm2\120Cycles_condition_1_Real_Ageing_EIS-1-0_7.png
Stack2,120Cycles,120,1,0.7,data\Stack2\EIS\120Cycles\Real_Ageing_EIS-1-0_7.xlsx,Sheet2,Cell 01,ok,0.00082934,0.0003138905037293741,0.0014117206253397199,0.001718619195280302,0.003130339820620022,8.517901090370648e-06,2.0611427920499114e-05,0.001019750816399234,-0.000367792881516617,0.000795933655964295,0.0011534167637597258,0.001240797105432743,0.000859309597640151,results\figures\eis_fits\Stack2\Cell_01\0.7Acm2\120Cycles_condition_1_Real_Ageing_EIS-1-0_7.png
Stack2,120Cycles,120,1,0.7,data\Stack2\EIS\120Cycles\Real_Ageing_EIS-1-0_7.xlsx,Sheet3,Cell 03,ok,0.00082584,0.00031668151656335,0.001395385430733099,0.001461760840122251,0.00285714627085535,6.693061239907586e-06,2.300059635438136e-05,0.0010143742319298995,-0.0003608984981289568,0.0007855080209821448,0.001145516396156574,0.0010949364280998185,0.0007308804200611255,results\figures\eis_fits\Stack2\Cell_03\0.7Acm2\120Cycles_condition_1_Real_Ageing_EIS-1-0_7.png
Stack2,120Cycles,120,1,0.7,data\Stack2\EIS\120Cycles\Real_Ageing_EIS-1-0_7.xlsx,Sheet4,Cell 05,ok,0.00083245,0.0003347230401885723,0.0010752888822913053,0.0015601143532227384,0.0026354032355140437,1.282870817468734e-05,2.141144629416146e-05,0.000872367481334225,-0.00019431970970484045,0.000571683211818044,0.0011447886897045195,0.0011494293198796397,0.0007800571766113692,results\figures\eis_fits\Stack2\Cell_05\0.7Acm2\120Cycles_condition_1_Real_Ageing_EIS-1-0_7.png
Stack2,120Cycles,120,1,0.7,data\Stack2\EIS\120Cycles\Real_Ageing_EIS-1-0_7.xlsx,Sheet5,Cell 10,ok,0.00083348,0.0003200855656040107,0.0014939119413439293,0.0015068403667011475,0.003000752308045077,7.939081164478794e-06,2.603718041588186e-05,0.0010670415362759754,-0.0004133826113558652,0.0008537144753920313,0.0011448312495405436,0.0011342940251904006,0.0007534201833505737,results\figures\eis_fits\Stack2\Cell_10\0.7Acm2\120Cycles_condition_1_Real_Ageing_EIS-1-0_7.png
Stack2,120Cycles,120,1,0.7,data\Stack2\EIS\120Cycles\Real_Ageing_EIS-1-0_7.xlsx,Sheet6,Cell 15,ok,0.00085111,0.0003389320546543778,0.001092697307424229,0.001700235282751854,0.002792932590176083,1.4168111951930647e-05,2.070704423391343e-05,0.0008852807083664923,-0.0001916460668357898,0.0005789862402049533,0.0011857045332917815,0.001229534613378947,0.000850117641375927,results\figures\eis_fits\Stack2\Cell_15\0.7Acm2\120Cycles_condition_1_Real_Ageing_EIS-1-0_7.png
Stack2,120Cycles,120,1,0.7,data\Stack2\EIS\120Cycles\Real_Ageing_EIS-1-0_7.xlsx,Sheet7,Cell 20,ok,0.00083894,0.00032727647212920383,0.0012206978135287164,0.0016250221408230423,0.0028457199543517587,1.2316382726925161e-05,2.4138682514913894e-05,0.000937625378893562,-0.00025429235720519943,0.0006612037438803746,0.0011776815773008366,0.0011986021437710927,0.0008125110704115212,results\figures\eis_fits\Stack2\Cell_20\0.7Acm2\120Cycles_condition_1_Real_Ageing_EIS-1-0_7.png
Stack2,120Cycles,120,1,0.7,data\Stack2\EIS\120Cycles\Real_Ageing_EIS-1-0_7.xlsx,Sheet8,Cell 22,ok,0.0004218,0.0003238574115648224,0.000326965628955738,0.00139247220268115,0.001719437831636888,7.821392936051354e-06,2.5802324279707732e-05,0.0004873402260426914,-3.006736415200505e-05,0.00016622477858807517,0.0010353407279380296,-0.00032795659247052025,0.0007696104438966498,results\figures\eis_fits\Stack2\Cell_22\0.7Acm2\120Cycles_condition_1_Real_Ageing_EIS-1-0_7.png
Stack2,120Cycles,120,1,0.7,data\Stack2\EIS\120Cycles\Real_Ageing_EIS-1-0_7.xlsx,Sheet9,Cell 24,ok,0.0007873,0.0003479029358830259,0.0013107612124827357,0.0011116675385734985,0.0024224287510562345,9.235506527382975e-06,2.998530407821106e-05,0.0010032835421243938,-0.00029404959968726475,0.0007183236778176977,0.0010804480931209273,0.0009465118974274868,0.0005558337692867493,results\figures\eis_fits\Stack2\Cell_24\0.7Acm2\120Cycles_condition_1_Real_Ageing_EIS-1-0_7.png
Stack2,197Cycles,197,1,0.3,data\Stack2\EIS\197Cycles\Real_Ageing_EIS-1-0_3.xlsx,Sheet1,Whole Stack,ok,0.01164,0.0012978437569964923,0.004317664923573041,0.03464795702669799,0.038965621950271034,0.0004199066686174724,0.0001279483156341105,0.0034566762187830126,0.007887237752319547,0.008177351463626713,0.026752661603748455,-0.004448728755482149,0.0178860677363928,results\figures\eis_fits\Stack2\Whole_Stack\0.3Acm2\197Cycles_condition_1_Real_Ageing_EIS-1-0_3.png
Stack2,197Cycles,197,1,0.3,data\Stack2\EIS\197Cycles\Real_Ageing_EIS-1-0_3.xlsx,Sheet2,Cell 01,ok,0.00048457,0.0003310493135562677,0.0002571615996072908,0.0013405347367410367,0.0015976963363483275,2.2351215133377096e-05,4.39296160706697e-06,0.0004596301133599131,3.0087865167743262e-05,0.00013205416202641035,0.001057349982897079,-0.00017037948051630366,0.0006915833373378408,results\figures\eis_fits\Stack2\Cell_01\0.3Acm2\197Cycles_condition_1_Real_Ageing_EIS-1-0_3.png
Stack2,197Cycles,197,1,0.3,data\Stack2\EIS\197Cycles\Real_Ageing_EIS-1-0_3.xlsx,Sheet3,Cell 03,ok,0.00032065,0.00015037802327931516,0.0001564063961832572,0.0015124961788563218,0.001668902575039579,1.8123229289844204e-05,1.4116037854950254e-05,0.00022858122137094376,7.364477328698739e-06,7.854919298174501e-05,0.0010889788256966426,-0.00028203236314422323,0.0008071266484415309,results\figures\eis_fits\Stack2\Cell_03\0.3Acm2\197Cycles_condition_1_Real_Ageing_EIS-1-0_3.png
Stack2,197Cycles,197,1,0.3,data\Stack2\EIS\197Cycles\Real_Ageing_EIS-1-0_3.xlsx,Sheet4,Cell 05,ok,0.00035644,0.00021255969424469322,0.00011167083173359963,0.0014371841648086131,0.0015488549965422128,1.1124372808091302e-05,1.9244116100751098e-05,0.00026839511011149305,4.695296073139557e-05,7.295323287190537e-05,0.0010884078576121688,-0.00019625081878015866,0.0007449086955902988,results\figures\eis_fits\Stack2\Cell_05\0.3Acm2\197Cycles_condition_1_Real_Ageing_EIS-1-0_3.png
Stack2,197Cycles,197,1,0.3,data\Stack2\EIS\197Cycles\Real_Ageing_EIS-1-0_3.xlsx,Sheet5,Cell 10,ok,0.000342,0.0001865861987725702,0.0001408053489710117,0.001499523763277706,0.0016403291122487177,9.774025180575895e-06,1.4914369112625869e-05,0.0002569888732580761,2.2755315748394317e-05,7.398878948544312e-05,0.0011043300208086271,-0.0002430743021102329,0.0007881801795941142,results\figures\eis_fits\Stack2\Cell_10\0.3Acm2\197Cycles_condition_1_Real_Ageing_EIS-1-0_3.png
Stack2,197Cycles,197,1,0.3,data\Stack2\EIS\197Cycles\Real_Ageing_EIS-1-0_3.xlsx,Sheet6,Cell 15,ok,0.00032207,0.0001405145744762583,0.00017782445757080802,0.001588579324075001,0.001766403781645809,8.65853287445113e-06,1.4597315351425062e-05,0.0002294268032616623,-3.72378004202374e-05,9.639521880117011e-05,0.0011330532308586265,-0.0003112084883350023,0.0008530807643074622,results\figures\eis_fits\Stack2\Cell_15\0.3Acm2\197Cycles_condition_1_Real_Ageing_EIS-1-0_3.png
Stack2,197Cycles,197,1,0.3,data\Stack2\EIS\197Cycles\Real_Ageing_EIS-1-0_3.xlsx,Sheet7,Cell 20,ok,0.00035117,3.9713398626368165e-05,0.0002939855601248771,0.001450779952296527,0.001744765512421404,1.9929240684731455e-05,2.1012210584741046e-05,0.00018670617868880672,-6.914600950133447e-06,0.00014715532303244766,0.0010936221993568477,-0.0001865463435057154,0.0007489927608273197,results\figures\eis_fits\Stack2\Cell_20\0.3Acm2\197Cycles_condition_1_Real_Ageing_EIS-1-0_3.png
Stack2,197Cycles,197,1,0.3,data\Stack2\EIS\197Cycles\Real_Ageing_EIS-1-0_3.xlsx,Sheet8,Cell 22,ok,0.00031784,0.0002419225353155664,6.699661297415629e-05,0.0016347276961357574,0.0017017243091099138,7.352033312783088e-06,1.1493576079244212e-05,0.00027542084180264453,-1.553747476411823e-05,3.692627329622951e-05,0.0011512084764130875,-0.0003231569698393217,0.0008789278055017162,results\figures\eis_fits\Stack2\Cell_22\0.3Acm2\197Cycles_condition_1_Real_Ageing_EIS-1-0_3.png
Stack2,197Cycles,197,1,0.3,data\Stack2\EIS\197Cycles\Real_Ageing_EIS-1-0_3.xlsx,Sheet9,Cell 24,ok,0.00036431,0.000283309449315527,0.0001247837202462228,0.0016207363431792706,0.0017455200634254933,1.5119042110522892e-05,2.4800327423273468e-05,0.00034570130943863836,-7.826184683129807e-05,0.00010008826544139656,0.0011942119418683753,-0.0002358836964084868,0.0008440010022250328,results\figures\eis_fits\Stack2\Cell_24\0.3Acm2\197Cycles_condition_1_Real_Ageing_EIS-1-0_3.png
Stack2,197Cycles,197,1,0.7,data\Stack2\EIS\197Cycles\Real_Ageing_EIS-1-0_7.xlsx,Sheet1,Whole Stack,ok,0.0078563,0.0,0.017079230062437906,0.03786559845564451,0.05494482851808241,0.00032465864693286017,0.00048478863234194724,5.4787119342006955e-05,-0.013527204748865904,0.015997196416846327,0.026429018986627518,-0.012237075615628866,0.022543223066448275,results\figures\eis_fits\Stack2\Whole_Stack\0.7Acm2\197Cycles_condition_1_Real_Ageing_EIS-1-0_7.png
Stack2,197Cycles,197,1,0.7,data\Stack2\EIS\197Cycles\Real_Ageing_EIS-1-0_7.xlsx,Sheet2,Cell 01,ok,0.00032735,0.0002029922300840403,0.00012148661625153119,0.0015071443517816103,0.0016286309680331415,6.553029239286597e-06,2.155607350204791e-05,0.0002637355382098059,1.4631855129328533e-06,6.076092818503481e-05,0.0010633252095390315,-0.0004788874889589717,0.0008928629521702823,results\figures\eis_fits\Stack2\Cell_01\0.7Acm2\197Cycles_condition_1_Real_Ageing_EIS-1-0_7.png
Stack2,197Cycles,197,1,0.7,data\Stack2\EIS\197Cycles\Real_Ageing_EIS-1-0_7.xlsx,Sheet3,Cell 03,ok,0.00036806,0.00012117914239320199,0.00019104734280451014,0.001419967340998965,0.0016110146838034752,7.146318415857913e-06,3.056450156035045e-05,0.00021670281379545706,0.00010172627101719983,0.00013954571298764715,0.0010414493933588553,-0.0003823514320964938,0.0008063928509121081,results\figures\eis_fits\Stack2\Cell_03\0.7Acm2\197Cycles_condition_1_Real_Ageing_EIS-1-0_7.png
Stack2,197Cycles,197,1,0.7,data\Stack2\EIS\197Cycles\Real_Ageing_EIS-1-0_7.xlsx,Sheet4,Cell 05,ok,0.00082254,0.00033218449168729246,0.0010094366290237704,0.0014751010908533632,0.002484537719877134,1.4652270910028947e-05,2.223247411628717e-05,0.0008369028061991777,-0.00018435569825480376,0.0005373337887037577,0.0011092054065467863,0.0010949612917936834,0.0007375505454266816,results\figures\eis_fits\Stack2\Cell_05\0.7Acm2\197Cycles_condition_1_Real_Ageing_EIS-1-0_7.png
Stack2,197Cycles,197,1,0.7,data\Stack2\EIS\197Cycles\Real_Ageing_EIS-1-0_7.xlsx,Sheet5,Cell 10,ok,0.00082389,0.00032161285844898256,0.001242726136809067,0.0012807510435754706,0.0025234771803845377,1.1660780078062428e-05,2.962908065351693e-05,0.0009429759268535161,-0.00031362056558472274,0.0006960243687794117,0.001122155311236405,0.0009987901260921674,0.0006403755217877353,results\figures\eis_fits\Stack2\Cell_10\0.7Acm2\197Cycles_condition_1_Real_Ageing_EIS-1-0_7.png
Stack2,197Cycles,197,1,0.7,data\Stack2\EIS\197Cycles\Real_Ageing_EIS-1-0_7.xlsx,Sheet6,Cell 15,ok,0.00083919,0.00034014687257513714,0.0009446117455733479,0.001418692393716088,0.002363304139289436,1.8298086031217e-05,2.5157111981541546e-05,0.0008124527453618111,-0.0001412067343706516,0.000492962655076838,0.0011539737816886374,0.0010701785068005453,0.000709346196858044,results\figures\eis_fits\Stack2\Cell_15\0.7Acm2\197Cycles_condition_1_Real_Ageing_EIS-1-0_7.png
Stack2,197Cycles,197,1,0.7,data\Stack2\EIS\197Cycles\Real_Ageing_EIS-1-0_7.xlsx,Sheet7,Cell 20,ok,0.00083108,0.00032825183205843897,0.0011027503014841178,0.001730998376493341,0.0028337486779774585,1.466803706419938e-05,2.134010574804968e-05,0.0008796269828004979,-0.00021845140081678735,0.0005930729899216831,0.0011429290205672519,0.0012393021537810745,0.0008654991882466705,results\figures\eis_fits\Stack2\Cell_20\0.7Acm2\197Cycles_condition_1_Real_Ageing_EIS-1-0_7.png
Stack2,197Cycles,197,1,0.7,data\Stack2\EIS\197Cycles\Real_Ageing_EIS-1-0_7.xlsx,Sheet8,Cell 22,ok,0.00082167,0.00032226699586874346,0.0011809474182253143,0.001406689792567631,0.002587637210792945,1.2359745586578498e-05,2.5151129734160833e-05,0.0009127407049814006,-0.00026734412738201486,0.0006481759665391103,0.0011153034077212047,0.0010675551027236577,0.0007033448962838155,results\figures\eis_fits\Stack2\Cell_22\0.7Acm2\197Cycles_condition_1_Real_Ageing_EIS-1-0_7.png
Stack2,197Cycles,197,1,0.7,data\Stack2\EIS\197Cycles\Real_Ageing_EIS-1-0_7.xlsx,Sheet9,Cell 24,ok,0.00086188,0.00033971303214198705,0.0014417314979948061,0.001676356843669781,0.003118088341664587,1.103690349025156e-05,2.0912454600717773e-05,0.00106057878113939,-0.000388652663220638,0.0008189617333588191,0.001126273171201911,0.0012368057050348815,0.0008381784218348904,results\figures\eis_fits\Stack2\Cell_24\0.7Acm2\197Cycles_condition_1_Real_Ageing_EIS-1-0_7.png
Stack2,303Cycles,303,1,0.3,data\Stack2\EIS\303Cycles\Real_Ageing_EIS-1-0_3.xlsx,Sheet1,Whole Stack,ok,0.011486,0.0024707933316420174,0.003044731344258034,0.034836711464353784,0.03788144280861182,0.0004582420633159509,5.6328409815562345e-05,0.003993159003771034,0.0070051347443197375,0.0071686477124875084,0.02692904011331891,-0.0038678213642907387,0.017842621963117512,results\figures\eis_fits\Stack2\Whole_Stack\0.3Acm2\303Cycles_condition_1_Real_Ageing_EIS-1-0_3.png
Stack2,303Cycles,303,1,0.3,data\Stack2\EIS\303Cycles\Real_Ageing_EIS-1-0_3.xlsx,Sheet2,Cell 01,ok,0.00033147,0.00023870262049756385,0.00010629719472227136,0.0015251654646809608,0.001631462659403232,1.525113554478636e-05,1.477399142700957e-05,0.00029185121785869954,-2.790323195095326e-05,6.002802474482079e-05,0.001104722558527406,-0.0002618294559275202,0.0008062797824918928,results\figures\eis_fits\Stack2\Cell_01\0.3Acm2\303Cycles_condition_1_Real_Ageing_EIS-1-0_3.png
Stack2,303Cycles,303,1,0.3,data\Stack2\EIS\303Cycles\Real_Ageing_EIS-1-0_3.xlsx,Sheet3,Cell 03,ok,0.0003391,0.00023322568514469357,0.00011003833530185954,0.0014806143184262004,0.00159065265372806,1.394634299621887e-05,1.9056072523245207e-05,0.00028824485279562334,-1.4414422032111941e-05,5.68760439158786e-05,0.0010918288549666613,-0.00021121592204100946,0.0007698485927153496,results\figures\eis_fits\Stack2\Cell_03\0.3Acm2\303Cycles_condition_1_Real_Ageing_EIS-1-0_3.png
Stack2,303Cycles,303,1,0.3,data\Stack2\EIS\303Cycles\Real_Ageing_EIS-1-0_3.xlsx,Sheet4,Cell 05,ok,0.00032849,2.5355845117493473e-06,0.00031587555239136395,0.0015527637328792067,0.0018686392852705707,7.327956529154305e-06,1.5572560064904375e-05,0.00016047336070743132,6.901535390555759e-05,0.00017235852234324443,0.0011220254292226175,-0.00025523081879517484,0.0008172585719336919,results\figures\eis_fits\Stack2\Cell_05\0.3Acm2\303Cycles_condition_1_Real_Ageing_EIS-1-0_3.png
Stack2,303Cycles,303,1,0.3,data\Stack2\EIS\303Cycles\Real_Ageing_EIS-1-0_3.xlsx,Sheet5,Cell 10,ok,0.00034509,0.0002895283575847709,7.749171308721893e-05,0.001552466253863105,0.0016299579669503239,1.4506187265439461e-05,1.3308902735032347e-05,0.00032827421412838037,-2.1392403770432556e-05,4.425919495850757e-05,0.0011294254402633784,-0.000249072801493787,0.0008152147740257773,results\figures\eis_fits\Stack2\Cell_10\0.3Acm2\303Cycles_condition_1_Real_Ageing_EIS-1-0_3.png
Stack2,303Cycles,303,1,0.3,data\Stack2\EIS\303Cycles\Real_Ageing_EIS-1-0_3.xlsx,Sheet6,Cell 15,ok,0.00044774,0.000334141433765873,0.00016966154144332186,0.001220011824202494,0.0013896733656458158,1.831313783346697e-05,3.209706953179595e-05,0.00041897220448753393,3.1637586712781205e-05,9.053837061842761e-05,0.0010703227624763833,-1.1384263904745079e-05,0.0006101121325323135,results\figures\eis_fits\Stack2\Cell_15\0.3Acm2\303Cycles_condition_1_Real_Ageing_EIS-1-0_3.png
Stack2,303Cycles,303,1,0.3,data\Stack2\EIS\303Cycles\Real_Ageing_EIS-1-0_3.xlsx,Sheet7,Cell 20,ok,0.00033155,0.00023555106845961894,0.0001113169579242638,0.001626706054242287,0.0017380230121665508,1.887337251979934e-05,1.3781326229133731e-05,0.00029120954742175084,-3.46012857226607e-05,6.553712882053411e-05,0.001156019277143238,-0.000285735277334332,0.0008620834039931723,results\figures\eis_fits\Stack2\Cell_20\0.3Acm2\303Cycles_condition_1_Real_Ageing_EIS-1-0_3.png
Stack2,303Cycles,303,1,0.3,data\Stack2\EIS\303Cycles\Real_Ageing_EIS-1-0_3.xlsx,Sheet8,Cell 22,ok,0.00033848,0.00022469706705941384,0.00010707927590408588,0.001583149935013909,0.001690229210917995,1.2622808932919605e-05,1.4140001478293328e-05,0.0002782367050114568,6.839247385050395e-06,5.397469904343845e-05,0.0011402004520796732,-0.0002525702595800718,0.0008308926917526601,results\figures\eis_fits\Stack2\Cell_22\0.3Acm2\303Cycles_condition_1_Real_Ageing_EIS-1-0_3.png
Stack2,303Cycles,303,1,0.3,data\Stack2\EIS\303Cycles\Real_Ageing_EIS-1-0_3.xlsx,Sheet9,Cell 24,ok,0.00033694,0.00028533070104904616,6.989077800594273e-05,0.0018698344350785855,0.001939725213084528,1.3391813729439582e-05,1.2041340220312118e-05,0.00032027609005201753,-4.03773458762726e-05,3.494538900297137e-05,0.0012881054777876648,-0.0003773024178289941,0.001008180201229432,results\figures\eis_fits\Stack2\Cell_24\0.3Acm2\303Cycles_condition_1_Real_Ageing_EIS-1-0_3.png
Stack2,303Cycles,303,1,0.7,data\Stack2\EIS\303Cycles\Real_Ageing_EIS-1-0_7.xlsx,Sheet1,Whole Stack,ok,0.0066235,0.0,0.009326451032024544,0.03804495909729621,0.04737141012932075,0.0006821136323022656,0.0005024452642772156,0.001435519030064551,-0.001891503253075068,0.005032241724080977,0.026331299079337216,-0.012410530962231686,0.022712903974244393,results\figures\eis_fits\Stack2\Whole_Stack\0.7Acm2\303Cycles_condition_1_Real_Ageing_EIS-1-0_7.png
Stack2,303Cycles,303,1,0.7,data\Stack2\EIS\303Cycles\Real_Ageing_EIS-1-0_7.xlsx,Sheet2,Cell 01,ok,0.00038563,0.00032709789930830566,0.0001156840781934993,0.0015408899178627885,0.0016565739960562877,1.061182570967417e-05,2.401162522188146e-05,0.0003849399384050553,2.0117811277708726e-05,6.124073658501683e-05,0.001071725657726466,-0.0005339180705891766,0.0009373654254582184,results\figures\eis_fits\Stack2\Cell_01\0.7Acm2\303Cycles_condition_1_Real_Ageing_EIS-1-0_7.png
Stack2,303Cycles,303,1,0.7,data\Stack2\EIS\303Cycles\Real_Ageing_EIS-1-0_7.xlsx,Sheet3,Cell 03,ok,0.00081829,0.0003207953620000424,0.0012065732780860683,0.0013854552207166766,0.002592028498802745,1.1506602414077772e-05,2.132282689908129e-05,0.0009240820010430765,-0.0002771933146011793,0.0006639208556051154,0.0011155895413089078,0.0010497406422410472,0.0006927276103583383,results\figures\eis_fits\Stack2\Cell_03\0.7Acm2\303Cycles_condition_1_Real_Ageing_EIS-1-0_7.png
Stack2,303Cycles,303,1,0.7,data\Stack2\EIS\303Cycles\Real_Ageing_EIS-1-0_7.xlsx,Sheet4,Cell 05,ok,0.00082604,0.0003378059987202836,0.001029719131744897,0.0014272097531199466,0.0024569288848648434,1.3887788360123201e-05,2.157398139131807e-05,0.0008526655645927321,-0.00018154510131831796,0.0005459294793130744,0.0011157299581123442,0.0010727420688858916,0.0007136048765599733,results\figures\eis_fits\Stack2\Cell_05\0.7Acm2\303Cycles_condition_1_Real_Ageing_EIS-1-0_7.png
Stack2,303Cycles,303,1,0.7,data\Stack2\EIS\303Cycles\Real_Ageing_EIS-1-0_7.xlsx,Sheet5,Cell 10,ok,0.00082942,0.0003244748487456904,0.0013073859982306734,0.001391844607497884,0.002699230605728557,9.874485238336949e-06,2.48749247368794e-05,0.000978167847861027,-0.00032817398969807064,0.0007314456265552163,0.0011353095981483285,0.0010576991545429718,0.000695922303748942,results\figures\eis_fits\Stack2\Cell_10\0.7Acm2\303Cycles_condition_1_Real_Ageing_EIS-1-0_7.png
Stack2,303Cycles,303,1,0.7,data\Stack2\EIS\303Cycles\Real_Ageing_EIS-1-0_7.xlsx,Sheet6,Cell 15,ok,0.00046201,0.0003401478091948323,0.00020357650565651646,0.0015411653099340352,0.0017447418155905516,1.5522833368771582e-05,3.2097020868135746e-05,0.0004419360620230905,2.8016714904685812e-05,0.00010557359863090708,0.001088628724733086,-0.0004669409699044926,0.0009010169240981913,results\figures\eis_fits\Stack2\Cell_15\0.7Acm2\303Cycles_condition_1_Real_Ageing_EIS-1-0_7.png
Stack2,303Cycles,303,1,0.7,data\Stack2\EIS\303Cycles\Real_Ageing_EIS-1-0_7.xlsx,Sheet7,Cell 20,ok,0.00083482,0.00032986946680243297,0.0011264805564339467,0.0016059756736028395,0.002732456230036786,1.305093155851456e-05,2.3159322428969862e-05,0.0008931097450194063,-0.00021600773163900496,0.0006032403759147442,0.0011450537250594333,0.0011843398996879812,0.0008029878368014197,results\figures\eis_fits\Stack2\Cell_20\0.7Acm2\303Cycles_condition_1_Real_Ageing_EIS-1-0_7.png
Stack2,303Cycles,303,1,0.7,data\Stack2\EIS\303Cycles\Real_Ageing_EIS-1-0_7.xlsx,Sheet8,Cell 22,ok,0.00082781,0.00032167558282919777,0.0013428508899356831,0.001469711452779979,0.002812562342715662,7.981311593699048e-06,2.1532399207216065e-05,0.0009931010277970393,-0.0003371657679177503,0.0007513274141183923,0.0011153976360615866,0.001103137820994192,0.0007348557263899895,results\figures\eis_fits\Stack2\Cell_22\0.7Acm2\303Cycles_condition_1_Real_Ageing_EIS-1-0_7.png
Stack2,303Cycles,303,1,0.7,data\Stack2\EIS\303Cycles\Real_Ageing_EIS-1-0_7.xlsx,Sheet9,Cell 24,ok,0.00087323,0.0003453045607284625,0.0012596073583539364,0.0017002595510618424,0.002959866909415779,1.399936725058084e-05,1.8602484067093544e-05,0.0009751082399054307,-0.0002921816988651545,0.000694278632435547,0.001187914755597282,0.0012290291457334641,0.0008501297755309212,results\figures\eis_fits\Stack2\Cell_24\0.7Acm2\303Cycles_condition_1_Real_Ageing_EIS-1-0_7.png
Stack2,375Cycles,375,1,0.3,data\Stack2\EIS\375Cycles\Real_Ageing_EIS-1-0_3.xlsx,Sheet1,Whole Stack,ok,0.0075957,0.0,0.008433388541428865,0.04640338010715667,0.05483676864858554,0.001010187347883073,0.0003062960643596015,0.0026733192344517943,-0.002278142707339,0.00479274918681103,0.031144897515532094,-0.00954338618475174,0.025087738862114024,results\figures\eis_fits\Stack2\Whole_Stack\0.3Acm2\375Cycles_condition_1_Real_Ageing_EIS-1-0_3.png
Stack2,375Cycles,375,1,0.3,data\Stack2\EIS\375Cycles\Real_Ageing_EIS-1-0_3.xlsx,Sheet2,Cell 01,ok,0.00038563,0.0003039631231562958,0.0001246760580946613,0.0015465982794028977,0.001671274337497559,1.8258134176341713e-05,1.0219105579510812e-05,0.00036630115220362647,5.862065712140792e-06,6.261304720199534e-05,0.0011524488014594153,-0.00019512666266161745,0.0007975374436002749,results\figures\eis_fits\Stack2\Cell_01\0.3Acm2\375Cycles_condition_1_Real_Ageing_EIS-1-0_3.png
Stack2,375Cycles,375,1,0.3,data\Stack2\EIS\375Cycles\Real_Ageing_EIS-1-0_3.xlsx,Sheet3,Cell 03,ok,0.00034531,0.00017768364996732469,0.000153013283150037,0.0016161846914839338,0.0017691979746339709,1.4849738394918537e-05,2.2628967451999826e-05,0.00025419029154234317,1.781203495849235e-05,7.855275166695882e-05,0.0011706524839719447,-0.00020246048847346945,0.0008330687178376526,results\figures\eis_fits\Stack2\Cell_03\0.3Acm2\375Cycles_condition_1_Real_Ageing_EIS-1-0_3.png
Stack2,375Cycles,375,1,0.3,data\Stack2\EIS\375Cycles\Real_Ageing_EIS-1-0_3.xlsx,Sheet4,Cell 05,ok,0.00034528,0.0002674269667626837,7.226226606061102e-05,0.0017690684261270362,0.0018413306921876472,6.389418564291726e-06,1.3911217164117448e-05,0.00030355809979298924,1.2938859646218798e-05,3.837802578296835e-05,0.0012391642992061402,-0.0002917774983999805,0.0009314155263105978,results\figures\eis_fits\Stack2\Cell_05\0.3Acm2\375Cycles_condition_1_Real_Ageing_EIS-1-0_3.png
Stack2,375Cycles,375,1,0.3,data\Stack2\EIS\375Cycles\Real_Ageing_EIS-1-0_3.xlsx,Sheet5,Cell 10,ok,0.00036005,0.0001322515793113187,0.0002038590874862791,0.0015566180431471142,0.0017604771306333933,2.016694631416989e-05,2.3430108051623375e-05,0.00023418112305445825,2.9560447839454094e-05,0.00010612941140020368,0.0011608727602374937,-0.00015020111498168268,0.0007926697345077132,results\figures\eis_fits\Stack2\Cell_10\0.3Acm2\375Cycles_condition_1_Real_Ageing_EIS-1-0_3.png
Stack2,375Cycles,375,1,0.3,data\Stack2\EIS\375Cycles\Real_Ageing_EIS-1-0_3.xlsx,Sheet6,Cell 15,ok,0.00037041,0.00031894091599023644,0.00014874585684491413,0.0015417010647715023,0.0016904469216164164,7.6131940584949295e-06,3.586666761335912e-05,0.00039331384441269353,-3.55305762795814e-06,7.445775111188568e-05,0.0011589890216700473,-0.00015383886849661835,0.0007860514873338233,results\figures\eis_fits\Stack2\Cell_15\0.3Acm2\375Cycles_condition_1_Real_Ageing_EIS-1-0_3.png
Stack2,375Cycles,375,1,0.3,data\Stack2\EIS\375Cycles\Real_Ageing_EIS-1-0_3.xlsx,Sheet7,Cell 20,ok,0.00043977,0.00030798164298960994,0.0005483627499830869,0.0014719002978137202,0.002020263047796807,1.2561716764516635e-05,1.5035147152394075e-05,0.0005821630179811534,-0.00012253909391776412,0.00030031859071732466,0.0011592596045072374,-8.722219356530234e-05,0.0007411007574725401,results\figures\eis_fits\Stack2\Cell_20\0.3Acm2\375Cycles_condition_1_Real_Ageing_EIS-1-0_3.png
Stack2,375Cycles,375,1,0.3,data\Stack2\EIS\375Cycles\Real_Ageing_EIS-1-0_3.xlsx,Sheet8,Cell 22,ok,0.00037412,0.0002920166701552653,7.536840251527106e-05,0.0014918315710425619,0.001567199973557833,1.7062271860553973e-05,2.4338647347660932e-05,0.0003297008714129008,4.6491069270161295e-05,3.768420125763553e-05,0.0011438627705276426,-0.00010134932717802435,0.0007527695830792234,results\figures\eis_fits\Stack2\Cell_22\0.3Acm2\375Cycles_condition_1_Real_Ageing_EIS-1-0_3.png
Stack2,375Cycles,375,1,0.3,data\Stack2\EIS\375Cycles\Real_Ageing_EIS-1-0_3.xlsx,Sheet9,Cell 24,ok,0.00036566,0.00028817722992795984,7.835220756104815e-05,0.001899748410125166,0.0019781006176862142,1.284951300321679e-05,1.49151991415744e-05,0.0003273533337084839,1.9193102429253353e-06,3.922309089338818e-05,0.001328912730416978,-0.00027931671930588986,0.000990090316651506,results\figures\eis_fits\Stack2\Cell_24\0.3Acm2\375Cycles_condition_1_Real_Ageing_EIS-1-0_3.png
Stack2,375Cycles,375,1,0.7,data\Stack2\EIS\375Cycles\Real_Ageing_EIS-1-0_7.xlsx,Sheet1,Whole Stack,ok,0.0075167,0.0,0.02662833377626356,0.03885057780579246,0.06547891158205602,0.0003050186635563017,0.00038198906622939556,0.005444384939283635,0.014289728779498608,0.01331416688813178,0.027039036239705674,-0.010927093135193276,0.022287736837691068,results\figures\eis_fits\Stack2\Whole_Stack\0.7Acm2\375Cycles_condition_1_Real_Ageing_EIS-1-0_7.png
Stack2,375Cycles,375,1,0.7,data\Stack2\EIS\375Cycles\Real_Ageing_EIS-1-0_7.xlsx,Sheet2,Cell 01,ok,0.0003615,0.000329984428376063,3.7905138246172184e-05,0.0014966198734727197,0.001534525011718892,8.660192808379488e-06,1.685714910671779e-05,0.0003489369974991491,2.5936698124729196e-05,3.2123390013799716e-05,0.0010741989692993554,-0.00040087728633220193,0.0008489230590079676,results\figures\eis_fits\Stack2\Cell_01\0.7Acm2\375Cycles_condition_1_Real_Ageing_EIS-1-0_7.png
Stack2,375Cycles,375,1,0.7,data\Stack2\EIS\375Cycles\Real_Ageing_EIS-1-0_7.xlsx,Sheet3,Cell 03,ok,0.00033583,0.00030471935641157577,7.244978512045831e-05,0.0015154672737728856,0.0015879170588933439,7.582331609017502e-06,1.7915223012284458e-05,0.0003409442489718049,-8.442145520235562e-06,3.7195600035286146e-05,0.0010825376157014683,-0.0003800479506223816,0.0008477008371126147,results\figures\eis_fits\Stack2\Cell_03\0.7Acm2\375Cycles_condition_1_Real_Ageing_EIS-1-0_7.png
Stack2,375Cycles,375,1,0.7,data\Stack2\EIS\375Cycles\Real_Ageing_EIS-1-0_7.xlsx,Sheet4,Cell 05,ok,0.00036761,0.0003254385725419113,0.00016179954221522008,0.0013700183223324136,0.0015318178645476336,5.769787057256986e-06,2.6641589359245154e-05,0.00040633834364952134,-9.089326567004067e-06,8.140877607915097e-05,0.0010484285266378133,-0.0002566443480702599,0.0007315079440976967,results\figures\eis_fits\Stack2\Cell_05\0.7Acm2\375Cycles_condition_1_Real_Ageing_EIS-1-0_7.png
Stack2,375Cycles,375,1,0.7,data\Stack2\EIS\375Cycles\Real_Ageing_EIS-1-0_7.xlsx,Sheet5,Cell 10,ok,0.00072889,0.0003265441140999568,0.001490962182168911,0.00119829371924261,0.0026892559014115207,7.73037467771148e-06,3.5817318527304365e-05,0.0010720252051844123,-0.0003743254865117393,0.0008341832095029967,0.0010262683872197822,0.0009933920827115302,0.000599146859621305,results\figures\eis_fits\Stack2\Cell_10\0.7Acm2\375Cycles_condition_1_Real_Ageing_EIS-1-0_7.png
Stack2,375Cycles,375,1,0.7,data\Stack2\EIS\375Cycles\Real_Ageing_EIS-1-0_7.xlsx,Sheet6,Cell 15,ok,0.00038766,0.00032683465724914304,0.00013952694887168075,0.001542086624145227,0.0016816135730169078,1.0415119799835472e-05,2.0959104372168318e-05,0.0003965981316849834,7.090623535748813e-06,7.012288718732186e-05,0.0011100862158430196,-0.0003841888781948869,0.0008614574181122079,results\figures\eis_fits\Stack2\Cell_15\0.7Acm2\375Cycles_condition_1_Real_Ageing_EIS-1-0_7.png
Stack2,375Cycles,375,1,0.7,data\Stack2\EIS\375Cycles\Real_Ageing_EIS-1-0_7.xlsx,Sheet7,Cell 20,ok,0.00041962,0.00032414487332920816,0.0003129211582110238,0.0015535827044270208,0.0018665038626380446,7.040994984171068e-06,2.5424293739684776e-05,0.00048060545243472006,-2.4507193712046052e-05,0.00015836829025304243,0.0011159633327559424,-0.0003732660273825549,0.0008618191991779066,results\figures\eis_fits\Stack2\Cell_20\0.7Acm2\375Cycles_condition_1_Real_Ageing_EIS-1-0_7.png
Stack2,375Cycles,375,1,0.7,data\Stack2\EIS\375Cycles\Real_Ageing_EIS-1-0_7.xlsx,Sheet8,Cell 22,ok,0.00039188,0.0003137137732845334,0.00019190839666522112,0.0015106926141741119,0.0017026010108393329,1.0641863232600254e-05,2.3233268861490982e-05,0.00040966797161714395,-1.4799850042779828e-05,9.708884456487641e-05,0.0010913790518119403,-0.0003635016664605079,0.0008382610006135436,results\figures\eis_fits\Stack2\Cell_22\0.7Acm2\375Cycles_condition_1_Real_Ageing_EIS-1-0_7.png
Stack2,375Cycles,375,1,0.7,data\Stack2\EIS\375Cycles\Real_Ageing_EIS-1-0_7.xlsx,Sheet9,Cell 24,ok,0.00033682,0.00030285164512015,1.8461583317579228e-05,0.001600327563015887,0.0016187891463334662,5.837932698457401e-06,1.6777562845513315e-05,0.0003120824367789396,-2.5373855304049993e-05,2.70007416127566e-05,0.001148047952214243,-0.0004051110603107504,0.0008968706977168963,results\figures\eis_fits\Stack2\Cell_24\0.7Acm2\375Cycles_condition_1_Real_Ageing_EIS-1-0_7.png
Stack2,449Cycles,449,1,0.3,data\Stack2\EIS\449Cycles\Real_Ageing_EIS-1-0_3.xlsx,Sheet1,Whole Stack,ok,0.0070344,0.0,0.01015362608785509,0.04218960009126518,0.05234322617912027,0.0011780000313122245,0.0003879461696739618,0.0003493140750725833,0.0026701374296525596,0.005736171595779231,0.028920917066438383,-0.00853416407067299,0.0227557145647063,results\figures\eis_fits\Stack2\Whole_Stack\0.3Acm2\449Cycles_condition_1_Real_Ageing_EIS-1-0_3.png
Stack2,449Cycles,449,1,0.3,data\Stack2\EIS\449Cycles\Real_Ageing_EIS-1-0_3.xlsx,Sheet2,Cell 01,ok,0.0003512,0.00028636319419147717,5.814305749904778e-05,0.0014715665447327007,0.0015297096022317484,1.192643871858456e-05,2.490538872665768e-05,0.0003154347229410011,3.056380956374937e-05,2.907152874952389e-05,0.001104274517593392,-0.0001863076493294958,0.0007590043241594986,results\figures\eis_fits\Stack2\Cell_01\0.3Acm2\449Cycles_condition_1_Real_Ageing_EIS-1-0_3.png
Stack2,449Cycles,449,1,0.3,data\Stack2\EIS\449Cycles\Real_Ageing_EIS-1-0_3.xlsx,Sheet3,Cell 03,ok,0.00031874,0.0001588131115293033,0.00016472225945283526,0.0016872477061766374,0.0018519699656294726,2.6549876782202966e-05,1.246029341301832e-05,0.00024117424125572092,-8.241076893591817e-05,0.00011651133218026944,0.0011719155946970966,-0.0003224352320244773,0.0009031421174711428,results\figures\eis_fits\Stack2\Cell_03\0.3Acm2\449Cycles_condition_1_Real_Ageing_EIS-1-0_3.png
Stack2,449Cycles,449,1,0.3,data\Stack2\EIS\449Cycles\Real_Ageing_EIS-1-0_3.xlsx,Sheet4,Cell 05,ok,0.00032038,0.00023619994369778938,8.072452813326381e-05,0.0016915500746526395,0.0017722746027859033,2.0375719188973255e-05,1.7987001377442603e-05,0.0002765622077644213,-5.710210964696996e-05,6.992684239059494e-05,0.001186769381124585,-0.0003010042712143369,0.0008977410456549325,results\figures\eis_fits\Stack2\Cell_05\0.3Acm2\449Cycles_condition_1_Real_Ageing_EIS-1-0_3.png
Stack2,449Cycles,449,1,0.3,data\Stack2\EIS\449Cycles\Real_Ageing_EIS-1-0_3.xlsx,Sheet5,Cell 10,ok,0.00034376,6.928464661155821e-05,0.00025393250582236995,0.001656914870899277,0.001910847376721647,1.293253045618996e-05,1.2578122563063789e-05,0.00019625089952274318,3.7707284888105514e-05,0.0001324472299141803,0.001176445146742438,-0.0002782086070821473,0.0008739231953703829,results\figures\eis_fits\Stack2\Cell_10\0.3Acm2\449Cycles_condition_1_Real_Ageing_EIS-1-0_3.png
Stack2,449Cycles,449,1,0.3,data\Stack2\EIS\449Cycles\Real_Ageing_EIS-1-0_3.xlsx,Sheet6,Cell 15,ok,0.00042955,0.0003202634991512492,0.00024031794568223812,0.0014393655281915458,0.001679683473873784,1.9957208613430704e-05,1.1444556343058808e-05,0.00044042247199236825,-8.8495822738686e-06,0.00012048441335149853,0.001128637828130124,-0.00012549176029339102,0.0007305418967027598,results\figures\eis_fits\Stack2\Cell_15\0.3Acm2\449Cycles_condition_1_Real_Ageing_EIS-1-0_3.png
Stack2,449Cycles,449,1,0.3,data\Stack2\EIS\449Cycles\Real_Ageing_EIS-1-0_3.xlsx,Sheet7,Cell 20,ok,0.00032872,0.00022514350090312098,0.00010346227048316483,0.0016477376860489384,0.0017511999565321032,1.0923070962854816e-05,1.7942600785063895e-05,0.0002768746361447034,-6.263673353880386e-06,5.210896235070318e-05,0.001166983741988028,-0.00026937153462182274,0.0008667876869055036,results\figures\eis_fits\Stack2\Cell_20\0.3Acm2\449Cycles_condition_1_Real_Ageing_EIS-1-0_3.png
Stack2,449Cycles,449,1,0.3,data\Stack2\EIS\449Cycles\Real_Ageing_EIS-1-0_3.xlsx,Sheet8,Cell 22,ok,0.00032265,0.00013928092724464533,0.00016754167178642992,0.0017529382876961838,0.0019204799594826137,2.5201096079218496e-05,1.378798126736417e-05,0.0002230517631378603,-9.246262389725942e-06,8.427957234364453e-05,0.0012111218073649335,-0.0003177676454011469,0.0009322952518283016,results\figures\eis_fits\Stack2\Cell_22\0.3Acm2\449Cycles_condition_1_Real_Ageing_EIS-1-0_3.png
Stack2,449Cycles,449,1,0.3,data\Stack2\EIS\449Cycles\Real_Ageing_EIS-1-0_3.xlsx,Sheet9,Cell 24,ok,0.00035264,0.00020235045169379937,0.00014942143191722985,0.002055527737657244,0.0022049491695744737,2.5414327941284704e-05,1.8374849275544374e-05,0.0002770611676524143,-6.754097028474951e-05,0.00010071481393545964,0.0013923265419706723,-0.0003676608295222253,0.001091546176592886,results\figures\eis_fits\Stack2\Cell_24\0.3Acm2\449Cycles_condition_1_Real_Ageing_EIS-1-0_3.png
Stack2,449Cycles,449,1,0.7,data\Stack2\EIS\449Cycles\Real_Ageing_EIS-1-0_7.xlsx,Sheet1,Whole Stack,ok,0.011937,0.0,0.01375983404270305,0.03367102375326111,0.047430857795964156,0.0004567714465946214,0.0007510831133893099,0.004773308234385955,0.007267196391637976,0.006879917021351525,0.025099733357906558,-0.007918608038440826,0.01860480619126757,results\figures\eis_fits\Stack2\Whole_Stack\0.7Acm2\449Cycles_condition_1_Real_Ageing_EIS-1-0_7.png
Stack2,449Cycles,449,1,0.7,data\Stack2\EIS\449Cycles\Real_Ageing_EIS-1-0_7.xlsx,Sheet2,Cell 01,ok,0.00033228,0.0002866734105047369,3.763619989253296e-05,0.0014019155558238786,0.0014395517557164116,5.261918820448124e-06,1.762898216134925e-05,0.00030549151045100337,1.3999328606189556e-05,2.345425520053348e-05,0.0010293057875737253,-0.0003536894912548289,0.0007851356969590309,results\figures\eis_fits\Stack2\Cell_01\0.7Acm2\449Cycles_condition_1_Real_Ageing_EIS-1-0_7.png
Stack2,449Cycles,449,1,0.7,data\Stack2\EIS\449Cycles\Real_Ageing_EIS-1-0_7.xlsx,Sheet3,Cell 03,ok,0.0007226,0.0003171632832199053,0.0013717642072502774,0.001203860127827712,0.002575624335077989,8.337701327443241e-06,2.7407746084444934e-05,0.001003045386845044,-0.0003447346440257444,0.0007676432992378701,0.0010110036339674921,0.0009688692710782477,0.000601930063913856,results\figures\eis_fits\Stack2\Cell_03\0.7Acm2\449Cycles_condition_1_Real_Ageing_EIS-1-0_7.png
Stack2,449Cycles,449,1,0.7,data\Stack2\EIS\449Cycles\Real_Ageing_EIS-1-0_7.xlsx,Sheet4,Cell 05,ok,0.00036546,0.00032518896553773713,0.0001763891451114222,0.0013687642272783693,0.0015451533723897914,5.383953698212064e-06,2.2813369905336826e-05,0.00041338353809344824,-1.4958080631044106e-05,8.945404856377048e-05,0.0010287872070864259,-0.00031301603228259657,0.0007525675477557994,results\figures\eis_fits\Stack2\Cell_05\0.7Acm2\449Cycles_condition_1_Real_Ageing_EIS-1-0_7.png
Stack2,449Cycles,449,1,0.7,data\Stack2\EIS\449Cycles\Real_Ageing_EIS-1-0_7.xlsx,Sheet5,Cell 10,ok,0.00072997,0.0003215538079467692,0.0013121954702576787,0.0012994696504100298,0.0026116651206677085,9.75923320857398e-06,2.560197181038978e-05,0.0009776515430756085,-0.00032491079142127577,0.0007321415576397725,0.0010043290674003472,0.0010264239096803628,0.0006497348252050149,results\figures\eis_fits\Stack2\Cell_10\0.7Acm2\449Cycles_condition_1_Real_Ageing_EIS-1-0_7.png
Stack2,449Cycles,449,1,0.7,data\Stack2\EIS\449Cycles\Real_Ageing_EIS-1-0_7.xlsx,Sheet6,Cell 15,ok,0.0003868,0.00033091936650214357,0.00015510519416478023,0.0012903752752312582,0.0014454804693960384,5.73760838100561e-06,2.8340333702709034e-05,0.0004084719635845337,9.181844717512515e-06,7.809424810214934e-05,0.0010153002243847443,-0.0002308392211707189,0.0006852399826066342,results\figures\eis_fits\Stack2\Cell_15\0.7Acm2\449Cycles_condition_1_Real_Ageing_EIS-1-0_7.png
Stack2,449Cycles,449,1,0.7,data\Stack2\EIS\449Cycles\Real_Ageing_EIS-1-0_7.xlsx,Sheet7,Cell 20,ok,0.00041797,0.0003194940416924482,0.00017035025319529852,0.0014201803346543846,0.0015905305878496831,1.4471361520863534e-05,2.3857544583676713e-05,0.00040466916829009743,1.2405482458250097e-05,8.607379500142613e-05,0.0010466112232707639,-0.00033813166855983345,0.0007864865358147061,results\figures\eis_fits\Stack2\Cell_20\0.7Acm2\449Cycles_condition_1_Real_Ageing_EIS-1-0_7.png
Stack2,449Cycles,449,1,0.7,data\Stack2\EIS\449Cycles\Real_Ageing_EIS-1-0_7.xlsx,Sheet8,Cell 22,ok,0.0003406,0.0002897683607688519,2.8873826220482807e-05,0.0014189179498636194,0.0014477917760841023,7.270485416543645e-06,1.9541633134694467e-05,0.0003042052738790933,2.6767983016079157e-05,3.0412980368615017e-05,0.001037516017736805,-0.00035259351776313163,0.0007922463164192523,results\figures\eis_fits\Stack2\Cell_22\0.7Acm2\449Cycles_condition_1_Real_Ageing_EIS-1-0_7.png
Stack2,449Cycles,449,1,0.7,data\Stack2\EIS\449Cycles\Real_Ageing_EIS-1-0_7.xlsx,Sheet9,Cell 24,ok,0.00076844,0.0003426503201087477,0.0015259642518636767,0.0011790230191518734,0.00270498727101555,7.393050619079639e-06,3.025349103876075e-05,0.001105632446040586,-0.00039817510857258437,0.0008606306650231892,0.0010684332210453324,0.0009734327496915477,0.0005895115095759367,results\figures\eis_fits\Stack2\Cell_24\0.7Acm2\449Cycles_condition_1_Real_Ageing_EIS-1-0_7.png
Stack2,449Cycles,449,1A,0.3,data\Stack2\EIS\449Cycles\Real_Ageing_EIS-1A-0_3.xlsx,Sheet1,Whole Stack,ok,0.0081904,0.0,0.024481910431368555,0.04503476929235178,0.06951667972372033,0.0003863290945063815,0.00026142386256067257,0.00330803034802153,0.012313259753577104,0.012240955215684277,0.030683935078933036,-0.009147956621694906,0.024304685179122345,results\figures\eis_fits\Stack2\Whole_Stack\0.3Acm2\449Cycles_condition_1A_Real_Ageing_EIS-1A-0_3.png
Stack2,449Cycles,449,1A,0.3,data\Stack2\EIS\449Cycles\Real_Ageing_EIS-1A-0_3.xlsx,Sheet2,Cell 01,ok,0.00033619,0.00022641397444437276,0.00010382320389386596,0.0017058496664766206,0.0018096728703704866,1.3318209213425711e-05,1.6557994605941942e-05,0.0002783255763913057,3.7187710411277323e-06,5.2044631565159015e-05,0.0012024659738501674,-0.0003050497600121607,0.0009058344921883225,results\figures\eis_fits\Stack2\Cell_01\0.3Acm2\449Cycles_condition_1A_Real_Ageing_EIS-1A-0_3.png
Stack2,449Cycles,449,1A,0.3,data\Stack2\EIS\449Cycles\Real_Ageing_EIS-1A-0_3.xlsx,Sheet3,Cell 03,ok,0.00032903,0.00022987762604013393,0.00010617880050850807,0.0017690341869738974,0.0018752129874824055,1.4903145455983464e-05,1.3009876009480047e-05,0.00028296702629438796,-2.040472538451622e-05,5.687562955584676e-05,0.001219928952487146,-0.00034412335572103536,0.0009491002963982815,results\figures\eis_fits\Stack2\Cell_03\0.3Acm2\449Cycles_condition_1A_Real_Ageing_EIS-1A-0_3.png
Stack2,449Cycles,449,1A,0.3,data\Stack2\EIS\449Cycles\Real_Ageing_EIS-1A-0_3.xlsx,Sheet4,Cell 05,ok,0.00035088,0.00029415851080571927,0.00013670782887196435,0.0016209541056182125,0.0017576619344901769,1.3139502463420925e-05,1.537349581226222e-05,0.00036251242524170144,-5.6644701354166985e-05,8.877431954244616e-05,0.001176133292109416,-0.0002385293911703833,0.0008448486986332218,results\figures\eis_fits\Stack2\Cell_05\0.3Acm2\449Cycles_condition_1A_Real_Ageing_EIS-1A-0_3.png
Stack2,449Cycles,449,1A,0.3,data\Stack2\EIS\449Cycles\Real_Ageing_EIS-1A-0_3.xlsx,Sheet5,Cell 10,ok,0.00032857,0.00024944431407226806,8.031804635570653e-05,0.0017830612926339725,0.001863379338989679,1.3210658358687388e-05,1.2472856449494746e-05,0.0002896033372501213,-7.021211360120042e-06,4.0768180626106364e-05,0.0012326825687582808,-0.0003403481422740649,0.0009542870381975176,results\figures\eis_fits\Stack2\Cell_10\0.3Acm2\449Cycles_condition_1A_Real_Ageing_EIS-1A-0_3.png
Stack2,449Cycles,449,1A,0.3,data\Stack2\EIS\449Cycles\Real_Ageing_EIS-1A-0_3.xlsx,Sheet6,Cell 15,ok,0.00046311,0.0003431292158660624,0.00014538194001081637,0.0013255216131798611,0.0014709035531906775,2.5701113949654766e-05,2.0738166812775172e-05,0.00041582018587147057,4.957627837788735e-05,8.798741102071895e-05,0.0011253423171696088,-2.7175095562084616e-05,0.0006633177010833826,results\figures\eis_fits\Stack2\Cell_15\0.3Acm2\449Cycles_condition_1A_Real_Ageing_EIS-1A-0_3.png
Stack2,449Cycles,449,1A,0.3,data\Stack2\EIS\449Cycles\Real_Ageing_EIS-1A-0_3.xlsx,Sheet7,Cell 20,ok,0.00032007,0.00015690333660679415,0.0001574427496672015,0.0017805672790597018,0.0019380100287269032,1.8675776806548692e-05,1.886886021714974e-05,0.0002356247114403949,-2.7909974320785734e-05,8.352258091246457e-05,0.0012292287317278046,-0.0003239764554281233,0.0009473994418862027,results\figures\eis_fits\Stack2\Cell_20\0.3Acm2\449Cycles_condition_1A_Real_Ageing_EIS-1A-0_3.png
Stack2,449Cycles,449,1A,0.3,data\Stack2\EIS\449Cycles\Real_Ageing_EIS-1A-0_3.xlsx,Sheet8,Cell 22,ok,0.00031808,0.00010742807027999671,0.00020127428201062556,0.0019474748871801742,0.0021487491691907995,2.258407282745617e-05,1.0999626848459634e-05,0.0002080652112853095,-3.514392133796712e-05,0.00010659704196989908,0.001305197059786024,-0.0004077887258412826,0.0010556781014933552,results\figures\eis_fits\Stack2\Cell_22\0.3Acm2\449Cycles_condition_1A_Real_Ageing_EIS-1A-0_3.png
Stack2,449Cycles,449,1A,0.3,data\Stack2\EIS\449Cycles\Real_Ageing_EIS-1A-0_3.xlsx,Sheet9,Cell 24,ok,0.00040571,0.0003139545568499813,0.00013263957427603093,0.0016678160927585113,0.0018004556670345423,2.2378215141606575e-05,3.053881135534359e-05,0.0003802743439879968,-5.917233263572039e-06,6.658323974940845e-05,0.0012596997680722891,-0.00012232843987735513,0.0008428326506601974,results\figures\eis_fits\Stack2\Cell_24\0.3Acm2\449Cycles_condition_1A_Real_Ageing_EIS-1A-0_3.png
Stack2,449Cycles,449,1A,0.7,data\Stack2\EIS\449Cycles\Real_Ageing_EIS-1A-0_7.xlsx,Sheet1,Whole Stack,ok,0.0069761,0.0,0.010158690346327956,0.03931947725373315,0.04947816760006111,0.0008026655062084493,0.0003006926730813281,0.0033335295194233993,0.0056447118869161015,0.005079345173163978,0.027200926428042827,-0.012029786582531983,0.023048233947484485,results\figures\eis_fits\Stack2\Whole_Stack\0.7Acm2\449Cycles_condition_1A_Real_Ageing_EIS-1A-0_7.png
Stack2,449Cycles,449,1A,0.7,data\Stack2\EIS\449Cycles\Real_Ageing_EIS-1A-0_7.xlsx,Sheet2,Cell 01,ok,0.000361,0.0003259367962426868,8.544833297255563e-05,0.0015407025375241041,0.0016261508704966598,6.8182729855752855e-06,1.058725637699909e-05,0.0003686609627289646,1.1428594228619362e-05,4.422631759472652e-05,0.0011059538801303913,-0.00040745882751022205,0.000871472187392867,results\figures\eis_fits\Stack2\Cell_01\0.7Acm2\449Cycles_condition_1A_Real_Ageing_EIS-1A-0_7.png
Stack2,449Cycles,449,1A,0.7,data\Stack2\EIS\449Cycles\Real_Ageing_EIS-1A-0_7.xlsx,Sheet3,Cell 03,ok,0.0003708,0.00031932189444187616,9.669073760643727e-05,0.001509110857305339,0.0016058015949117763,1.2980874408765944e-05,1.3008500199015183e-05,0.0003676672632450948,9.945234324155085e-06,4.935769818864711e-05,0.0010815070786288391,-0.0004127931556487166,0.0008600884165361369,results\figures\eis_fits\Stack2\Cell_03\0.7Acm2\449Cycles_condition_1A_Real_Ageing_EIS-1A-0_7.png
Stack2,449Cycles,449,1A,0.7,data\Stack2\EIS\449Cycles\Real_Ageing_EIS-1A-0_7.xlsx,Sheet4,Cell 05,ok,0.0004424,0.0003331952249121059,0.0003632741480156257,0.0015334084630620425,0.0018966826110776683,7.503824532792026e-06,1.554501344188066e-05,0.0005148322989199188,-4.2201758218604484e-05,0.00018647523977960513,0.0010993348796585107,-0.0004330659397676466,0.0008805574863882589,results\figures\eis_fits\Stack2\Cell_05\0.7Acm2\449Cycles_condition_1A_Real_Ageing_EIS-1A-0_7.png
Stack2,449Cycles,449,1A,0.7,data\Stack2\EIS\449Cycles\Real_Ageing_EIS-1A-0_7.xlsx,Sheet5,Cell 10,ok,0.00071867,0.0003331023194521859,0.0011999338225433657,0.00217464281938648,0.003374576641929846,1.0189334636072638e-05,1.2368747627937024e-05,0.0009330692307238687,-0.0002705881351146398,0.0006581627712699207,0.0011709021581984339,-0.0011212125368315069,0.0015618531943577278,results\figures\eis_fits\Stack2\Cell_10\0.7Acm2\449Cycles_condition_1A_Real_Ageing_EIS-1A-0_7.png
Stack2,449Cycles,449,1A,0.7,data\Stack2\EIS\449Cycles\Real_Ageing_EIS-1A-0_7.xlsx,Sheet6,Cell 15,ok,0.00046027,0.00034158240942543127,0.0002085984172355306,0.0014406284164181066,0.0016492268336536372,1.356897560683295e-05,1.1413674009581187e-05,0.00044588161804319656,2.210173331552167e-05,0.00010661525000600321,0.0010725525086434469,-0.0003328541090705031,0.0007935013651361627,results\figures\eis_fits\Stack2\Cell_15\0.7Acm2\449Cycles_condition_1A_Real_Ageing_EIS-1A-0_7.png
Stack2,449Cycles,449,1A,0.7,data\Stack2\EIS\449Cycles\Real_Ageing_EIS-1A-0_7.xlsx,Sheet7,Cell 20,ok,0.00037604,0.0003146440609575773,0.00015087703305900123,0.0014774917275905686,0.0016283687606495699,1.2538405376909902e-05,9.629311132888366e-06,0.00039008257748707794,-1.312160454596939e-05,7.657118441053751e-05,0.0010784345430770806,-0.0003556785141672321,0.0008199101516110474,results\figures\eis_fits\Stack2\Cell_20\0.7Acm2\449Cycles_condition_1A_Real_Ageing_EIS-1A-0_7.png
Stack2,449Cycles,449,1A,0.7,data\Stack2\EIS\449Cycles\Real_Ageing_EIS-1A-0_7.xlsx,Sheet8,Cell 22,ok,0.00038422,0.0003291045196279757,0.00018768710585456166,0.0014449534114599457,0.0016326405173145073,5.204990665510301e-06,1.0005355382660156e-05,0.00042294807255525654,-4.203088761406563e-06,9.393763027217379e-05,0.0010640749408070333,-0.00034101930451351675,0.0007989159883074793,results\figures\eis_fits\Stack2\Cell_22\0.7Acm2\449Cycles_condition_1A_Real_Ageing_EIS-1A-0_7.png
Stack2,449Cycles,449,1A,0.7,data\Stack2\EIS\449Cycles\Real_Ageing_EIS-1A-0_7.xlsx,Sheet9,Cell 24,ok,0.00034832,0.0002687005018003018,7.157200826199157e-05,0.0015407163229842066,0.0016122883312461981,4.335021490801519e-06,1.448727560174336e-05,0.0003044865059312976,-3.1189454207685775e-05,4.747020271114265e-05,0.001123777351284414,-0.0004114234816498983,0.0008733389824291698,results\figures\eis_fits\Stack2\Cell_24\0.7Acm2\449Cycles_condition_1A_Real_Ageing_EIS-1A-0_7.png
Stack2,449Cycles,449,2,0.3,data\Stack2\EIS\449Cycles\Real_Ageing_EIS-2-0_3.xlsx,Sheet1,Whole Stack,ok,0.012488,0.0,0.0063154408489738125,0.03627441981369788,0.042589860662671696,0.0006206988013144106,6.723894713522677e-05,0.00275542057503838,0.008667451323207658,0.009224744479897313,0.02764524264019942,-0.004231376996122654,0.018624256615726045,results\figures\eis_fits\Stack2\Whole_Stack\0.3Acm2\449Cycles_condition_2_Real_Ageing_EIS-2-0_3.png
Stack2,449Cycles,449,2,0.3,data\Stack2\EIS\449Cycles\Real_Ageing_EIS-2-0_3.xlsx,Sheet2,Cell 01,ok,0.00032972,0.00027573320139733285,5.412671526761031e-05,0.0015983107464303495,0.00165243746169796,8.462021366482576e-06,1.4149185099215545e-05,0.000302796559031138,3.393157560029874e-05,2.7063357633805154e-05,0.001138280467269467,-0.0002916384088265872,0.0008507069248816474,results\figures\eis_fits\Stack2\Cell_01\0.3Acm2\449Cycles_condition_2_Real_Ageing_EIS-2-0_3.png
Stack2,449Cycles,449,2,0.3,data\Stack2\EIS\449Cycles\Real_Ageing_EIS-2-0_3.xlsx,Sheet3,Cell 03,ok,0.00035056,0.0002509435850430316,6.938900672439563e-05,0.0014950582520500033,0.0015644472587743989,1.1114536411294556e-05,1.3167733772814131e-05,0.00028563808840522943,3.698649945227231e-05,5.071202722513166e-05,0.0011046661006065294,-0.00020870146014537503,0.0007761160310949094,results\figures\eis_fits\Stack2\Cell_03\0.3Acm2\449Cycles_condition_2_Real_Ageing_EIS-2-0_3.png
Stack2,449Cycles,449,2,0.3,data\Stack2\EIS\449Cycles\Real_Ageing_EIS-2-0_3.xlsx,Sheet4,Cell 05,ok,0.00042447,0.000291456708091905,0.00021320851531079699,0.001562688863694754,0.001775897379005551,3.339728774785769e-05,2.2111788971146536e-06,0.00039806096574730346,-2.9497254480938918e-05,0.00011060992619187421,0.0011590190932390199,-0.00022081977827537235,0.0008119485794411399,results\figures\eis_fits\Stack2\Cell_05\0.3Acm2\449Cycles_condition_2_Real_Ageing_EIS-2-0_3.png
Stack2,449Cycles,449,2,0.3,data\Stack2\EIS\449Cycles\Real_Ageing_EIS-2-0_3.xlsx,Sheet5,Cell 10,ok,0.00035662,0.00027815145966856973,8.213026814773502e-05,0.0013983188047620345,0.0014804490729097696,1.821487769826239e-05,2.7432377858385793e-05,0.00031921659374243726,1.2592024134416715e-06,4.1084435340195826e-05,0.001081539046162037,-0.00012579122996793775,0.0007103853204245058,results\figures\eis_fits\Stack2\Cell_10\0.3Acm2\449Cycles_condition_2_Real_Ageing_EIS-2-0_3.png
Stack2,449Cycles,449,2,0.3,data\Stack2\EIS\449Cycles\Real_Ageing_EIS-2-0_3.xlsx,Sheet6,Cell 15,ok,0.00042729,0.000317513976029461,0.00032424105179313783,0.001421800329958317,0.0017460413817514547,1.3968710184298794e-05,1.0425800549317569e-05,0.0004796345019260299,-4.1423893478470124e-05,0.0001673290287663671,0.0011154251651611638,-0.00013452135104921573,0.0007235157485884472,results\figures\eis_fits\Stack2\Cell_15\0.3Acm2\449Cycles_condition_2_Real_Ageing_EIS-2-0_3.png
Stack2,449Cycles,449,2,0.3,data\Stack2\EIS\449Cycles\Real_Ageing_EIS-2-0_3.xlsx,Sheet7,Cell 20,ok,0.00033754,0.0002829138853232133,0.00016324319199158014,0.0016367412558376062,0.0017999844478291864,1.0679877087638108e-05,1.31223209724413e-05,0.0003645354813190034,-9.181136620874629e-05,0.00012284710781299043,0.0011672240476421738,-0.00026953464485323736,0.0008616144203855788,results\figures\eis_fits\Stack2\Cell_20\0.3Acm2\449Cycles_condition_2_Real_Ageing_EIS-2-0_3.png
Stack2,449Cycles,449,2,0.3,data\Stack2\EIS\449Cycles\Real_Ageing_EIS-2-0_3.xlsx,Sheet8,Cell 22,ok,0.00037028,0.00030148810555126807,0.00015965681773935994,0.0017012596387266528,0.0018609164564660128,1.8680474582294383e-05,8.067339643084749e-06,0.00038131651442094804,-2.611468257140527e-05,8.399137758407143e-05,0.001211429557751983,-0.00026442684809162525,0.0008907820426915648,results\figures\eis_fits\Stack2\Cell_22\0.3Acm2\449Cycles_condition_2_Real_Ageing_EIS-2-0_3.png
Stack2,449Cycles,449,2,0.3,data\Stack2\EIS\449Cycles\Real_Ageing_EIS-2-0_3.xlsx,Sheet9,Cell 24,ok,0.00040279,2.9503118811567794e-05,0.00033196954355493006,0.001795784172583739,0.0021277537161386692,2.2152883517691138e-05,3.71317104865895e-05,0.00019548789058903283,6.124569837867257e-05,0.0001769236559420715,0.0013301009453935396,-0.00010713051144764385,0.0009042605515605554,results\figures\eis_fits\Stack2\Cell_24\0.3Acm2\449Cycles_condition_2_Real_Ageing_EIS-2-0_3.png
Stack2,449Cycles,449,2,0.7,data\Stack2\EIS\449Cycles\Real_Ageing_EIS-2-0_7.xlsx,Sheet1,Whole Stack,ok,0.01191,0.0,0.014051177717839487,0.03519144408061926,0.049242621798458744,0.0004975750199776182,0.0009153784063457328,0.0047175131984167635,0.007371435007105714,0.007025588858919744,0.02581845290925497,-0.00957369614381444,0.020031602331663973,results\figures\eis_fits\Stack2\Whole_Stack\0.7Acm2\449Cycles_condition_2_Real_Ageing_EIS-2-0_7.png
Stack2,449Cycles,449,2,0.7,data\Stack2\EIS\449Cycles\Real_Ageing_EIS-2-0_7.xlsx,Sheet2,Cell 01,ok,0.00080545,0.0003279000925765471,0.001064628708218115,0.0018723048554098252,0.0029369335636279404,1.4474260028708459e-05,1.7816201450278642e-05,0.0008602144466856046,-0.00021110496758857105,0.0005726463820990356,0.0011248575727827014,0.0013040971392367484,0.0009361524277049126,results\figures\eis_fits\Stack2\Cell_01\0.7Acm2\449Cycles_condition_2_Real_Ageing_EIS-2-0_7.png
Stack2,449Cycles,449,2,0.7,data\Stack2\EIS\449Cycles\Real_Ageing_EIS-2-0_7.xlsx,Sheet3,Cell 03,ok,0.00079123,0.00031447779831356864,0.0014699321140505242,0.0016063349613615627,0.003076267075412087,4.933233629601331e-06,1.6326802203219294e-05,0.0010494438553388307,-0.0004222640179348491,0.0008476331788112965,0.0010753933389008792,0.0011612553127537382,0.0008031674806807813,results\figures\eis_fits\Stack2\Cell_03\0.7Acm2\449Cycles_condition_2_Real_Ageing_EIS-2-0_7.png
Stack2,449Cycles,449,2,0.7,data\Stack2\EIS\449Cycles\Real_Ageing_EIS-2-0_7.xlsx,Sheet4,Cell 05,ok,0.00040995,0.0003324372971782332,0.00019830955687748323,0.0014608175524252007,0.001659127109302684,8.314990962675188e-06,2.711037130879352e-05,0.00043159207561697477,1.1283182514459795e-06,9.916119800260828e-05,0.001061114381846341,-0.00042212880494710135,0.0008436170389071433,results\figures\eis_fits\Stack2\Cell_05\0.7Acm2\449Cycles_condition_2_Real_Ageing_EIS-2-0_7.png
Stack2,449Cycles,449,2,0.7,data\Stack2\EIS\449Cycles\Real_Ageing_EIS-2-0_7.xlsx,Sheet5,Cell 10,ok,0.00079274,0.0003273674445284911,0.001096692870001913,0.0015123992655474844,0.0026090921355493976,1.3588754843684438e-05,1.781825117588279e-05,0.0008757138795294476,-0.0002385832905179339,0.0005980015044233778,0.0010389338431812556,0.0011219828088736888,0.0007561996327737422,results\figures\eis_fits\Stack2\Cell_10\0.7Acm2\449Cycles_condition_2_Real_Ageing_EIS-2-0_7.png
Stack2,449Cycles,449,2,0.7,data\Stack2\EIS\449Cycles\Real_Ageing_EIS-2-0_7.xlsx,Sheet6,Cell 15,ok,0.00041017,0.0003305465209429366,0.00016903074466518593,0.0014861646886097665,0.0016551954332749525,1.2436600193917259e-05,2.8536192273398482e-05,0.00041506189327552954,8.24941407367087e-06,8.491702416521495e-05,0.0010724831634414426,-0.0004319301338849746,0.0008594969522782109,results\figures\eis_fits\Stack2\Cell_15\0.7Acm2\449Cycles_condition_2_Real_Ageing_EIS-2-0_7.png
Stack2,449Cycles,449,2,0.7,data\Stack2\EIS\449Cycles\Real_Ageing_EIS-2-0_7.xlsx,Sheet7,Cell 20,ok,0.00079892,0.00032872793067176406,0.0010686531160899206,0.0018842674396579977,0.0029529205557479185,1.3962969984391691e-05,1.499295039769517e-05,0.0008630544887167244,-0.00020464177921595173,0.0005721740368391812,0.0010846711113590088,0.0013196980152370735,0.0009421337198289989,results\figures\eis_fits\Stack2\Cell_20\0.7Acm2\449Cycles_condition_2_Real_Ageing_EIS-2-0_7.png
Stack2,449Cycles,449,2,0.7,data\Stack2\EIS\449Cycles\Real_Ageing_EIS-2-0_7.xlsx,Sheet8,Cell 22,ok,0.00037914,0.0003166917127588102,0.0001415143626457457,0.0013451242930800843,0.0014866386557258302,1.1423730655920777e-05,2.0421840792832313e-05,0.0003874488940816831,-1.2701037572273001e-06,7.076857969686851e-05,0.0010092231415060212,-0.00032272770912834456,0.0007459845944775123,results\figures\eis_fits\Stack2\Cell_22\0.7Acm2\449Cycles_condition_2_Real_Ageing_EIS-2-0_7.png
Stack2,449Cycles,449,2,0.7,data\Stack2\EIS\449Cycles\Real_Ageing_EIS-2-0_7.xlsx,Sheet9,Cell 24,ok,0.00034683,0.0002748384666464365,6.407690721839015e-05,0.0015818471734137733,0.0016459240806321635,5.188860059639089e-06,2.1346386261500505e-05,0.0003068769202556316,-1.78102443972799e-05,3.6656067917322844e-05,0.0011473571271116865,-0.0003760536046756286,0.0008757719072902601,results\figures\eis_fits\Stack2\Cell_24\0.7Acm2\449Cycles_condition_2_Real_Ageing_EIS-2-0_7.png
Stack2,449Cycles,449,2A,0.3,data\Stack2\EIS\449Cycles\Real_Ageing_EIS-2A-0_3.xlsx,Sheet1,Whole Stack,ok,0.012446,0.0021533617282439247,0.002996560409269791,0.03722339183237686,0.04021995224164666,0.0005556356172873142,6.838972201836218e-05,0.0036516419328788204,0.007971996742662215,0.008111570479051375,0.028189095504176854,-0.004271978761204148,0.019095680857535414,results\figures\eis_fits\Stack2\Whole_Stack\0.3Acm2\449Cycles_condition_2A_Real_Ageing_EIS-2A-0_3.png
Stack2,449Cycles,449,2A,0.3,data\Stack2\EIS\449Cycles\Real_Ageing_EIS-2A-0_3.xlsx,Sheet2,Cell 01,ok,0.00041178,0.00010930746092750924,0.00027876567757304064,0.001465807343796627,0.0017445730213696677,1.1985330852936408e-05,1.9846287610773396e-05,0.00024869029971402956,0.0001399973562474922,0.00013938283878652032,0.0011387383596089856,-0.00013186099426203154,0.000744671144928956,results\figures\eis_fits\Stack2\Cell_01\0.3Acm2\449Cycles_condition_2A_Real_Ageing_EIS-2A-0_3.png
Stack2,449Cycles,449,2A,0.3,data\Stack2\EIS\449Cycles\Real_Ageing_EIS-2A-0_3.xlsx,Sheet3,Cell 03,ok,0.00037482,0.0002619799272458639,2.890984515721234e-05,0.0015788017399385778,0.0016077115850957901,1.4246479960616909e-05,8.873602581364802e-06,0.00027643484982447006,8.076668904723526e-05,8.20500021109463e-05,0.001152443439457383,-0.000229332685731962,0.0008220384505929786,results\figures\eis_fits\Stack2\Cell_03\0.3Acm2\449Cycles_condition_2A_Real_Ageing_EIS-2A-0_3.png
Stack2,449Cycles,449,2A,0.3,data\Stack2\EIS\449Cycles\Real_Ageing_EIS-2A-0_3.xlsx,Sheet4,Cell 05,ok,0.00034872,0.00023536972114182608,0.00012136175298955556,0.0015179929392292748,0.0016393546922188304,1.8198855546534904e-05,2.2764321725409657e-05,0.00029605059763660385,-3.718915413287648e-05,7.11702322413895e-05,0.0011279090388302407,-0.00019362277523089707,0.0007833041682358122,results\figures\eis_fits\Stack2\Cell_05\0.3Acm2\449Cycles_condition_2A_Real_Ageing_EIS-2A-0_3.png
Stack2,449Cycles,449,2A,0.3,data\Stack2\EIS\449Cycles\Real_Ageing_EIS-2A-0_3.xlsx,Sheet5,Cell 10,ok,0.00038566,0.0001556506326922698,0.00017056612171024736,0.0015510747504473273,0.0017216408721575747,2.0921186978579967e-05,1.0565946975233204e-05,0.00024093369354739346,6.601895493002879e-05,0.00010785037264132147,0.0011523668805821098,-0.00020177491615425066,0.00080135593662109,results\figures\eis_fits\Stack2\Cell_10\0.3Acm2\449Cycles_condition_2A_Real_Ageing_EIS-2A-0_3.png
Stack2,449Cycles,449,2A,0.3,data\Stack2\EIS\449Cycles\Real_Ageing_EIS-2A-0_3.xlsx,Sheet6,Cell 15,ok,0.00034527,0.000292936443944758,4.831732553386392e-05,0.0016622046679057691,0.001710521993439633,8.969933343788099e-06,1.6902386442766562e-05,0.00031709510671169,2.8664963031475476e-05,2.415866276693196e-05,0.0011898714413897276,-0.00026485751159717284,0.0008722846960433151,results\figures\eis_fits\Stack2\Cell_15\0.3Acm2\449Cycles_condition_2A_Real_Ageing_EIS-2A-0_3.png
Stack2,449Cycles,449,2A,0.3,data\Stack2\EIS\449Cycles\Real_Ageing_EIS-2A-0_3.xlsx,Sheet7,Cell 20,ok,0.00042211,0.00032496424670072654,0.00021681429636706488,0.0013697277708778237,0.0015865420672448885,1.248504589642587e-05,2.2541438214372212e-05,0.00043337139488425897,7.543646174518223e-06,0.00010866929821661996,0.001109115468440643,-6.854665091717731e-05,0.0006882856855481191,results\figures\eis_fits\Stack2\Cell_20\0.3Acm2\449Cycles_condition_2A_Real_Ageing_EIS-2A-0_3.png
Stack2,449Cycles,449,2A,0.3,data\Stack2\EIS\449Cycles\Real_Ageing_EIS-2A-0_3.xlsx,Sheet8,Cell 22,ok,0.00037125,0.00026040921821485056,6.475116051256148e-05,0.0015735183215752906,0.001638269482087852,1.7795137555346513e-05,1.5764285747413988e-05,0.0002927847984711313,4.4371037722408706e-05,5.492692586968883e-05,0.0011628750230073689,-0.00018444085025355822,0.0008080893541716382,results\figures\eis_fits\Stack2\Cell_22\0.3Acm2\449Cycles_condition_2A_Real_Ageing_EIS-2A-0_3.png
Stack2,449Cycles,449,2A,0.3,data\Stack2\EIS\449Cycles\Real_Ageing_EIS-2A-0_3.xlsx,Sheet9,Cell 24,ok,0.00034808,0.0002180419834896713,0.00012134650192783117,0.002147870437411772,0.002269216939339603,1.8128695623162286e-05,1.1132744242353399e-05,0.0002787152344535869,1.255078441570696e-05,6.195777249046189e-05,0.0014280154973424634,-0.00045515051216213646,0.0011664042364027637,results\figures\eis_fits\Stack2\Cell_24\0.3Acm2\449Cycles_condition_2A_Real_Ageing_EIS-2A-0_3.png
Stack2,449Cycles,449,2A,0.7,data\Stack2\EIS\449Cycles\Real_Ageing_EIS-2A-0_7.xlsx,Sheet1,Whole Stack,ok,0.0079632,0.0,0.012235844335981787,0.03472125985167191,0.0469571041876537,0.00018804812990111996,0.0002841064298307811,0.0026239496141872774,-0.008828282688491292,0.010740928585625613,0.025119530761185966,-0.009304878821079367,0.01969701097366812,results\figures\eis_fits\Stack2\Whole_Stack\0.7Acm2\449Cycles_condition_2A_Real_Ageing_EIS-2A-0_7.png
Stack2,449Cycles,449,2A,0.7,data\Stack2\EIS\449Cycles\Real_Ageing_EIS-2A-0_7.xlsx,Sheet2,Cell 01,ok,0.00038258,0.00031441675811055435,9.851797059197618e-05,0.0014963794206352837,0.0015948973912272599,1.5322714332690554e-05,1.3907198465646624e-05,0.0003636757434065424,1.199126290328175e-05,5.069751491351417e-05,0.0010828189022325236,-0.00037587421264953936,0.0008372987915673282,results\figures\eis_fits\Stack2\Cell_01\0.7Acm2\449Cycles_condition_2A_Real_Ageing_EIS-2A-0_7.png
Stack2,449Cycles,449,2A,0.7,data\Stack2\EIS\449Cycles\Real_Ageing_EIS-2A-0_7.xlsx,Sheet3,Cell 03,ok,0.00036675,0.0003185579272627929,7.255209583084534e-05,0.001353211899808765,0.0014257639956396103,1.1588941591163548e-05,1.4262878167248287e-05,0.00035483397517821556,1.6399197791759845e-05,3.981061844000043e-05,0.0010058617807155517,-0.0003319791835913179,0.0007536615883697203,results\figures\eis_fits\Stack2\Cell_03\0.7Acm2\449Cycles_condition_2A_Real_Ageing_EIS-2A-0_7.png
Stack2,449Cycles,449,2A,0.7,data\Stack2\EIS\449Cycles\Real_Ageing_EIS-2A-0_7.xlsx,Sheet4,Cell 05,ok,0.00039902,0.0003326942279402661,0.0001907737713454578,0.0013367993340556445,0.0015275731054011023,1.0009145961455211e-05,1.5196277794488096e-05,0.00042808111361299496,-4.4409773076838735e-06,9.549021016727115e-05,0.0010111732009128976,-0.00032353117968148584,0.0007425836916529998,results\figures\eis_fits\Stack2\Cell_05\0.7Acm2\449Cycles_condition_2A_Real_Ageing_EIS-2A-0_7.png
Stack2,449Cycles,449,2A,0.7,data\Stack2\EIS\449Cycles\Real_Ageing_EIS-2A-0_7.xlsx,Sheet5,Cell 10,ok,0.00031389,0.00028033919864875706,1.8918314122854824e-05,0.0013954764739910483,0.0014143947881139032,1.2963877926370546e-05,1.0846659293882428e-05,0.00028979835571018447,-2.6831551075629778e-05,2.8450092889775977e-05,0.0010230019344670774,-0.00037899595836653763,0.0007940255561528184,results\figures\eis_fits\Stack2\Cell_10\0.7Acm2\449Cycles_condition_2A_Real_Ageing_EIS-2A-0_7.png
Stack2,449Cycles,449,2A,0.7,data\Stack2\EIS\449Cycles\Real_Ageing_EIS-2A-0_7.xlsx,Sheet6,Cell 15,ok,0.00038776,0.00033140121374297085,0.00014658688994233639,0.0013946019059479376,0.001541188795890274,8.789879051144113e-06,1.3901539197135494e-05,0.00040469465871413905,8.048504024702962e-06,7.37340321207061e-05,0.001038625159498984,-0.00033432391613587515,0.0007733053083477656,results\figures\eis_fits\Stack2\Cell_15\0.7Acm2\449Cycles_condition_2A_Real_Ageing_EIS-2A-0_7.png
Stack2,449Cycles,449,2A,0.7,data\Stack2\EIS\449Cycles\Real_Ageing_EIS-2A-0_7.xlsx,Sheet7,Cell 20,ok,0.00044969,0.0003247409924565292,0.00021071257601087937,0.0014277005710001593,0.0016384131470110388,1.9420956293497555e-05,1.706911171264811e-05,0.00043009728046196886,1.6911070241639387e-05,0.00010670488142068672,0.0010459611784897078,-0.00035059911349595156,0.0007952999236091327,results\figures\eis_fits\Stack2\Cell_20\0.7Acm2\449Cycles_condition_2A_Real_Ageing_EIS-2A-0_7.png
Stack2,449Cycles,449,2A,0.7,data\Stack2\EIS\449Cycles\Real_Ageing_EIS-2A-0_7.xlsx,Sheet8,Cell 22,ok,0.00032126,0.0002859450052723976,3.227356964506178e-05,0.0013778204349651877,0.0014100940046102494,7.074013739111872e-06,1.516674858397303e-05,0.0003020817900949285,-2.3385149681916073e-05,2.8412339749733438e-05,0.0010197361950287553,-0.00032582258119759247,0.000762074564704909,results\figures\eis_fits\Stack2\Cell_22\0.7Acm2\449Cycles_condition_2A_Real_Ageing_EIS-2A-0_7.png
Stack2,449Cycles,449,2A,0.7,data\Stack2\EIS\449Cycles\Real_Ageing_EIS-2A-0_7.xlsx,Sheet9,Cell 24,ok,0.00034204,0.0002728726830300829,6.125168867697779e-05,0.001473687682229499,0.001534939370906477,7.800559212245637e-06,1.4744811105939432e-05,0.0003034985273685718,-1.7070779483096014e-05,3.506214274122225e-05,0.0010877522158370036,-0.000374070874257763,0.0008263581942213106,results\figures\eis_fits\Stack2\Cell_24\0.7Acm2\449Cycles_condition_2A_Real_Ageing_EIS-2A-0_7.png
Stack2,449Cycles,449,3,0.7,data\Stack2\EIS\449Cycles\Real_Ageing_EIS-3-0_7.xlsx,Sheet1,Whole Stack,ok,0.0082393,0.0,0.02580249373116938,0.03927948655721538,0.06508198028838476,0.0003103810237847407,0.0002578395077821606,0.006128400274791896,0.01365958216225091,0.01290124686558469,0.027688803349342588,-0.00954100928408005,0.02183461413005775,results\figures\eis_fits\Stack2\Whole_Stack\0.7Acm2\449Cycles_condition_3_Real_Ageing_EIS-3-0_7.png
Stack2,449Cycles,449,3,0.7,data\Stack2\EIS\449Cycles\Real_Ageing_EIS-3-0_7.xlsx,Sheet2,Cell 01,ok,0.00038172,0.00032425555990386765,0.00012076493569762852,0.0015133788390272946,0.0016341437747249231,9.87240573558403e-06,1.1379260784184688e-05,0.0003846380277526819,7.636345066201512e-06,6.086342242663641e-05,0.0011136219689895424,-0.00031150277655549755,0.0008182987580374815,results\figures\eis_fits\Stack2\Cell_01\0.7Acm2\449Cycles_condition_3_Real_Ageing_EIS-3-0_7.png
Stack2,449Cycles,449,3,0.7,data\Stack2\EIS\449Cycles\Real_Ageing_EIS-3-0_7.xlsx,Sheet3,Cell 03,ok,0.00032857,0.00029885949832130865,3.0533885183191015e-05,0.0015065107311202262,0.0015370446163034172,4.853310211602475e-06,1.3074671546963019e-05,0.00031412644091290414,-4.738610823042291e-07,1.5274294760164722e-05,0.0010857386379468149,-0.0003458423829218253,0.000828854993089953,results\figures\eis_fits\Stack2\Cell_03\0.7Acm2\449Cycles_condition_3_Real_Ageing_EIS-3-0_7.png
Stack2,449Cycles,449,3,0.7,data\Stack2\EIS\449Cycles\Real_Ageing_EIS-3-0_7.xlsx,Sheet4,Cell 05,ok,0.00039121,0.00032696140044789247,0.0001710846398320371,0.0014895378932461138,0.001660622533078151,9.39747632217651e-06,1.1798436101967089e-05,0.00041250372036391104,-1.4435961253910795e-05,8.675186150128929e-05,0.0010996242082787304,-0.00031930044763100795,0.0008103292909128855,results\figures\eis_fits\Stack2\Cell_05\0.7Acm2\449Cycles_condition_3_Real_Ageing_EIS-3-0_7.png
Stack2,449Cycles,449,3,0.7,data\Stack2\EIS\449Cycles\Real_Ageing_EIS-3-0_7.xlsx,Sheet5,Cell 10,ok,0.00032429,0.0002780958733032735,5.866134662680469e-05,0.0016452432941356466,0.0017039046407624514,1.10994071274425e-05,8.978223044996089e-06,0.0003074265466166759,-3.7303019876006194e-05,2.9330673313402346e-05,0.0011551448892723787,-0.0004178648672904766,0.0009226686412468271,results\figures\eis_fits\Stack2\Cell_10\0.7Acm2\449Cycles_condition_3_Real_Ageing_EIS-3-0_7.png
Stack2,449Cycles,449,3,0.7,data\Stack2\EIS\449Cycles\Real_Ageing_EIS-3-0_7.xlsx,Sheet6,Cell 15,ok,0.00039337,0.0003334043697519767,0.00015560846636751118,0.0014275664847454796,0.0015831749511129908,7.505637895676597e-06,1.7120830794154614e-05,0.0004112086029357323,4.753740621949869e-06,7.794932168539372e-05,0.0010907223369674062,-0.00023985367674389142,0.0007530048494795399,results\figures\eis_fits\Stack2\Cell_15\0.7Acm2\449Cycles_condition_3_Real_Ageing_EIS-3-0_7.png
Stack2,449Cycles,449,3,0.7,data\Stack2\EIS\449Cycles\Real_Ageing_EIS-3-0_7.xlsx,Sheet7,Cell 20,ok,0.00039945,0.0003222699802280546,0.00015802807184134236,0.0014980223330275033,0.0016560504048688455,1.5154404886659379e-05,1.4519253543635361e-05,0.0004012840161487258,2.548590645247064e-06,7.905512751713298e-05,0.0011169701862895143,-0.0002705267965590159,0.0007963683037507044,results\figures\eis_fits\Stack2\Cell_20\0.7Acm2\449Cycles_condition_3_Real_Ageing_EIS-3-0_7.png
Stack2,449Cycles,449,3,0.7,data\Stack2\EIS\449Cycles\Real_Ageing_EIS-3-0_7.xlsx,Sheet8,Cell 22,ok,0.00033037,0.00026364125822406513,6.997903758979461e-05,0.0016392801518259011,0.0017092591894156957,6.550444583248552e-06,1.1478475104125427e-05,0.00029863077701896244,-6.597379800777002e-06,3.5606064732488654e-05,0.0011552423930722903,-0.00038202040039083074,0.0009042949963133479,results\figures\eis_fits\Stack2\Cell_22\0.7Acm2\449Cycles_condition_3_Real_Ageing_EIS-3-0_7.png
Stack2,449Cycles,449,3,0.7,data\Stack2\EIS\449Cycles\Real_Ageing_EIS-3-0_7.xlsx,Sheet9,Cell 24,ok,0.00035444,0.0003080140900283676,4.383212286460319e-05,0.0017245903232937737,0.001768422446158377,8.23076755976049e-06,1.8098348685161777e-05,0.0003299301514606692,-8.309687680922506e-07,2.193180926868466e-05,0.0012260736749469126,-0.00037197561002259784,0.000939105319041115,results\figures\eis_fits\Stack2\Cell_24\0.7Acm2\449Cycles_condition_3_Real_Ageing_EIS-3-0_7.png
Stack2,449Cycles,449,3A,0.3,data\Stack2\EIS\449Cycles\Real_Ageing_EIS-3A-0_3.xlsx,Sheet1,Whole Stack,ok,0.013136,0.0008105390299181533,0.004894966540214811,0.03740188196227717,0.042296848502491984,0.0005908080028074069,5.2356490022780794e-05,0.003258022300025559,0.008849077319040671,0.00918130403351374,0.028648716157441197,-0.0045959643838137795,0.019257416290803745,results\figures\eis_fits\Stack2\Whole_Stack\0.3Acm2\449Cycles_condition_3A_Real_Ageing_EIS-3A-0_3.png
Stack2,449Cycles,449,3A,0.3,data\Stack2\EIS\449Cycles\Real_Ageing_EIS-3A-0_3.xlsx,Sheet2,Cell 01,ok,0.00044681,0.00032948528154580085,0.00025826410764894024,0.0015679223475721451,0.0018261864552210853,1.780152181916687e-05,5.054166106795481e-06,0.00045861733537027097,-5.367805722137856e-06,0.00012924357107104578,0.0011798406682219198,-0.00023881634668074307,0.000819529358501557,results\figures\eis_fits\Stack2\Cell_01\0.3Acm2\449Cycles_condition_3A_Real_Ageing_EIS-3A-0_3.png
Stack2,449Cycles,449,3A,0.3,data\Stack2\EIS\449Cycles\Real_Ageing_EIS-3A-0_3.xlsx,Sheet3,Cell 03,ok,0.00034182,0.0001933548365386692,0.00013843800675608466,0.0016459576214135924,0.0017843956281696771,1.4763460343487345e-05,1.4444707243896185e-05,0.00026257383991671153,2.014069214249043e-05,7.208965188311019e-05,0.0011733228344021453,-0.00030868308936918016,0.0008789649438600347,results\figures\eis_fits\Stack2\Cell_03\0.3Acm2\449Cycles_condition_3A_Real_Ageing_EIS-3A-0_3.png
Stack2,449Cycles,449,3A,0.3,data\Stack2\EIS\449Cycles\Real_Ageing_EIS-3A-0_3.xlsx,Sheet4,Cell 05,ok,0.00034106,0.0002578096916541231,7.226570934408945e-05,0.0017139534678919845,0.001786219177236074,1.0488347200366597e-05,1.3082228926660853e-05,0.0002939425463261678,-6.286281423931666e-05,7.250735549472162e-05,0.0012085266942001307,-0.00034362018881674446,0.000923300577649118,results\figures\eis_fits\Stack2\Cell_05\0.3Acm2\449Cycles_condition_3A_Real_Ageing_EIS-3A-0_3.png
Stack2,449Cycles,449,3A,0.3,data\Stack2\EIS\449Cycles\Real_Ageing_EIS-3A-0_3.xlsx,Sheet5,Cell 10,ok,0.00035249,0.0002636285932439195,0.0001100892882048809,0.0015962393579311738,0.0017063286461360546,1.4572865795642073e-05,1.839874740133552e-05,0.00031867323734635996,-4.504916500884605e-05,7.112903846080426e-05,0.0011665633773822227,-0.00024717896893129693,0.0008355192784335204,results\figures\eis_fits\Stack2\Cell_10\0.3Acm2\449Cycles_condition_3A_Real_Ageing_EIS-3A-0_3.png
Stack2,449Cycles,449,3A,0.3,data\Stack2\EIS\449Cycles\Real_Ageing_EIS-3A-0_3.xlsx,Sheet6,Cell 15,ok,0.00042804,0.00034278335649963,0.00021255652017074947,0.0015984994477927063,0.0018110559679634557,1.2208556844963371e-05,6.513054592917178e-06,0.00044906161658500474,7.83256496414867e-06,0.00010656649398705094,0.001193735599776545,-0.00023304209180514658,0.0008325315235480968,results\figures\eis_fits\Stack2\Cell_15\0.3Acm2\449Cycles_condition_3A_Real_Ageing_EIS-3A-0_3.png
Stack2,449Cycles,449,3A,0.3,data\Stack2\EIS\449Cycles\Real_Ageing_EIS-3A-0_3.xlsx,Sheet7,Cell 20,ok,0.00035647,0.00024309930908582024,0.00010389009574638242,0.0016269243169807614,0.0017308144127271437,1.9271747622355343e-05,1.9605550301071167e-05,0.00029504435695901145,1.6275370369670533e-05,5.443505928368294e-05,0.001183935367576649,-0.00025138146677343247,0.0008514184195405873,results\figures\eis_fits\Stack2\Cell_20\0.3Acm2\449Cycles_condition_3A_Real_Ageing_EIS-3A-0_3.png
Stack2,449Cycles,449,3A,0.3,data\Stack2\EIS\449Cycles\Real_Ageing_EIS-3A-0_3.xlsx,Sheet8,Cell 22,ok,0.00034131,0.00026237992786215617,8.234655975422211e-05,0.0018773480009718947,0.0019596945607261167,9.783243383740927e-06,1.211195080218809e-05,0.0003035532077392672,-5.947426810331984e-06,4.160061131165231e-05,0.0012849658566624713,-0.00039062507461107575,0.0010167088216904586,results\figures\eis_fits\Stack2\Cell_22\0.3Acm2\449Cycles_condition_3A_Real_Ageing_EIS-3A-0_3.png
Stack2,449Cycles,449,3A,0.3,data\Stack2\EIS\449Cycles\Real_Ageing_EIS-3A-0_3.xlsx,Sheet9,Cell 24,ok,0.00039811,0.00021114948458472824,0.00015742739268138938,0.001720118006406226,0.0018775453990876154,2.9558066937825865e-05,1.972053098850056e-05,0.00028986318092542293,3.747834702622841e-05,8.718068872997904e-05,0.0012778878287455972,-0.00014036966831044867,0.0008714385421659509,results\figures\eis_fits\Stack2\Cell_24\0.3Acm2\449Cycles_condition_3A_Real_Ageing_EIS-3A-0_3.png
Stack2,449Cycles,449,3A,0.7,data\Stack2\EIS\449Cycles\Real_Ageing_EIS-3A-0_7.xlsx,Sheet1,Whole Stack,ok,0.0080271,0.0,0.014279928131447671,0.037465441410556,0.05174536954200367,0.0005841032420921065,0.00025812403963061355,0.004899617537807184,0.007735347606285425,0.007139964065723836,0.026609634720793127,-0.01124615295223923,0.021849274158358446,results\figures\eis_fits\Stack2\Whole_Stack\0.7Acm2\449Cycles_condition_3A_Real_Ageing_EIS-3A-0_7.png
Stack2,449Cycles,449,3A,0.7,data\Stack2\EIS\449Cycles\Real_Ageing_EIS-3A-0_7.xlsx,Sheet2,Cell 01,ok,0.00033282,0.00026195327212383393,6.928383363445996e-05,0.0014845457948292787,0.0015538296284637386,1.2155556518158122e-05,1.130036273684278e-05,0.0002965951889410639,-2.525873163889727e-05,4.2872671071181363e-05,0.001077526874695159,-0.0004220952856894943,0.0008538931340850677,results\figures\eis_fits\Stack2\Cell_01\0.7Acm2\449Cycles_condition_3A_Real_Ageing_EIS-3A-0_7.png
Stack2,449Cycles,449,3A,0.7,data\Stack2\EIS\449Cycles\Real_Ageing_EIS-3A-0_7.xlsx,Sheet3,Cell 03,ok,0.0007416,0.0003287713719514954,0.0014355021636648592,0.0014447891344514616,0.002880291298116321,8.17780376654581e-06,2.340182887298927e-05,0.001046522453783925,-0.0003979983819973937,0.000820712694884249,0.001076808602522779,-0.0004038623838808196,0.0008276223389150087,results\figures\eis_fits\Stack2\Cell_03\0.7Acm2\449Cycles_condition_3A_Real_Ageing_EIS-3A-0_7.png
Stack2,449Cycles,449,3A,0.7,data\Stack2\EIS\449Cycles\Real_Ageing_EIS-3A-0_7.xlsx,Sheet4,Cell 05,ok,0.00042638,0.00034302516394038633,0.00015971997200939483,0.0014471473062974926,0.0016068672783068874,1.0402806968965649e-05,1.5851862606132406e-05,0.00042288514994508376,1.1230877119613917e-05,8.064583042877254e-05,0.001071807628460547,-0.00039469191046543294,0.000824221169176014,results\figures\eis_fits\Stack2\Cell_05\0.7Acm2\449Cycles_condition_3A_Real_Ageing_EIS-3A-0_7.png
Stack2,449Cycles,449,3A,0.7,data\Stack2\EIS\449Cycles\Real_Ageing_EIS-3A-0_7.xlsx,Sheet5,Cell 10,ok,0.00033368,0.00024477810904714454,7.800536560902028e-05,0.0015217343460486516,0.0015997397116576718,1.8363707532290396e-05,1.0716830863363808e-05,0.0002837807918516547,-1.6230205243992685e-05,4.22448674777346e-05,0.0010966707856696499,-0.0004435702568252998,0.000880723241277356,results\figures\eis_fits\Stack2\Cell_10\0.7Acm2\449Cycles_condition_3A_Real_Ageing_EIS-3A-0_7.png
Stack2,449Cycles,449,3A,0.7,data\Stack2\EIS\449Cycles\Real_Ageing_EIS-3A-0_7.xlsx,Sheet6,Cell 15,ok,0.0004154,0.0003460904392814713,0.0001852433841374827,0.0014934125760574929,0.0016786559601949756,7.2033112172467615e-06,1.3818981758304671e-05,0.00043871213135021267,5.099449588624851e-06,9.27619654157008e-05,0.0010934011894611875,-0.0004077845467064922,0.0008507987524169794,results\figures\eis_fits\Stack2\Cell_15\0.7Acm2\449Cycles_condition_3A_Real_Ageing_EIS-3A-0_7.png
Stack2,449Cycles,449,3A,0.7,data\Stack2\EIS\449Cycles\Real_Ageing_EIS-3A-0_7.xlsx,Sheet7,Cell 20,ok,0.00039859,0.00033331783100615226,0.0001396987313367086,0.0015487846985084088,0.0016884834298451174,1.1706983120797557e-05,1.3177656277613677e-05,0.00040316719667450655,6.4999328980989766e-06,7.015114405304636e-05,0.0011143709872079213,-0.0004263792031082282,0.0008840151217183185,results\figures\eis_fits\Stack2\Cell_20\0.7Acm2\449Cycles_condition_3A_Real_Ageing_EIS-3A-0_7.png
Stack2,449Cycles,449,3A,0.7,data\Stack2\EIS\449Cycles\Real_Ageing_EIS-3A-0_7.xlsx,Sheet8,Cell 22,ok,0.00034158,0.00016910994689073352,0.00016624347936440397,0.001504447239757678,0.001670690719122082,4.979934453833351e-06,1.5369853550184096e-05,0.0002522316865729355,1.3244557267895324e-05,8.41703148682379e-05,0.0010936797486495978,-0.0003943585350136482,0.0008493285750766512,results\figures\eis_fits\Stack2\Cell_22\0.7Acm2\449Cycles_condition_3A_Real_Ageing_EIS-3A-0_7.png
Stack2,449Cycles,449,3A,0.7,data\Stack2\EIS\449Cycles\Real_Ageing_EIS-3A-0_7.xlsx,Sheet9,Cell 24,ok,0.00040588,0.0003415063434870313,0.00011752463472986126,0.0015173896461472438,0.0016349142808771051,1.5767350116432513e-05,1.6222379265210774e-05,0.0004002686608519619,-5.4744718149233865e-06,5.901677544350605e-05,0.0011182036430833092,-0.00041532179338815066,0.0008649335388466932,results\figures\eis_fits\Stack2\Cell_24\0.7Acm2\449Cycles_condition_3A_Real_Ageing_EIS-3A-0_7.png
Stack2,449Cycles,449,5,0.3,data\Stack2\EIS\449Cycles\Real_Ageing_EIS-5-0_3.xlsx,Sheet1,Whole Stack,ok,0.0080606,0.0,0.010275714524848841,0.06112548940776922,0.07140120393261806,0.0005263311068687242,0.0002781658390773886,0.003696195344859458,-0.012400303680523552,0.013422559689502346,0.038726859947272624,-0.013938182865961652,0.03359098547884259,results\figures\eis_fits\Stack2\Whole_Stack\0.3Acm2\449Cycles_condition_5_Real_Ageing_EIS-5-0_3.png
Stack2,449Cycles,449,5,0.3,data\Stack2\EIS\449Cycles\Real_Ageing_EIS-5-0_3.xlsx,Sheet2,Cell 01,ok,0.00034846,0.0002049912721971856,0.00013026441225828906,0.0016020798380741593,0.0017323442503324484,1.2462616431965861e-05,4.4271554382051445e-05,0.00027012347832633014,2.7527757045154564e-05,7.071054859910528e-05,0.0011836226091975924,-0.0001270396519307336,0.0008110511852242206,results\figures\eis_fits\Stack2\Cell_01\0.3Acm2\449Cycles_condition_5_Real_Ageing_EIS-5-0_3.png
Stack2,449Cycles,449,5,0.3,data\Stack2\EIS\449Cycles\Real_Ageing_EIS-5-0_3.xlsx,Sheet3,Cell 03,ok,0.00032909,0.00021877498801669334,0.00011136964526229333,0.002016626653332837,0.0021279962985951304,1.6165339289111795e-05,1.9185909495431973e-05,0.00027445981064784,-6.4313010146504165e-06,5.605498286685411e-05,0.0013558394787370437,-0.0003559923813983316,0.0010693111522596006,results\figures\eis_fits\Stack2\Cell_03\0.3Acm2\449Cycles_condition_5_Real_Ageing_EIS-5-0_3.png
Stack2,449Cycles,449,5,0.3,data\Stack2\EIS\449Cycles\Real_Ageing_EIS-5-0_3.xlsx,Sheet4,Cell 05,ok,0.00035347,0.0002490012258920656,9.459391495515033e-05,0.0021550231577706176,0.002249617072725768,1.205697465912695e-05,1.3942748283821632e-05,0.0002962981833696407,1.4422567054525946e-05,4.944706894324324e-05,0.0014376307314012942,-0.0003940176631522618,0.0011472929536556391,results\figures\eis_fits\Stack2\Cell_05\0.3Acm2\449Cycles_condition_5_Real_Ageing_EIS-5-0_3.png
Stack2,449Cycles,449,5,0.3,data\Stack2\EIS\449Cycles\Real_Ageing_EIS-5-0_3.xlsx,Sheet5,Cell 10,ok,0.00033109,0.0002814524595786258,2.382319945401901e-05,0.002200224230996729,0.002224047430450748,1.0156363156007279e-05,1.4706547817257402e-05,0.00029336405930563533,-2.949821018845428e-05,3.181242858347537e-05,0.0014480920263768274,-0.0004310412440640599,0.0011815427291260268,results\figures\eis_fits\Stack2\Cell_10\0.3Acm2\449Cycles_condition_5_Real_Ageing_EIS-5-0_3.png
Stack2,449Cycles,449,5,0.3,data\Stack2\EIS\449Cycles\Real_Ageing_EIS-5-0_3.xlsx,Sheet6,Cell 15,ok,0.00046474,0.0003459514073242724,0.0002613845233490152,0.001992840035165241,0.002254224558514256,1.8075564066225795e-05,4.485586892173881e-06,0.00047664366899878,1.5388291245880442e-05,0.0001315950864168796,0.0014007217139197295,-0.0002592028815860957,0.0010295819468414767,results\figures\eis_fits\Stack2\Cell_15\0.3Acm2\449Cycles_condition_5_Real_Ageing_EIS-5-0_3.png
Stack2,449Cycles,449,5,0.3,data\Stack2\EIS\449Cycles\Real_Ageing_EIS-5-0_3.xlsx,Sheet7,Cell 20,ok,0.00042649,0.0003349633086731535,0.0002108561547590797,0.0018652640840748642,0.002076120238833944,1.4534050049475906e-05,9.435818457140258e-06,0.0004403913860526934,1.2092862472474273e-05,0.00010611935178243607,0.0013402841143515414,-0.00019811495727623112,0.0009534422175105702,results\figures\eis_fits\Stack2\Cell_20\0.3Acm2\449Cycles_condition_5_Real_Ageing_EIS-5-0_3.png
Stack2,449Cycles,449,5,0.3,data\Stack2\EIS\449Cycles\Real_Ageing_EIS-5-0_3.xlsx,Sheet8,Cell 22,ok,0.00032801,0.0002472504138756785,6.869597153498342e-05,0.0023947593045728897,0.002463455276107873,1.3898225419759164e-05,1.4814739350193364e-05,0.0002815983996431702,-5.6610482964802396e-05,6.621579047169938e-05,0.0015390595955626994,-0.0004850995351256446,0.0012919131513723064,results\figures\eis_fits\Stack2\Cell_22\0.3Acm2\449Cycles_condition_5_Real_Ageing_EIS-5-0_3.png
Stack2,449Cycles,449,5,0.3,data\Stack2\EIS\449Cycles\Real_Ageing_EIS-5-0_3.xlsx,Sheet9,Cell 24,ok,0.00035288,0.0002348415779813888,2.688891505094736e-05,0.0026372578287288217,0.002664146743779769,3.823092442562299e-05,2.9416663524069264e-05,0.0002482860355068625,-0.0001536678921589656,0.00015425490111738345,0.001702196390029262,-0.0003819504143629528,0.001372832230401769,results\figures\eis_fits\Stack2\Cell_24\0.3Acm2\449Cycles_condition_5_Real_Ageing_EIS-5-0_3.png
Stack2,449Cycles,449,5,0.7,data\Stack2\EIS\449Cycles\Real_Ageing_EIS-5-0_7.xlsx,Sheet1,Whole Stack,ok,0.0082896,0.0,0.04220867558616441,0.04260425954199849,0.0848129351281629,0.0001526010384205531,0.0002431866151569453,0.007973071412807948,0.021907140415543064,0.021104337793082205,0.029571755534818434,-0.009104602107556614,0.023166236472880457,results\figures\eis_fits\Stack2\Whole_Stack\0.7Acm2\449Cycles_condition_5_Real_Ageing_EIS-5-0_7.png
Stack2,449Cycles,449,5,0.7,data\Stack2\EIS\449Cycles\Real_Ageing_EIS-5-0_7.xlsx,Sheet2,Cell 01,ok,0.00043837,0.0003311777553410438,0.0002882310577084624,0.0016371102062500873,0.0019253412639585498,9.06835978057275e-06,3.036217869208566e-06,0.000475293284195275,-1.7107890814221305e-05,0.00014512741155634957,0.0012101700136190226,-0.00023350547609963398,0.0008512092951915924,results\figures\eis_fits\Stack2\Cell_01\0.7Acm2\449Cycles_condition_5_Real_Ageing_EIS-5-0_7.png
Stack2,449Cycles,449,5,0.7,data\Stack2\EIS\449Cycles\Real_Ageing_EIS-5-0_7.xlsx,Sheet3,Cell 03,ok,0.00032591,0.0002571933918523382,6.545820307556584e-05,0.0017159230426444327,0.0017813812457199987,9.348169147397983e-06,8.988178495413265e-06,0.0002899224933901211,-1.0598854847389963e-05,3.4402468102543835e-05,0.0011906464645585336,-0.00038846311707414283,0.0009418076052976484,results\figures\eis_fits\Stack2\Cell_03\0.7Acm2\449Cycles_condition_5_Real_Ageing_EIS-5-0_7.png
Stack2,449Cycles,449,5,0.7,data\Stack2\EIS\449Cycles\Real_Ageing_EIS-5-0_7.xlsx,Sheet4,Cell 05,ok,0.00041178,0.00033430318977608394,0.0001889208250552723,0.0015545926231257882,0.0017435134481810605,1.0941853695496303e-05,4.762258834507283e-06,0.0004287636023037201,-4.818168030029797e-06,9.458321351094391e-05,0.0011543187280275305,-0.00025350809612432264,0.000817591530514999,results\figures\eis_fits\Stack2\Cell_05\0.7Acm2\449Cycles_condition_5_Real_Ageing_EIS-5-0_7.png
Stack2,449Cycles,449,5,0.7,data\Stack2\EIS\449Cycles\Real_Ageing_EIS-5-0_7.xlsx,Sheet5,Cell 10,ok,0.0003321,0.00027642350681572636,5.885818108988293e-05,0.00169878026802021,0.0017576384491100928,1.1823916343727163e-05,1.0368919946447404e-05,0.00030585259736066783,-2.2995438534369895e-05,3.734784550265714e-05,0.001192836836916523,-0.0003651693918102873,0.000924560589939242,results\figures\eis_fits\Stack2\Cell_10\0.7Acm2\449Cycles_condition_5_Real_Ageing_EIS-5-0_7.png
Stack2,449Cycles,449,5,0.7,data\Stack2\EIS\449Cycles\Real_Ageing_EIS-5-0_7.xlsx,Sheet6,Cell 15,ok,0.00040186,0.0003385377952802015,0.00017831195556762335,0.0015278496535925674,0.0017061616091601907,8.144842016615658e-06,8.235068469740345e-06,0.0004276937730640132,2.93378990411489e-06,8.920423475255538e-05,0.0011514045680574413,-0.00020765797594091015,0.0007916457389309992,results\figures\eis_fits\Stack2\Cell_15\0.7Acm2\449Cycles_condition_5_Real_Ageing_EIS-5-0_7.png
Stack2,449Cycles,449,5,0.7,data\Stack2\EIS\449Cycles\Real_Ageing_EIS-5-0_7.xlsx,Sheet7,Cell 20,ok,0.00040917,0.00032653743149439296,0.0002541546415587923,0.0016012176715831038,0.0018553723131418962,8.38158946204405e-06,4.5902597762935694e-06,0.00045361475227378913,-2.255939374457115e-05,0.00012906421542237083,0.0011766229260628926,-0.0002451181860051116,0.0008372917251818154,results\figures\eis_fits\Stack2\Cell_20\0.7Acm2\449Cycles_condition_5_Real_Ageing_EIS-5-0_7.png
Stack2,449Cycles,449,5,0.7,data\Stack2\EIS\449Cycles\Real_Ageing_EIS-5-0_7.xlsx,Sheet8,Cell 22,ok,0.00044702,0.0003319053146563536,0.0003276534353930362,0.0015052769504879558,0.001832930385880992,1.0743472923644084e-05,1.8368707644557043e-06,0.0004957320323528717,-2.2117215676152832e-05,0.00016531292950183933,0.0011418683068912436,-0.0001961891201042394,0.0007777884322004639,results\figures\eis_fits\Stack2\Cell_22\0.7Acm2\449Cycles_condition_5_Real_Ageing_EIS-5-0_7.png
Stack2,449Cycles,449,5,0.7,data\Stack2\EIS\449Cycles\Real_Ageing_EIS-5-0_7.xlsx,Sheet9,Cell 24,ok,0.00044756,0.00035053292194837384,0.00023076317411821747,0.0016175814299786873,0.0018483446040969047,1.4589031027226363e-05,4.018179712904301e-06,0.0004659145090074826,-1.1622316697851088e-05,0.00011596546415939461,0.0012189040953745243,-0.00022806471600094033,0.0008403308487361173,results\figures\eis_fits\Stack2\Cell_24\0.7Acm2\449Cycles_condition_5_Real_Ageing_EIS-5-0_7.png
Stack2,449Cycles,449,5A,0.3,data\Stack2\EIS\449Cycles\Real_Ageing_EIS-5A-0_3.xlsx,Sheet1,Whole Stack,ok,0.01271,0.0,0.0066781110049088785,0.04054293346230273,0.047221044467211606,0.0006169836351629631,4.811873112250089e-05,0.002918705403033343,0.008570159265093991,0.009197658477979471,0.03026423506864534,-0.004484611991202233,0.02076160177211314,results\figures\eis_fits\Stack2\Whole_Stack\0.3Acm2\449Cycles_condition_5A_Real_Ageing_EIS-5A-0_3.png
Stack2,449Cycles,449,5A,0.3,data\Stack2\EIS\449Cycles\Real_Ageing_EIS-5A-0_3.xlsx,Sheet2,Cell 01,ok,0.00035415,0.0001860227679355938,0.0001580809395769783,0.0018680910863779674,0.002026172025954946,1.444993777763393e-05,1.7435747149595385e-05,0.00026506323772408294,3.7132676750182297e-06,7.912764511352148e-05,0.0013010063671483585,-0.00031197121602691307,0.0009847675443375023,results\figures\eis_fits\Stack2\Cell_01\0.3Acm2\449Cycles_condition_5A_Real_Ageing_EIS-5A-0_3.png
Stack2,449Cycles,449,5A,0.3,data\Stack2\EIS\449Cycles\Real_Ageing_EIS-5A-0_3.xlsx,Sheet3,Cell 03,ok,0.00034312,0.00022639965115851433,0.00011631414574606556,0.001777478049735426,0.0018937921954814915,1.2119251222203153e-05,1.8511286583899796e-05,0.0002845567240315471,-1.0866787040837276e-05,5.916360524638567e-05,0.001245170133451533,-0.00028949505618361843,0.0009347001882301991,results\figures\eis_fits\Stack2\Cell_03\0.3Acm2\449Cycles_condition_5A_Real_Ageing_EIS-5A-0_3.png
Stack2,449Cycles,449,5A,0.3,data\Stack2\EIS\449Cycles\Real_Ageing_EIS-5A-0_3.xlsx,Sheet4,Cell 05,ok,0.00036271,0.00027537234024244253,8.628139187904528e-05,0.0016206767691100154,0.0017069581609890608,1.9816500021794204e-05,2.2139981548896743e-05,0.00031851303618196517,-2.0550591552273333e-07,4.314118541287038e-05,0.001195702315253382,-0.00019261859757780606,0.0008329166954840444,results\figures\eis_fits\Stack2\Cell_05\0.3Acm2\449Cycles_condition_5A_Real_Ageing_EIS-5A-0_3.png
Stack2,449Cycles,449,5A,0.3,data\Stack2\EIS\449Cycles\Real_Ageing_EIS-5A-0_3.xlsx,Sheet5,Cell 10,ok,0.00035358,0.00024897680698060174,0.00010173773550030044,0.0017887665354938537,0.001890504270994154,1.209510659954939e-05,2.0207601937849637e-05,0.00029984567473075193,-9.181436934293448e-06,5.169081630580698e-05,0.0012587375986538834,-0.00028982750273919873,0.0009401709477375438,results\figures\eis_fits\Stack2\Cell_10\0.3Acm2\449Cycles_condition_5A_Real_Ageing_EIS-5A-0_3.png
Stack2,449Cycles,449,5A,0.3,data\Stack2\EIS\449Cycles\Real_Ageing_EIS-5A-0_3.xlsx,Sheet6,Cell 15,ok,0.0003707,0.00031928376207091946,0.00023818422680061752,0.001821658216546423,0.0020598424433470406,7.529067865558108e-06,1.4626239144748035e-05,0.0004383758754712282,-5.693444781144932e-05,0.00013200175310103517,0.0012873170604610399,-0.0002803252839315618,0.0009529910436562793,results\figures\eis_fits\Stack2\Cell_15\0.3Acm2\449Cycles_condition_5A_Real_Ageing_EIS-5A-0_3.png
Stack2,449Cycles,449,5A,0.3,data\Stack2\EIS\449Cycles\Real_Ageing_EIS-5A-0_3.xlsx,Sheet7,Cell 20,ok,0.00034697,1.730089537230168e-05,0.0003156235315956233,0.0017445629428027459,0.002060186474398369,1.227709893482995e-05,2.497787952816661e-05,0.00017511266117011334,2.953799694610706e-07,0.0001578120422323649,0.0012389697493405184,-0.0002458827081975011,0.0009062743908666303,results\figures\eis_fits\Stack2\Cell_20\0.3Acm2\449Cycles_condition_5A_Real_Ageing_EIS-5A-0_3.png
Stack2,449Cycles,449,5A,0.3,data\Stack2\EIS\449Cycles\Real_Ageing_EIS-5A-0_3.xlsx,Sheet8,Cell 22,ok,0.00044306,0.0003235185003708259,0.00021467323440354992,0.001808974434857856,0.002023647669261406,2.5726671697514694e-05,3.3142923470001254e-06,0.00043085511757260086,1.070596157505329e-06,0.00010734195623544802,0.001296285663979367,-0.0002416134405972666,0.0009362019980589518,results\figures\eis_fits\Stack2\Cell_22\0.3Acm2\449Cycles_condition_5A_Real_Ageing_EIS-5A-0_3.png
Stack2,449Cycles,449,5A,0.3,data\Stack2\EIS\449Cycles\Real_Ageing_EIS-5A-0_3.xlsx,Sheet9,Cell 24,ok,0.00035191,0.00014683073541270515,0.0001932776479285031,0.0024755048564604693,0.002668782504388972,1.5237204870957662e-05,1.237282906231257e-05,0.0002434695593769567,2.8397790737259663e-05,0.00010072485699146359,0.001605089632601711,-0.0005413270132718774,0.0013509500393751404,results\figures\eis_fits\Stack2\Cell_24\0.3Acm2\449Cycles_condition_5A_Real_Ageing_EIS-5A-0_3.png
Stack2,449Cycles,449,5A,0.7,data\Stack2\EIS\449Cycles\Real_Ageing_EIS-5A-0_7.xlsx,Sheet1,Whole Stack,ok,0.012557,0.0,0.014724384299467005,0.033326490357453505,0.04805087465692051,0.0004659520001049201,0.00015083204347003396,0.004731054292398738,0.0076708749499980085,0.0073621921497335025,0.02594421726788495,-0.005116932571100338,0.017431200154422753,results\figures\eis_fits\Stack2\Whole_Stack\0.7Acm2\449Cycles_condition_5A_Real_Ageing_EIS-5A-0_7.png
Stack2,449Cycles,449,5A,0.7,data\Stack2\EIS\449Cycles\Real_Ageing_EIS-5A-0_7.xlsx,Sheet2,Cell 01,ok,0.00040639,0.00034314560342877884,0.00010820438836137754,0.0014227810560512835,0.001530985444412661,9.95231995417209e-06,1.3356204720489037e-05,0.0003972477976094676,2.6491274834198433e-05,6.0239812894015444e-05,0.001107518384822557,-0.0001924647514384784,0.0007369661891232709,results\figures\eis_fits\Stack2\Cell_01\0.7Acm2\449Cycles_condition_5A_Real_Ageing_EIS-5A-0_7.png
Stack2,449Cycles,449,5A,0.7,data\Stack2\EIS\449Cycles\Real_Ageing_EIS-5A-0_7.xlsx,Sheet3,Cell 03,ok,0.00032781,0.0002907013015080379,4.245589153685212e-05,0.0015930680161993973,0.0016355239077362495,9.348735714364118e-06,8.841864685519803e-06,0.00031192924727646397,-1.7273336150523695e-05,2.7367751521018797e-05,0.0011276166222303837,-0.0003887601606305506,0.0008863412934941384,results\figures\eis_fits\Stack2\Cell_03\0.7Acm2\449Cycles_condition_5A_Real_Ageing_EIS-5A-0_7.png
Stack2,449Cycles,449,5A,0.7,data\Stack2\EIS\449Cycles\Real_Ageing_EIS-5A-0_7.xlsx,Sheet4,Cell 05,ok,0.00037492,0.0003255043426402182,0.0001489320938445118,0.0013924928551816314,0.0015414249490261433,1.2395323801037067e-05,9.925167809112486e-06,0.00039997038956247406,-3.055100968958146e-05,8.048947966834249e-05,0.0010634043925946733,-0.00025162869511141596,0.0007403216112855594,results\figures\eis_fits\Stack2\Cell_05\0.7Acm2\449Cycles_condition_5A_Real_Ageing_EIS-5A-0_7.png
Stack2,449Cycles,449,5A,0.7,data\Stack2\EIS\449Cycles\Real_Ageing_EIS-5A-0_7.xlsx,Sheet5,Cell 10,ok,0.00032686,0.00030697248673197414,1.434433559320704e-05,0.0016057745484443938,0.0016201188840376008,1.1214391621298585e-05,8.737334660063399e-06,0.00031414465452857764,-4.169974864014379e-05,4.231204352845429e-05,0.0011400062951004211,-0.0004015656458195409,0.0008977098323012922,results\figures\eis_fits\Stack2\Cell_10\0.7Acm2\449Cycles_condition_5A_Real_Ageing_EIS-5A-0_7.png
Stack2,449Cycles,449,5A,0.7,data\Stack2\EIS\449Cycles\Real_Ageing_EIS-5A-0_7.xlsx,Sheet6,Cell 15,ok,0.00041774,0.00033952133216194884,0.00017314257635407535,0.0014399499933955614,0.0016130925697496368,9.89603318706626e-06,5.921366838692432e-06,0.00042609262033898654,7.484799732948992e-06,8.689424701137617e-05,0.0010974296103964244,-0.00024282639601401457,0.0007598214622338095,results\figures\eis_fits\Stack2\Cell_15\0.7Acm2\449Cycles_condition_5A_Real_Ageing_EIS-5A-0_7.png
Stack2,449Cycles,449,5A,0.7,data\Stack2\EIS\449Cycles\Real_Ageing_EIS-5A-0_7.xlsx,Sheet7,Cell 20,ok,0.00041325,0.0003318312060592764,0.00018077357633078443,0.00145240323454316,0.0016331768108739445,1.1631831914717093e-05,5.8560961650515065e-06,0.0004222179942246686,5.500307212731963e-06,9.055398861612843e-05,0.001098896721455231,-0.0002464219697579953,0.0007668719424436317,results\figures\eis_fits\Stack2\Cell_20\0.7Acm2\449Cycles_condition_5A_Real_Ageing_EIS-5A-0_7.png
Stack2,449Cycles,449,5A,0.7,data\Stack2\EIS\449Cycles\Real_Ageing_EIS-5A-0_7.xlsx,Sheet8,Cell 22,ok,0.00033097,0.0002988762227673674,4.624790511684129e-05,0.0015202452211928528,0.001566493126309694,9.637942867949802e-06,1.1019366175750343e-05,0.00032200017532578803,-3.0835182054888626e-05,3.854251722814967e-05,0.0011011122309023168,-0.000325580411703199,0.0008269153448961696,results\figures\eis_fits\Stack2\Cell_22\0.7Acm2\449Cycles_condition_5A_Real_Ageing_EIS-5A-0_7.png
Stack2,449Cycles,449,5A,0.7,data\Stack2\EIS\449Cycles\Real_Ageing_EIS-5A-0_7.xlsx,Sheet9,Cell 24,ok,0.0003444,0.0002635102210992874,0.00016597211687297196,0.0016253571240915242,0.0017913292409644961,5.803703579728485e-06,9.986190350928691e-06,0.00034649627953577334,-0.00010312626420025117,8.298605843648598e-05,0.0011762985430666703,-0.0003607816764062815,0.000889162450421347,results\figures\eis_fits\Stack2\Cell_24\0.7Acm2\449Cycles_condition_5A_Real_Ageing_EIS-5A-0_7.png
Stack2,449Cycles,449,6,0.3,data\Stack2\EIS\449Cycles\Real_Ageing_EIS-6-0_3.xlsx,Sheet1,Whole Stack,ok,0.01131,0.0023609387068273054,0.003138049048789231,0.04483004150843515,0.04796809055722438,0.00036527347553338263,4.1654637057830016e-05,0.003929963231221921,0.007114013150093535,0.007284986002584733,0.031675304662812584,-0.0066017403295393256,0.023366988055602514,results\figures\eis_fits\Stack2\Whole_Stack\0.3Acm2\449Cycles_condition_6_Real_Ageing_EIS-6-0_3.png
Stack2,449Cycles,449,6,0.3,data\Stack2\EIS\449Cycles\Real_Ageing_EIS-6-0_3.xlsx,Sheet2,Cell 01,ok,0.0003361,0.0002087206495736798,0.00015972696090282138,0.0017942747457533603,0.001954001706656182,1.8730088044572262e-05,1.8019861881612088e-05,0.0002885841300250905,-8.714383305834232e-05,0.00011820415876741856,0.001243314932800624,-0.0003343311407962179,0.0009574094095621642,results\figures\eis_fits\Stack2\Cell_01\0.3Acm2\449Cycles_condition_6_Real_Ageing_EIS-6-0_3.png
Stack2,449Cycles,449,6,0.3,data\Stack2\EIS\449Cycles\Real_Ageing_EIS-6-0_3.xlsx,Sheet3,Cell 03,ok,0.00035005,0.000251892426136563,7.677932133766168e-05,0.0016742290195357768,0.0017510083408734385,1.4056051648449625e-05,2.1862581985225733e-05,0.0002902820868053938,3.04675728566802e-05,4.901060132303106e-05,0.0012035479139830235,-0.00022751780226147028,0.0008674820187242047,results\figures\eis_fits\Stack2\Cell_03\0.3Acm2\449Cycles_condition_6_Real_Ageing_EIS-6-0_3.png
Stack2,449Cycles,449,6,0.3,data\Stack2\EIS\449Cycles\Real_Ageing_EIS-6-0_3.xlsx,Sheet4,Cell 05,ok,0.00041252,0.0003183873175378289,0.00019673588199503492,0.001441031945992836,0.001637767827987871,1.6035269854287046e-05,2.303798645777526e-05,0.00041675525853534633,-6.684341058292547e-06,9.859478805431173e-05,0.0011472261163135774,-6.857339867094009e-05,0.0007237717722792585,results\figures\eis_fits\Stack2\Cell_05\0.3Acm2\449Cycles_condition_6_Real_Ageing_EIS-6-0_3.png
Stack2,449Cycles,449,6,0.3,data\Stack2\EIS\449Cycles\Real_Ageing_EIS-6-0_3.xlsx,Sheet5,Cell 10,ok,0.00033678,0.0002199116964055499,0.0001053557876821406,0.002079887158465943,0.0021852429461480835,9.918736865670487e-06,1.1138155451805634e-05,0.0002725895902466202,1.944978657914285e-05,5.615384846566866e-05,0.0013801411937989809,-0.00043524382887069797,0.0011273508054540562,results\figures\eis_fits\Stack2\Cell_10\0.3Acm2\449Cycles_condition_6_Real_Ageing_EIS-6-0_3.png
Stack2,449Cycles,449,6,0.3,data\Stack2\EIS\449Cycles\Real_Ageing_EIS-6-0_3.xlsx,Sheet6,Cell 15,ok,0.00038046,0.0003175751272352072,0.000310283085644851,0.001757040916130566,0.002067324001775417,8.683316321210309e-06,1.4969045217413017e-05,0.0004727166700576327,-5.953986533889898e-05,0.00016617428764371673,0.0012613543764816778,-0.0002300768556531286,0.0009081484211000232,results\figures\eis_fits\Stack2\Cell_15\0.3Acm2\449Cycles_condition_6_Real_Ageing_EIS-6-0_3.png
Stack2,449Cycles,449,6,0.3,data\Stack2\EIS\449Cycles\Real_Ageing_EIS-6-0_3.xlsx,Sheet7,Cell 20,ok,0.00031951,0.00012842484728801837,0.0001816095135484246,0.002104496303062408,0.002286105816610833,9.326065608264745e-06,1.2989729430362942e-05,0.00021922960406223067,6.3636804893669165e-06,9.102746993185411e-05,0.0013852553463194709,-0.00044922567204629777,0.0011441284354591855,results\figures\eis_fits\Stack2\Cell_20\0.3Acm2\449Cycles_condition_6_Real_Ageing_EIS-6-0_3.png
Stack2,449Cycles,449,6,0.3,data\Stack2\EIS\449Cycles\Real_Ageing_EIS-6-0_3.xlsx,Sheet8,Cell 22,ok,0.00034323,0.0001644139502486035,0.00015053038013285673,0.0020568843379902314,0.0022074147181230883,9.775733746511162e-06,1.3047765327301713e-05,0.00023967914031503186,6.469781859494235e-05,9.925047388642362e-05,0.0013782791848375921,-0.00037048478664500784,0.0010931387250037276,results\figures\eis_fits\Stack2\Cell_22\0.3Acm2\449Cycles_condition_6_Real_Ageing_EIS-6-0_3.png
Stack2,449Cycles,449,6,0.3,data\Stack2\EIS\449Cycles\Real_Ageing_EIS-6-0_3.xlsx,Sheet9,Cell 24,ok,0.00037569,0.00015891506387909546,0.00021982871464716616,0.0024740622783402185,0.0026938909929873846,3.108814274563625e-05,3.349375879121667e-05,0.0002688294212026785,-6.141175726556772e-05,0.00012590698898909985,0.0016435178017831914,-0.0002666388186991752,0.0012654415430646293,results\figures\eis_fits\Stack2\Cell_24\0.3Acm2\449Cycles_condition_6_Real_Ageing_EIS-6-0_3.png
Stack2,449Cycles,449,6,0.7,data\Stack2\EIS\449Cycles\Real_Ageing_EIS-6-0_7.xlsx,Sheet1,Whole Stack,ok,0.0078276,0.0,0.012147562039292343,0.04833757757110727,0.06048513961039961,0.0004165763036183238,0.00020171995998863893,0.001970006158330216,-0.007509440697783926,0.009658287398299329,0.03198009141153292,-0.013323969032600459,0.027598161209442907,results\figures\eis_fits\Stack2\Whole_Stack\0.7Acm2\449Cycles_condition_6_Real_Ageing_EIS-6-0_7.png
Stack2,449Cycles,449,6,0.7,data\Stack2\EIS\449Cycles\Real_Ageing_EIS-6-0_7.xlsx,Sheet2,Cell 01,ok,0.00039555,0.00033643206043594635,7.767553818670788e-05,0.0018048141612708477,0.0018824896994575555,1.0695596422990827e-05,7.327780487245646e-06,0.0003752698295293003,3.130079824133098e-05,4.9880981132022526e-05,0.001252394591827602,-0.0004150003985541672,0.0009932592159054281,results\figures\eis_fits\Stack2\Cell_01\0.7Acm2\449Cycles_condition_6_Real_Ageing_EIS-6-0_7.png
Stack2,449Cycles,449,6,0.7,data\Stack2\EIS\449Cycles\Real_Ageing_EIS-6-0_7.xlsx,Sheet3,Cell 03,ok,0.00037922,0.00031539873133812677,0.00015793636780664125,0.0017263644001711009,0.0018843007679777422,1.0182576224051545e-05,7.480020227744466e-06,0.0003943669152414474,-5.863347462314693e-06,7.91855599996142e-05,0.0012062769401656064,-0.0003955077258778015,0.0009494787368727966,results\figures\eis_fits\Stack2\Cell_03\0.7Acm2\449Cycles_condition_6_Real_Ageing_EIS-6-0_7.png
Stack2,449Cycles,449,6,0.7,data\Stack2\EIS\449Cycles\Real_Ageing_EIS-6-0_7.xlsx,Sheet4,Cell 05,ok,0.00039876,0.000327743721046459,0.00011113453247667588,0.0017552561986677727,0.0018663907311444487,1.439449168628452e-05,7.584536223163517e-06,0.0003833109872847969,1.2493890669605703e-05,5.695452906719879e-05,0.0012334245549933704,-0.00039414722086466886,0.0009620723010542149,results\figures\eis_fits\Stack2\Cell_05\0.7Acm2\449Cycles_condition_6_Real_Ageing_EIS-6-0_7.png
Stack2,449Cycles,449,6,0.7,data\Stack2\EIS\449Cycles\Real_Ageing_EIS-6-0_7.xlsx,Sheet5,Cell 10,ok,0.00032291,0.0002677732088687529,4.2122688463660546e-05,0.0018935786842454786,0.0019357013727091391,1.175939949047895e-05,1.109615290643864e-05,0.0002888345531005832,-4.761698147812969e-05,5.206685266021172e-05,0.0012829916277210976,-0.00047549981789559375,0.0010594857880953158,results\figures\eis_fits\Stack2\Cell_10\0.7Acm2\449Cycles_condition_6_Real_Ageing_EIS-6-0_7.png
Stack2,449Cycles,449,6,0.7,data\Stack2\EIS\449Cycles\Real_Ageing_EIS-6-0_7.xlsx,Sheet6,Cell 15,ok,0.00038946,0.0003316264491421494,0.00010085173615212053,0.0018396079864105841,0.0019404597225627046,1.050759516534987e-05,7.586308251397646e-06,0.0003820523172182096,1.5851064614695018e-05,5.285853214613011e-05,0.0012714372292161565,-0.00042494644600928294,0.0010132220230000537,results\figures\eis_fits\Stack2\Cell_15\0.7Acm2\449Cycles_condition_6_Real_Ageing_EIS-6-0_7.png
Stack2,449Cycles,449,6,0.7,data\Stack2\EIS\449Cycles\Real_Ageing_EIS-6-0_7.xlsx,Sheet7,Cell 20,ok,0.00038422,0.00032400594738155855,0.00014841070852903592,0.0018385016105484085,0.0019869123190774446,1.1080645255868065e-05,7.850223398773746e-06,0.0003982113016460765,2.8155455697889036e-06,7.425874964189857e-05,0.0012674620970378552,-0.0004127736719925879,0.0010076726389495337,results\figures\eis_fits\Stack2\Cell_20\0.7Acm2\449Cycles_condition_6_Real_Ageing_EIS-6-0_7.png
Stack2,449Cycles,449,6,0.7,data\Stack2\EIS\449Cycles\Real_Ageing_EIS-6-0_7.xlsx,Sheet8,Cell 22,ok,0.00032853,0.0002656448848470605,6.0986635847033603e-05,0.0018845678203698966,0.00194555445621693,9.440374042730247e-06,1.2945155840685568e-05,0.00029613820277057734,-1.7039557992989248e-05,3.493120345165787e-05,0.001277883832891007,-0.0004406151483879415,0.0010402118420698562,results\figures\eis_fits\Stack2\Cell_22\0.7Acm2\449Cycles_condition_6_Real_Ageing_EIS-6-0_7.png
Stack2,449Cycles,449,6,0.7,data\Stack2\EIS\449Cycles\Real_Ageing_EIS-6-0_7.xlsx,Sheet9,Cell 24,ok,0.00033357,0.0003377400159384594,3.201958485697808e-05,0.0019165363350270184,0.0019485559198839965,5.2238546839125485e-06,1.088717912838338e-05,0.0003537498083669484,-3.3622287011976534e-05,3.723938288316592e-05,0.0013137660079451422,-0.0004710604212163633,0.0010677901485339882,results\figures\eis_fits\Stack2\Cell_24\0.7Acm2\449Cycles_condition_6_Real_Ageing_EIS-6-0_7.png
Stack2,449Cycles,449,6A,0.3,data\Stack2\EIS\449Cycles\Real_Ageing_EIS-6A-0_3.xlsx,Sheet1,Whole Stack,ok,0.011998,0.001103533796317197,0.004772426589508089,0.0403047144779577,0.04507714106746579,0.000499035970316836,5.91995850749165e-05,0.0034897470910712413,0.0076586361368107215,0.00802176547675909,0.029843071790508994,-0.004811551246767624,0.02071879648260715,results\figures\eis_fits\Stack2\Whole_Stack\0.3Acm2\449Cycles_condition_6A_Real_Ageing_EIS-6A-0_3.png
Stack2,449Cycles,449,6A,0.3,data\Stack2\EIS\449Cycles\Real_Ageing_EIS-6A-0_3.xlsx,Sheet2,Cell 01,ok,0.00033069,0.00022717332768817017,0.00010954916850045436,0.001966354588167714,0.0020759037566681687,1.714881692039679e-05,1.3650705586114383e-05,0.00028194791193839736,-1.9705568404343922e-05,5.821137780471712e-05,0.0013198405320111663,-0.0004342791579912554,0.0010748190446152547,results\figures\eis_fits\Stack2\Cell_01\0.3Acm2\449Cycles_condition_6A_Real_Ageing_EIS-6A-0_3.png
Stack2,449Cycles,449,6A,0.3,data\Stack2\EIS\449Cycles\Real_Ageing_EIS-6A-0_3.xlsx,Sheet3,Cell 03,ok,0.00044957,0.0001504622095007075,0.00014737872040882454,0.0013222577936376433,0.0014696365140464678,1.9759095466840598e-05,2.032398657153972e-05,0.00022415156970511977,0.0001648665074014893,0.00018058540104366394,0.0011099260498592305,-2.141984777281858e-05,0.0006614757955416683,results\figures\eis_fits\Stack2\Cell_03\0.3Acm2\449Cycles_condition_6A_Real_Ageing_EIS-6A-0_3.png
Stack2,449Cycles,449,6A,0.3,data\Stack2\EIS\449Cycles\Real_Ageing_EIS-6A-0_3.xlsx,Sheet4,Cell 05,ok,0.00045935,0.000337226272400106,0.00025458458171269475,0.001415024317205571,0.0016696088989182657,1.8529238504470278e-05,1.4738862285802775e-05,0.0004645185632564534,1.4608744723480014e-05,0.00012812783746654255,0.0011549814584870606,-6.291441796308976e-05,0.0007103039339313893,results\figures\eis_fits\Stack2\Cell_05\0.3Acm2\449Cycles_condition_6A_Real_Ageing_EIS-6A-0_3.png
Stack2,449Cycles,449,6A,0.3,data\Stack2\EIS\449Cycles\Real_Ageing_EIS-6A-0_3.xlsx,Sheet5,Cell 10,ok,0.0003265,0.00020142980658509248,9.882445162412887e-05,0.001966204604748337,0.0020650290563724656,2.4669182681619798e-05,1.128064825421193e-05,0.00025084203239715693,-6.549113534043169e-05,8.204058061643145e-05,0.0013199467879745001,-0.0004132123804306567,0.0010664120255673042,results\figures\eis_fits\Stack2\Cell_10\0.3Acm2\449Cycles_condition_6A_Real_Ageing_EIS-6A-0_3.png
Stack2,449Cycles,449,6A,0.3,data\Stack2\EIS\449Cycles\Real_Ageing_EIS-6A-0_3.xlsx,Sheet6,Cell 15,ok,0.00035381,0.0002573710604056588,0.0001268704171558541,0.0017318507870837498,0.0018587212042396038,1.4639547744150155e-05,1.998866485010798e-05,0.0003208062689835858,-4.4930655402804983e-05,7.773538114816648e-05,0.0012347555575254966,-0.0002462298671612731,0.0009002532614008732,results\figures\eis_fits\Stack2\Cell_15\0.3Acm2\449Cycles_condition_6A_Real_Ageing_EIS-6A-0_3.png
Stack2,449Cycles,449,6A,0.3,data\Stack2\EIS\449Cycles\Real_Ageing_EIS-6A-0_3.xlsx,Sheet7,Cell 20,ok,0.00035965,0.0002677079385899043,8.726987567064386e-05,0.001581167240174747,0.0016684371158453908,2.2275724679551345e-05,2.395832731450665e-05,0.00031134287642522627,8.48086264668388e-06,4.4451466017717876e-05,0.0011763962863814929,-0.0001547892706421511,0.000805594301529241,results\figures\eis_fits\Stack2\Cell_20\0.3Acm2\449Cycles_condition_6A_Real_Ageing_EIS-6A-0_3.png
Stack2,449Cycles,449,6A,0.3,data\Stack2\EIS\449Cycles\Real_Ageing_EIS-6A-0_3.xlsx,Sheet8,Cell 22,ok,0.00040895,0.00021344030653928236,0.0001635542527159429,0.001378519193806583,0.0015420734465225257,1.8228270575617774e-05,2.9794883574272528e-05,0.0002952174328972538,8.198880586597046e-05,8.177712635797145e-05,0.00112649229422463,-2.1199944196463387e-05,0.0006895855491215147,results\figures\eis_fits\Stack2\Cell_22\0.3Acm2\449Cycles_condition_6A_Real_Ageing_EIS-6A-0_3.png
Stack2,449Cycles,449,6A,0.3,data\Stack2\EIS\449Cycles\Real_Ageing_EIS-6A-0_3.xlsx,Sheet9,Cell 24,ok,0.00042835,0.0003332544036828894,0.00015578786175989316,0.0020761441327894333,0.0022319319945493265,2.282111041998323e-05,6.634527012884339e-06,0.000411148334562836,7.169390044074534e-06,7.822317189640145e-05,0.0014302003196228544,-0.00034349132769080637,0.001093425766674533,results\figures\eis_fits\Stack2\Cell_24\0.3Acm2\449Cycles_condition_6A_Real_Ageing_EIS-6A-0_3.png
Stack2,449Cycles,449,6A,0.7,data\Stack2\EIS\449Cycles\Real_Ageing_EIS-6A-0_7.xlsx,Sheet1,Whole Stack,ok,0.0073745,0.001368185898635363,0.0034268870828003417,0.04539888738812558,0.04882577447092592,0.0012668747426077289,0.00024404479720288987,0.003081629440035534,0.0031753903390898917,0.0036081841104842996,0.03036657261360894,-0.013931448454437091,0.02663362536453805,results\figures\eis_fits\Stack2\Whole_Stack\0.7Acm2\449Cycles_condition_6A_Real_Ageing_EIS-6A-0_7.png
Stack2,449Cycles,449,6A,0.7,data\Stack2\EIS\449Cycles\Real_Ageing_EIS-6A-0_7.xlsx,Sheet2,Cell 01,ok,0.00038,0.00032753207369277254,7.903938562029523e-05,0.0016890538570395644,0.0017680932426598595,1.171615017473751e-05,6.80074581689931e-06,0.0003670517665029202,1.8773147726793473e-05,4.3751996473080444e-05,0.0011826594511279282,-0.0004575865024462505,0.00096052649115787,results\figures\eis_fits\Stack2\Cell_01\0.7Acm2\449Cycles_condition_6A_Real_Ageing_EIS-6A-0_7.png
Stack2,449Cycles,449,6A,0.7,data\Stack2\EIS\449Cycles\Real_Ageing_EIS-6A-0_7.xlsx,Sheet3,Cell 03,ok,0.00032765,0.00030482956911375895,2.4686325488283763e-05,0.0017377146914169565,0.0017624010169052403,4.707550164987941e-06,9.830431952762564e-06,0.00031717273185790084,6.888338163840502e-06,1.413516427876923e-05,0.0011967272480876377,-0.00048191669113560885,0.000993557640193399,results\figures\eis_fits\Stack2\Cell_03\0.7Acm2\449Cycles_condition_6A_Real_Ageing_EIS-6A-0_7.png
Stack2,449Cycles,449,6A,0.7,data\Stack2\EIS\449Cycles\Real_Ageing_EIS-6A-0_7.xlsx,Sheet4,Cell 05,ok,0.00039357,0.00033725260673278805,0.00014212844830352488,0.001731594941311091,0.001873723389614616,8.054814748271561e-06,9.902872590370624e-06,0.0004083168308845505,4.59875155288814e-06,7.121286730737029e-05,0.0012094961714613846,-0.0004727010947935684,0.0009864337713260726,results\figures\eis_fits\Stack2\Cell_05\0.7Acm2\449Cycles_condition_6A_Real_Ageing_EIS-6A-0_7.png
Stack2,449Cycles,449,6A,0.7,data\Stack2\EIS\449Cycles\Real_Ageing_EIS-6A-0_7.xlsx,Sheet5,Cell 10,ok,0.00032731,0.00028124875653590803,2.8071346323959185e-05,0.0018206051372116902,0.0018486764835356495,8.1851667174959e-06,7.413364648835914e-06,0.0002952844296978876,-3.103644024444405e-05,3.4062600372796854e-05,0.0012420665409670754,-0.0005299027086905401,0.0010533032075750889,results\figures\eis_fits\Stack2\Cell_10\0.7Acm2\449Cycles_condition_6A_Real_Ageing_EIS-6A-0_7.png
Stack2,449Cycles,449,6A,0.7,data\Stack2\EIS\449Cycles\Real_Ageing_EIS-6A-0_7.xlsx,Sheet6,Cell 15,ok,0.00041989,0.00034314860658748504,0.0001700331163543695,0.0016038363541738716,0.0017738694705282411,7.788816904979221e-06,6.367915404826914e-06,0.0004281651647646698,1.4837891537365423e-05,8.630166968007779e-05,0.0011620226156185487,-0.0003685279786443979,0.0008825449755033224,results\figures\eis_fits\Stack2\Cell_15\0.7Acm2\449Cycles_condition_6A_Real_Ageing_EIS-6A-0_7.png
Stack2,449Cycles,449,6A,0.7,data\Stack2\EIS\449Cycles\Real_Ageing_EIS-6A-0_7.xlsx,Sheet7,Cell 20,ok,0.00038846,0.000328709300090312,0.00017013112181146818,0.0016904439395299667,0.001860575061341435,6.166985605636603e-06,7.187167650135183e-06,0.00041377486099604605,-1.1565956079211917e-06,8.507342338008632e-05,0.0011910979458494512,-0.0004114374292762322,0.0009400430502816522,results\figures\eis_fits\Stack2\Cell_20\0.7Acm2\449Cycles_condition_6A_Real_Ageing_EIS-6A-0_7.png
Stack2,449Cycles,449,6A,0.7,data\Stack2\EIS\449Cycles\Real_Ageing_EIS-6A-0_7.xlsx,Sheet8,Cell 22,ok,0.00037692,0.00032957613673420083,0.00012278229935241215,0.001618242120818779,0.0017410244201711911,7.169553295627336e-06,9.150316037194179e-06,0.00039096728641040693,7.1126296789974115e-06,6.180180223518479e-05,0.0011612641560056279,-0.000361458423776106,0.0008861879498823723,results\figures\eis_fits\Stack2\Cell_22\0.7Acm2\449Cycles_condition_6A_Real_Ageing_EIS-6A-0_7.png
Stack2,449Cycles,449,6A,0.7,data\Stack2\EIS\449Cycles\Real_Ageing_EIS-6A-0_7.xlsx,Sheet9,Cell 24,ok,0.00034349,0.0002652396989183078,7.315320184074058e-05,0.0018433023993811013,0.001916455601221842,3.890719861569763e-06,9.838813859258364e-06,0.0003018162998386781,-2.2792427373111917e-05,4.3096896413159666e-05,0.0012729409338459118,-0.0005201111677265421,0.001058280001079534,results\figures\eis_fits\Stack2\Cell_24\0.7Acm2\449Cycles_condition_6A_Real_Ageing_EIS-6A-0_7.png
Stack2,449Cycles,449,7,0.3,data\Stack2\EIS\449Cycles\Real_Ageing_EIS-7-0_3.xlsx,Sheet1,Whole Stack,ok,0.007737,0.0,0.009094172602461002,0.041910869632461586,0.05100504223492259,0.0010140556975905763,0.0003044731030839705,0.0023979722118636472,-0.002693420464214672,0.005284932130868707,0.02897019755859995,-0.009185585131080466,0.022880236505281676,results\figures\eis_fits\Stack2\Whole_Stack\0.3Acm2\449Cycles_condition_7_Real_Ageing_EIS-7-0_3.png
Stack2,449Cycles,449,7,0.3,data\Stack2\EIS\449Cycles\Real_Ageing_EIS-7-0_3.xlsx,Sheet2,Cell 01,ok,0.0003305,0.00027558494711792786,3.930572280342795e-05,0.0016298065661583476,0.0016691122889617755,5.007073069707689e-06,1.6064933808775653e-05,0.0002952378085196418,2.8699291638299306e-05,3.478339117761716e-05,0.0011568123282279423,-0.000325941741522735,0.0008776704276891693,results\figures\eis_fits\Stack2\Cell_01\0.3Acm2\449Cycles_condition_7_Real_Ageing_EIS-7-0_3.png
Stack2,449Cycles,449,7,0.3,data\Stack2\EIS\449Cycles\Real_Ageing_EIS-7-0_3.xlsx,Sheet3,Cell 03,ok,0.00033743,0.0002740180061252947,0.00010861344936581439,0.0015972306351494632,0.0017058440845152776,1.2866264406814812e-05,1.3405975699469682e-05,0.00032832473080820194,-3.6478231440305945e-05,6.542080490790071e-05,0.0011432950619696134,-0.0003003703058653998,0.00085323428559257,results\figures\eis_fits\Stack2\Cell_03\0.3Acm2\449Cycles_condition_7_Real_Ageing_EIS-7-0_3.png
Stack2,449Cycles,449,7,0.3,data\Stack2\EIS\449Cycles\Real_Ageing_EIS-7-0_3.xlsx,Sheet4,Cell 05,ok,0.00034104,0.0002701222899718209,9.32434699154753e-05,0.0016279340582282433,0.0017211775281437186,1.5473017808571894e-05,1.3417318277455109e-05,0.0003167440249295585,-5.6000765663289477e-05,7.286749567086959e-05,0.0011630708227749005,-0.00031459851344659717,0.0008726480098800879,results\figures\eis_fits\Stack2\Cell_05\0.3Acm2\449Cycles_condition_7_Real_Ageing_EIS-7-0_3.png
Stack2,449Cycles,449,7,0.3,data\Stack2\EIS\449Cycles\Real_Ageing_EIS-7-0_3.xlsx,Sheet5,Cell 10,ok,0.00032833,0.0002667707388187659,5.430712196214936e-05,0.00170553656870677,0.0017598436906689193,8.677059487578046e-06,1.1006699693278092e-05,0.00029392429979984054,-2.484560948997516e-05,3.680516519296286e-05,0.0011925278890396115,-0.00036017232589519204,0.0009257093772560414,results\figures\eis_fits\Stack2\Cell_10\0.3Acm2\449Cycles_condition_7_Real_Ageing_EIS-7-0_3.png
Stack2,449Cycles,449,7,0.3,data\Stack2\EIS\449Cycles\Real_Ageing_EIS-7-0_3.xlsx,Sheet6,Cell 15,ok,0.00036143,0.00030006077731518503,0.00010158832687058884,0.0015911000816165595,0.0016926884084871483,1.6068084586402335e-05,1.3857059062508568e-05,0.00035085494075047947,-9.87112324804067e-06,5.174443074640409e-05,0.001161786084507395,-0.0002669072558241421,0.0008391301154419555,results\figures\eis_fits\Stack2\Cell_15\0.3Acm2\449Cycles_condition_7_Real_Ageing_EIS-7-0_3.png
Stack2,449Cycles,449,7,0.3,data\Stack2\EIS\449Cycles\Real_Ageing_EIS-7-0_3.xlsx,Sheet7,Cell 20,ok,0.00046407,0.00032307105795283326,0.0003686530811752605,0.0015282535970214796,0.0018969066781967402,2.034172980346157e-05,2.9469067096029365e-06,0.0005073975985404635,-3.3242579509609074e-05,0.00018730014056977102,0.0011554087771656937,-0.00021108882952063212,0.000792747285173947,results\figures\eis_fits\Stack2\Cell_20\0.3Acm2\449Cycles_condition_7_Real_Ageing_EIS-7-0_3.png
Stack2,449Cycles,449,7,0.3,data\Stack2\EIS\449Cycles\Real_Ageing_EIS-7-0_3.xlsx,Sheet8,Cell 22,ok,0.000346,0.00016802234077712913,0.0001684821952110649,0.0016660867424663813,0.0018345689376774463,1.5193304294026124e-05,1.1753467380112181e-05,0.00025226343838266157,2.0582131085241193e-05,8.671900971410419e-05,0.0011844814584266174,-0.00029738870057548873,0.0008845345089851142,results\figures\eis_fits\Stack2\Cell_22\0.3Acm2\449Cycles_condition_7_Real_Ageing_EIS-7-0_3.png
Stack2,449Cycles,449,7,0.3,data\Stack2\EIS\449Cycles\Real_Ageing_EIS-7-0_3.xlsx,Sheet9,Cell 24,ok,0.00039682,0.0002071002778089468,0.00014859581837496877,0.0015058669757138828,0.0016544627940888515,2.086809512762232e-05,2.426438496084619e-05,0.0002813981869964312,4.655535640110334e-05,8.76788487565013e-05,0.0011743684966291535,-0.00011000248725920484,0.0007609266616038831,results\figures\eis_fits\Stack2\Cell_24\0.3Acm2\449Cycles_condition_7_Real_Ageing_EIS-7-0_3.png
Stack2,449Cycles,449,7,0.7,data\Stack2\EIS\449Cycles\Real_Ageing_EIS-7-0_7.xlsx,Sheet1,Whole Stack,ok,0.012455,0.0,0.015033905957363576,0.028464892777010413,0.04349879873437399,0.0004089018470282373,0.0007675062208300633,0.004859018822605707,0.007923093630319586,0.007516952978681788,0.024596997872817015,-0.004023638319726085,0.014790273680011571,results\figures\eis_fits\Stack2\Whole_Stack\0.7Acm2\449Cycles_condition_7_Real_Ageing_EIS-7-0_7.png
Stack2,449Cycles,449,7,0.7,data\Stack2\EIS\449Cycles\Real_Ageing_EIS-7-0_7.xlsx,Sheet2,Cell 01,ok,0.0010762,0.0003272819292623291,0.0013732153578699506,0.000721174728938387,0.0020943900868083377,7.86249326202851e-06,9.448825453081291e-06,0.0010138896081973044,-0.00037785723967255713,0.0007837130841994654,0.001215898536952009,4.642713356077162e-05,0.0003635639230527538,results\figures\eis_fits\Stack2\Cell_01\0.7Acm2\449Cycles_condition_7_Real_Ageing_EIS-7-0_7.png
Stack2,449Cycles,449,7,0.7,data\Stack2\EIS\449Cycles\Real_Ageing_EIS-7-0_7.xlsx,Sheet3,Cell 03,ok,0.00089974,0.000328801794262877,0.0012745572629274955,0.0008233358897868038,0.0020978931527142995,9.304124274928074e-06,2.2618717016497587e-05,0.0009660804257266248,-0.00032357832229814465,0.0007147216134842917,0.0011305406121960475,5.03000852042386e-06,0.0004116986735932878,results\figures\eis_fits\Stack2\Cell_03\0.7Acm2\449Cycles_condition_7_Real_Ageing_EIS-7-0_7.png
Stack2,449Cycles,449,7,0.7,data\Stack2\EIS\449Cycles\Real_Ageing_EIS-7-0_7.xlsx,Sheet4,Cell 05,ok,0.00090639,0.00034047095643929,0.0012606332275308914,0.000830200967079051,0.0020908341946099425,8.303015148232652e-06,2.2907365365544347e-05,0.0009707875702047357,-0.0003094196788072455,0.000702167765724059,0.0011408000219017922,5.8303218096888425e-06,0.00041514142660923687,results\figures\eis_fits\Stack2\Cell_05\0.7Acm2\449Cycles_condition_7_Real_Ageing_EIS-7-0_7.png
Stack2,449Cycles,449,7,0.7,data\Stack2\EIS\449Cycles\Real_Ageing_EIS-7-0_7.xlsx,Sheet5,Cell 10,ok,0.00032833,0.00028531809479620513,3.0503694460039234e-05,0.001469500796352118,0.0015000044908121573,7.77773895365655e-06,6.490703522934341e-06,0.00030056994202622476,-2.2917602417164283e-05,2.7528809354548396e-05,0.001066627332374455,-0.00042858544636028114,0.0008506136799109915,results\figures\eis_fits\Stack2\Cell_10\0.7Acm2\449Cycles_condition_7_Real_Ageing_EIS-7-0_7.png
Stack2,449Cycles,449,7,0.7,data\Stack2\EIS\449Cycles\Real_Ageing_EIS-7-0_7.xlsx,Sheet6,Cell 15,ok,0.00040049,0.00033995367303672,0.00018743830066807657,0.001427866054514223,0.0016153043551822997,9.449687585322916e-06,7.83104156370965e-06,0.00043367282337075826,-1.485323104181758e-06,9.37309197866845e-05,0.001054544508802275,-0.0003949216946382425,0.0008158820455828434,results\figures\eis_fits\Stack2\Cell_15\0.7Acm2\449Cycles_condition_7_Real_Ageing_EIS-7-0_7.png
Stack2,449Cycles,449,7,0.7,data\Stack2\EIS\449Cycles\Real_Ageing_EIS-7-0_7.xlsx,Sheet7,Cell 20,ok,0.00037255,0.0003286327751097014,0.00016864199070904873,0.0014525313700606043,0.001621173360769653,6.55139272297651e-06,7.596113424877507e-06,0.00041295377046422576,-9.711880315325594e-06,8.487844765802994e-05,0.0010583100515809082,-0.00040586460036895857,0.0008319783164753685,results\figures\eis_fits\Stack2\Cell_20\0.7Acm2\449Cycles_condition_7_Real_Ageing_EIS-7-0_7.png
Stack2,449Cycles,449,7,0.7,data\Stack2\EIS\449Cycles\Real_Ageing_EIS-7-0_7.xlsx,Sheet8,Cell 22,ok,0.000355,0.0003200173342097574,9.339241255565148e-05,0.0014559285121636485,0.0015493209247193,8.053046482325054e-06,1.2115264664510622e-05,0.00036671354048758314,-1.6383041707314403e-05,4.9486763243567015e-05,0.0010642186337324344,-0.00039416213457365244,0.0008278259155549686,results\figures\eis_fits\Stack2\Cell_22\0.7Acm2\449Cycles_condition_7_Real_Ageing_EIS-7-0_7.png
Stack2,449Cycles,449,7,0.7,data\Stack2\EIS\449Cycles\Real_Ageing_EIS-7-0_7.xlsx,Sheet9,Cell 24,ok,0.00077328,0.0003507172118291489,0.0012995866687072783,0.001994817470597076,0.0032944041393043544,9.586395334555512e-06,1.0056564206209364e-05,0.001000510546182788,-0.0003321667871825923,0.000729771301078376,0.0011248573268433156,-0.0009779583688109834,0.0013968631845593428,results\figures\eis_fits\Stack2\Cell_24\0.7Acm2\449Cycles_condition_7_Real_Ageing_EIS-7-0_7.png
Stack2,449Cycles,449,8,0.3,data\Stack2\EIS\449Cycles\Real_Ageing_EIS-8-0_3.xlsx,Sheet1,Whole Stack,ok,0.011904,0.0008233696404551065,0.004871516451913725,0.03820416359258691,0.04307568004450064,0.00041909784346942267,4.699159098939335e-05,0.003259127866411969,0.008153322462220957,0.008509382193101525,0.028587456450111525,-0.00484838798277975,0.019707774988157564,results\figures\eis_fits\Stack2\Whole_Stack\0.3Acm2\449Cycles_condition_8_Real_Ageing_EIS-8-0_3.png
Stack2,449Cycles,449,8,0.3,data\Stack2\EIS\449Cycles\Real_Ageing_EIS-8-0_3.xlsx,Sheet2,Cell 01,ok,0.00034262,0.0002682334454377089,6.803762216283424e-05,0.0016636421356276015,0.0017316797577904357,1.3265236467749464e-05,1.6121180866895354e-05,0.000302252256519126,1.4759362016557613e-05,3.7082587214607236e-05,0.0011817100433951446,-0.00030179212402129356,0.0008848755703375337,results\figures\eis_fits\Stack2\Cell_01\0.3Acm2\449Cycles_condition_8_Real_Ageing_EIS-8-0_3.png
Stack2,449Cycles,449,8,0.3,data\Stack2\EIS\449Cycles\Real_Ageing_EIS-8-0_3.xlsx,Sheet3,Cell 03,ok,0.00036937,0.00023367392340778334,6.9792142929643e-05,0.0015766819373808389,0.001646474080310482,1.3303419255540795e-05,1.2079131954595695e-05,0.00026856999487260484,7.430096090480167e-05,8.208756662890425e-05,0.001153723752348806,-0.00022765406067716285,0.0008205533829426031,results\figures\eis_fits\Stack2\Cell_03\0.3Acm2\449Cycles_condition_8_Real_Ageing_EIS-8-0_3.png
Stack2,449Cycles,449,8,0.3,data\Stack2\EIS\449Cycles\Real_Ageing_EIS-8-0_3.xlsx,Sheet4,Cell 05,ok,0.00034417,0.00027414227497084644,6.034042102831714e-05,0.0016928558874944688,0.001753196308522786,9.561527244585204e-06,1.3607085288893835e-05,0.000304312485485005,1.4263118980080358e-05,3.33718169344819e-05,0.001198687354532843,-0.000300942192314407,0.0008983353867410395,results\figures\eis_fits\Stack2\Cell_05\0.3Acm2\449Cycles_condition_8_Real_Ageing_EIS-8-0_3.png
Stack2,449Cycles,449,8,0.3,data\Stack2\EIS\449Cycles\Real_Ageing_EIS-8-0_3.xlsx,Sheet5,Cell 10,ok,0.00034415,0.0002182670728293367,0.00011741958200297027,0.001655112926928474,0.0017725325089314441,1.3589419988916235e-05,1.4881489857338737e-05,0.00027697686383082183,7.823227829907409e-06,5.922872996373215e-05,0.0011830475948558863,-0.00026981885516964155,0.0008704320276888317,results\figures\eis_fits\Stack2\Cell_10\0.3Acm2\449Cycles_condition_8_Real_Ageing_EIS-8-0_3.png
Stack2,449Cycles,449,8,0.3,data\Stack2\EIS\449Cycles\Real_Ageing_EIS-8-0_3.xlsx,Sheet6,Cell 15,ok,0.0003456,0.0002559046937106885,7.510259806223236e-05,0.0017300686690524469,0.0018051712671146793,1.4001998231658219e-05,1.4376014597281011e-05,0.0002934559927418047,2.336112242685565e-05,4.4224903617383334e-05,0.0012180497838424021,-0.0003031414768439023,0.0009166128707869688,results\figures\eis_fits\Stack2\Cell_15\0.3Acm2\449Cycles_condition_8_Real_Ageing_EIS-8-0_3.png
Stack2,449Cycles,449,8,0.3,data\Stack2\EIS\449Cycles\Real_Ageing_EIS-8-0_3.xlsx,Sheet7,Cell 20,ok,0.0004069,0.0003114204645708022,0.00021209496991846436,0.0016970181916648817,0.0019091131615833461,1.9031499811753025e-05,5.1251194937784205e-06,0.0004174679495300344,-8.963618469771817e-06,0.00010642563376485108,0.0012181805103308808,-0.00026772887206839504,0.0008897451515177822,results\figures\eis_fits\Stack2\Cell_20\0.3Acm2\449Cycles_condition_8_Real_Ageing_EIS-8-0_3.png
Stack2,449Cycles,449,8,0.3,data\Stack2\EIS\449Cycles\Real_Ageing_EIS-8-0_3.xlsx,Sheet8,Cell 22,ok,0.00034238,0.00022655081293721841,0.00011444889762077811,0.0016353933321367657,0.0017498422297575439,1.7591712770010225e-05,1.809107447609256e-05,0.0002837752617476075,1.070561842266143e-06,5.723446203390885e-05,0.0011788969268571165,-0.00022379845557015407,0.0008477697720578003,results\figures\eis_fits\Stack2\Cell_22\0.3Acm2\449Cycles_condition_8_Real_Ageing_EIS-8-0_3.png
Stack2,449Cycles,449,8,0.3,data\Stack2\EIS\449Cycles\Real_Ageing_EIS-8-0_3.xlsx,Sheet9,Cell 24,ok,0.00042795,0.00033638666110121087,0.0001783812016967847,0.0019214468934554635,0.0020998280951522483,1.9364934498030973e-05,4.860162697953191e-06,0.00042557726194960324,-3.747998437492489e-08,8.919060872337668e-05,0.0013519375501296598,-0.00030574438443319133,0.001008200957004527,results\figures\eis_fits\Stack2\Cell_24\0.3Acm2\449Cycles_condition_8_Real_Ageing_EIS-8-0_3.png
Stack2,449Cycles,449,8,0.7,data\Stack2\EIS\449Cycles\Real_Ageing_EIS-8-0_7.xlsx,Sheet1,Whole Stack,ok,0.0068441,0.0,0.015732497452005317,0.03918976222142906,0.05492225967343438,0.0002740216470611719,0.00028578406715289503,-0.0005683389672462562,-0.01066801515321965,0.013254599817748649,0.027111092808625108,-0.012037023105436175,0.022996723483658305,results\figures\eis_fits\Stack2\Whole_Stack\0.7Acm2\449Cycles_condition_8_Real_Ageing_EIS-8-0_7.png
Stack2,449Cycles,449,8,0.7,data\Stack2\EIS\449Cycles\Real_Ageing_EIS-8-0_7.xlsx,Sheet2,Cell 01,ok,0.00039839,0.0003294009482851517,0.00017038968123031287,0.0014796329142704736,0.0016500225955007864,8.459427038057193e-06,7.889790512733288e-06,0.00041459578890030817,7.1497107200300505e-06,8.549432279878016e-05,0.0010823842308789902,-0.00035794315954666944,0.0008218586835426065,results\figures\eis_fits\Stack2\Cell_01\0.7Acm2\449Cycles_condition_8_Real_Ageing_EIS-8-0_7.png
Stack2,449Cycles,449,8,0.7,data\Stack2\EIS\449Cycles\Real_Ageing_EIS-8-0_7.xlsx,Sheet3,Cell 03,ok,0.00032346,0.00028623142974413765,3.725577166448813e-05,0.00146612862655135,0.001503384398215838,6.2524890485242405e-06,1.485153518145069e-05,0.0003048593155763817,-1.288078551324137e-05,2.264757748672577e-05,0.0010587388861288867,-0.00038579664220584123,0.0008283853792382135,results\figures\eis_fits\Stack2\Cell_03\0.7Acm2\449Cycles_condition_8_Real_Ageing_EIS-8-0_7.png
Stack2,449Cycles,449,8,0.7,data\Stack2\EIS\449Cycles\Real_Ageing_EIS-8-0_7.xlsx,Sheet4,Cell 05,ok,0.00042659,0.00033182775145314855,0.00030952414189673816,0.0015122820085719374,0.0018218061504686755,6.112772632589979e-06,1.5325890924198676e-05,0.00048658982240151765,-3.018794449409731e-05,0.00015767882101603477,0.0010902284825157968,-0.0004210845819773169,0.0008654833583273598,results\figures\eis_fits\Stack2\Cell_05\0.7Acm2\449Cycles_condition_8_Real_Ageing_EIS-8-0_7.png
Stack2,449Cycles,449,8,0.7,data\Stack2\EIS\449Cycles\Real_Ageing_EIS-8-0_7.xlsx,Sheet5,Cell 10,ok,0.00032528,0.0002760752127680116,3.984476576064591e-05,0.0015721436845463654,0.0016119884503070113,1.3927881052949551e-05,1.0346283017152474e-05,0.0002959975956483346,-2.4326037252802873e-05,3.1442923338247964e-05,0.0011127645438227243,-0.0004561833799606912,0.0009088521427422151,results\figures\eis_fits\Stack2\Cell_10\0.7Acm2\449Cycles_condition_8_Real_Ageing_EIS-8-0_7.png
Stack2,449Cycles,449,8,0.7,data\Stack2\EIS\449Cycles\Real_Ageing_EIS-8-0_7.xlsx,Sheet6,Cell 15,ok,0.00040289,0.0003368178818689943,0.00017926452036666702,0.0013924326157401677,0.0015716971361068347,6.173012972033323e-06,2.4760450185110344e-05,0.0004264501420523278,7.230894599137873e-06,8.992345579589696e-05,0.0010698169941745145,-0.0002758101214221153,0.0007488580442401172,results\figures\eis_fits\Stack2\Cell_15\0.7Acm2\449Cycles_condition_8_Real_Ageing_EIS-8-0_7.png
Stack2,449Cycles,449,8,0.7,data\Stack2\EIS\449Cycles\Real_Ageing_EIS-8-0_7.xlsx,Sheet7,Cell 20,ok,0.00038378,0.00032540055466140296,0.00015014893143586064,0.0014739628523197333,0.001624111783755594,7.765023726720825e-06,9.979524821298649e-06,0.0004004750203793333,3.0095421579986947e-06,7.513476390349187e-05,0.0010767304561733577,-0.0003548053530088096,0.0008179416000108669,results\figures\eis_fits\Stack2\Cell_20\0.7Acm2\449Cycles_condition_8_Real_Ageing_EIS-8-0_7.png
Stack2,449Cycles,449,8,0.7,data\Stack2\EIS\449Cycles\Real_Ageing_EIS-8-0_7.xlsx,Sheet8,Cell 22,ok,0.00032247,0.0002651165213126231,4.789002708224993e-05,0.0014880455400521557,0.0015359355671344056,1.1844325451359166e-05,9.900469095713518e-06,0.00028906153485374806,-3.192611605079406e-05,3.9907900966768825e-05,0.0010719183952037162,-0.0003835450882992663,0.0008370643446448845,results\figures\eis_fits\Stack2\Cell_22\0.7Acm2\449Cycles_condition_8_Real_Ageing_EIS-8-0_7.png
Stack2,449Cycles,449,8,0.7,data\Stack2\EIS\449Cycles\Real_Ageing_EIS-8-0_7.xlsx,Sheet9,Cell 24,ok,0.00035204,0.00027471371502512645,7.401850944732113e-05,0.0015650042305152736,0.0016390227399625946,1.181994603921621e-05,1.5594184420180363e-05,0.00031172296974878703,-2.1273753865706894e-05,4.268790857771637e-05,0.0011326918746156402,-0.00042690736341212843,0.0008913806467038485,results\figures\eis_fits\Stack2\Cell_24\0.7Acm2\449Cycles_condition_8_Real_Ageing_EIS-8-0_7.png
Stack2,60Cycles,60,1,0.3,data\Stack2\EIS\60Cycles\Real_Ageing_EIS-1-0_3.xlsx,Sheet1,Whole Stack,ok,0.011717,0.002742670773802079,0.002590888366390025,0.03407582653729263,0.03666671490368265,0.00047711867750676603,4.164712064277669e-05,0.004038114956997092,0.0072976776537509915,0.007411765968366134,0.026703761633211514,-0.0038748068925958767,0.01747296817958594,results\figures\eis_fits\Stack2\Whole_Stack\0.3Acm2\60Cycles_condition_1_Real_Ageing_EIS-1-0_3.png
Stack2,60Cycles,60,1,0.3,data\Stack2\EIS\60Cycles\Real_Ageing_EIS-1-0_3.xlsx,Sheet2,Cell 01,ok,0.00040178,0.0002985118236991077,0.0002106141306935834,0.0013900813329293224,0.0016006954636229058,1.880392464200038e-05,7.493228701781945e-06,0.00040381888904589936,-1.6825007679670358e-05,0.00010664266920597225,0.001070497632785351,-0.00019055196750998794,0.0007206882685055778,results\figures\eis_fits\Stack2\Cell_01\0.3Acm2\60Cycles_condition_1_Real_Ageing_EIS-1-0_3.png
Stack2,60Cycles,60,1,0.3,data\Stack2\EIS\60Cycles\Real_Ageing_EIS-1-0_3.xlsx,Sheet3,Cell 03,ok,0.00034369,0.00024888176328882424,9.329558156042469e-05,0.0014134626484245021,0.001506758229984927,1.927507215143459e-05,2.0137043320685347e-05,0.0002955295540690366,1.0477350597367327e-05,4.780994938519196e-05,0.0010694302771881287,-0.00018411152109295008,0.0007303192567788157,results\figures\eis_fits\Stack2\Cell_03\0.3Acm2\60Cycles_condition_1_Real_Ageing_EIS-1-0_3.png
Stack2,60Cycles,60,1,0.3,data\Stack2\EIS\60Cycles\Real_Ageing_EIS-1-0_3.xlsx,Sheet4,Cell 05,ok,0.00032473,0.00020466665687488619,0.00012161330538407994,0.0015630667429706356,0.0016846800483547157,1.9698298799508834e-05,1.303120468669827e-05,0.00026547330956692614,-1.5835218876452858e-05,6.283472899977799e-05,0.0011199176013842933,-0.0003009156603192746,0.0008374632203091625,results\figures\eis_fits\Stack2\Cell_05\0.3Acm2\60Cycles_condition_1_Real_Ageing_EIS-1-0_3.png
Stack2,60Cycles,60,1,0.3,data\Stack2\EIS\60Cycles\Real_Ageing_EIS-1-0_3.xlsx,Sheet5,Cell 10,ok,0.00031548,3.3985439137379964e-05,0.000259853603950506,0.0016121946343645368,0.0018720482383150427,1.9862640367136868e-05,1.3424972120414471e-05,0.00016391224111263295,-6.929460848325665e-05,0.0001472505233823107,0.001142362673648011,-0.0003226018395880404,0.0008682538981623051,results\figures\eis_fits\Stack2\Cell_10\0.3Acm2\60Cycles_condition_1_Real_Ageing_EIS-1-0_3.png
Stack2,60Cycles,60,1,0.3,data\Stack2\EIS\60Cycles\Real_Ageing_EIS-1-0_3.xlsx,Sheet6,Cell 15,ok,0.00033464,0.00023714937909858496,9.464577484783334e-05,0.001562990477449787,0.0016576362522976204,1.1316777967982581e-05,1.4310219287418754e-05,0.00028447226652250163,1.4116145510403278e-06,4.734393656823859e-05,0.0011299508555925504,-0.00028049860699999677,0.0008303097474308108,results\figures\eis_fits\Stack2\Cell_15\0.3Acm2\60Cycles_condition_1_Real_Ageing_EIS-1-0_3.png
Stack2,60Cycles,60,1,0.3,data\Stack2\EIS\60Cycles\Real_Ageing_EIS-1-0_3.xlsx,Sheet7,Cell 20,ok,0.00036653,0.00022602894166606706,0.00011414871700412962,0.001455841031867467,0.0015699897488715966,2.1939459163120423e-05,2.170448061441409e-05,0.0002831033001681319,2.669710748722212e-05,6.3009665501465e-05,0.0011048818176284027,-0.00017897414779595057,0.0007495999086823047,results\figures\eis_fits\Stack2\Cell_20\0.3Acm2\60Cycles_condition_1_Real_Ageing_EIS-1-0_3.png
Stack2,60Cycles,60,1,0.3,data\Stack2\EIS\60Cycles\Real_Ageing_EIS-1-0_3.xlsx,Sheet8,Cell 22,ok,0.00032272,0.00023475584634206534,8.652094042430241e-05,0.0016554680012651507,0.001741988941689453,1.0107421791257627e-05,1.1774021229235324e-05,0.00027801631655421656,-1.656869982221505e-05,4.632483239878036e-05,0.0011629797239775975,-0.00032777400201467523,0.0008902692694909358,results\figures\eis_fits\Stack2\Cell_22\0.3Acm2\60Cycles_condition_1_Real_Ageing_EIS-1-0_3.png
Stack2,60Cycles,60,1,0.3,data\Stack2\EIS\60Cycles\Real_Ageing_EIS-1-0_3.xlsx,Sheet9,Cell 24,ok,0.00048281,0.00033359892202656247,0.00024803210555135273,0.0012318912416478423,0.001479923347199195,2.9090602398764495e-05,3.375362080073161e-05,0.00045761497480223883,7.478293013250643e-06,0.0001242413224835094,0.0011184708743687685,1.4281947750958077e-05,0.00061611117652882,results\figures\eis_fits\Stack2\Cell_24\0.3Acm2\60Cycles_condition_1_Real_Ageing_EIS-1-0_3.png
Stack2,60Cycles,60,1,0.7,data\Stack2\EIS\60Cycles\Real_Ageing_EIS-1-0_7.xlsx,Sheet1,Whole Stack,ok,0.0073025,0.0,0.01770758384438128,0.038092306384203654,0.055799890228584934,0.0003302591861055691,0.0004766386587271204,-0.0009223826660241773,-0.012606324349200601,0.015404838363277175,0.02647078920269577,-0.012480028752587392,0.022770750296870295,results\figures\eis_fits\Stack2\Whole_Stack\0.7Acm2\60Cycles_condition_1_Real_Ageing_EIS-1-0_7.png
Stack2,60Cycles,60,1,0.7,data\Stack2\EIS\60Cycles\Real_Ageing_EIS-1-0_7.xlsx,Sheet2,Cell 01,ok,0.00082798,0.00032231055424762503,0.0011583999587010938,0.0015924020212999056,0.0027508019800009994,1.0677218553566696e-05,1.7732058879224293e-05,0.000901510533598172,-0.0002575880956734977,0.0006338960822661495,0.0011042935975684447,0.0011625346857947185,0.0007962010106499528,results\figures\eis_fits\Stack2\Cell_01\0.7Acm2\60Cycles_condition_1_Real_Ageing_EIS-1-0_7.png
Stack2,60Cycles,60,1,0.7,data\Stack2\EIS\60Cycles\Real_Ageing_EIS-1-0_7.xlsx,Sheet3,Cell 03,ok,0.00082092,0.000319700213688539,0.0012586672997268525,0.0015428724524532878,0.0028015397521801402,7.285986210517618e-06,1.8503081178931143e-05,0.0009490338635519652,-0.0003114381233441905,0.0007021784299752968,0.0011110238128724706,0.0011262401523725839,0.0007714362262266439,results\figures\eis_fits\Stack2\Cell_03\0.7Acm2\60Cycles_condition_1_Real_Ageing_EIS-1-0_7.png
Stack2,60Cycles,60,1,0.7,data\Stack2\EIS\60Cycles\Real_Ageing_EIS-1-0_7.xlsx,Sheet4,Cell 05,ok,0.00082711,0.0003308964402200142,0.001099885019228864,0.00152130505251602,0.002621190071744884,1.1565462503006796e-05,1.9830107564013755e-05,0.0008808389498344462,-0.00022597079018627674,0.0005945582914218167,0.0011182613966318519,0.0011187443887155765,0.00076065252625801,results\figures\eis_fits\Stack2\Cell_05\0.7Acm2\60Cycles_condition_1_Real_Ageing_EIS-1-0_7.png
Stack2,60Cycles,60,1,0.7,data\Stack2\EIS\60Cycles\Real_Ageing_EIS-1-0_7.xlsx,Sheet5,Cell 10,ok,0.00082996,0.0003186311954036018,0.0011733777171995476,0.001448094624066799,0.0026214723412663465,1.7173843554654988e-05,2.3368275504524654e-05,0.0009053200540033756,-0.00029170844129260695,0.0006552080826168643,0.0011091828835944736,0.0010896741779004419,0.0007240473120333995,results\figures\eis_fits\Stack2\Cell_10\0.7Acm2\60Cycles_condition_1_Real_Ageing_EIS-1-0_7.png
Stack2,60Cycles,60,1,0.7,data\Stack2\EIS\60Cycles\Real_Ageing_EIS-1-0_7.xlsx,Sheet6,Cell 15,ok,0.00043206,0.0003376776722097594,0.00017683162511913144,0.001508311513722969,0.0016851431388421004,1.1510028882366866e-05,2.8444340579242465e-05,0.00042609348476932516,1.9526645531641544e-05,9.054637373349987e-05,0.0010765671641307425,-0.0004608248874905444,0.000883804549964522,results\figures\eis_fits\Stack2\Cell_15\0.7Acm2\60Cycles_condition_1_Real_Ageing_EIS-1-0_7.png
Stack2,60Cycles,60,1,0.7,data\Stack2\EIS\60Cycles\Real_Ageing_EIS-1-0_7.xlsx,Sheet7,Cell 20,ok,0.00083292,0.0003320684581211671,0.0010822360656209278,0.0014167226150291693,0.002498958680650097,1.3132415605835778e-05,2.556560257128972e-05,0.000873186490931631,-0.00020381270962300607,0.0005782286278251346,0.0011535043116799387,0.0010742152199905354,0.0007083613075145847,results\figures\eis_fits\Stack2\Cell_20\0.7Acm2\60Cycles_condition_1_Real_Ageing_EIS-1-0_7.png
Stack2,60Cycles,60,1,0.7,data\Stack2\EIS\60Cycles\Real_Ageing_EIS-1-0_7.xlsx,Sheet8,Cell 22,ok,0.00082646,0.00032263666323839124,0.001288357952028036,0.0013559332934694529,0.0026442912454974887,9.581031899492757e-06,2.628354406572135e-05,0.0009668156392524092,-0.00031426556114818563,0.0007167491863003772,0.00112197464597079,0.001048272329892255,0.0006779666467347264,results\figures\eis_fits\Stack2\Cell_22\0.7Acm2\60Cycles_condition_1_Real_Ageing_EIS-1-0_7.png
Stack2,60Cycles,60,1,0.7,data\Stack2\EIS\60Cycles\Real_Ageing_EIS-1-0_7.xlsx,Sheet9,Cell 24,ok,0.00086213,0.00034778994147407214,0.001389201923402074,0.0015344108801915756,0.00292361280359365,8.159085242225307e-06,2.5942096612448053e-05,0.0010423909031751092,-0.000340128177690657,0.0007734065381512963,0.0011491533003273869,0.001171562197853184,0.0007672054400957878,results\figures\eis_fits\Stack2\Cell_24\0.7Acm2\60Cycles_condition_1_Real_Ageing_EIS-1-0_7.png
